run_idx,task_id,method,model,elapsed_sec,syntax_valid,pair_pass,pair_violation,error_types,violations,details,prompt_path,generation_path
1,simplug-T001,B0_direct,qwen2.5:7b,5.81,True,False,True,missing API call,missing sp.plugins_context,"{""plugins_context_args"": [], ""disable_args"": [], ""get_plugin_assigns"": {}, ""get_plugin_bad_arg_vars"": [], ""wrapper_disable_vars"": [], ""hook_receivers"": [""sp""]}",/Users/zt25/coding/从 API 知识注入到源码图推理合成：PairCoder/Ollama问题存在性实验/result/simplug_7b_5model_comparison/prompts/qwen2.5_7b__simplug-T001__B0_direct.txt,/Users/zt25/coding/从 API 知识注入到源码图推理合成：PairCoder/Ollama问题存在性实验/result/simplug_7b_5model_comparison/generations/qwen2.5_7b__simplug-T001__B0_direct_run1.py
1,simplug-T001,B1_api_list,qwen2.5:7b,2.29,True,False,True,missing API call,missing sp.plugins_context,"{""plugins_context_args"": [], ""disable_args"": [], ""get_plugin_assigns"": {}, ""get_plugin_bad_arg_vars"": [], ""wrapper_disable_vars"": [], ""hook_receivers"": [""sp""]}",/Users/zt25/coding/从 API 知识注入到源码图推理合成：PairCoder/Ollama问题存在性实验/result/simplug_7b_5model_comparison/prompts/qwen2.5_7b__simplug-T001__B1_api_list.txt,/Users/zt25/coding/从 API 知识注入到源码图推理合成：PairCoder/Ollama问题存在性实验/result/simplug_7b_5model_comparison/generations/qwen2.5_7b__simplug-T001__B1_api_list_run1.py
1,simplug-T001,B2_raw_api_docs,qwen2.5:7b,2.59,True,False,True,wrong parameter semantics,plugins_context receives plugin object variable instead of name string; plugins_context should receive plugin name strings ['beta'],"{""plugins_context_args"": [""[beta]""], ""disable_args"": [], ""get_plugin_assigns"": {}, ""get_plugin_bad_arg_vars"": [], ""wrapper_disable_vars"": [], ""hook_receivers"": [""sp""]}",/Users/zt25/coding/从 API 知识注入到源码图推理合成：PairCoder/Ollama问题存在性实验/result/simplug_7b_5model_comparison/prompts/qwen2.5_7b__simplug-T001__B2_raw_api_docs.txt,/Users/zt25/coding/从 API 知识注入到源码图推理合成：PairCoder/Ollama问题存在性实验/result/simplug_7b_5model_comparison/generations/qwen2.5_7b__simplug-T001__B2_raw_api_docs_run1.py
1,simplug-T001,B3_oracle_api_sequence,qwen2.5:7b,1.93,True,False,True,missing API call,missing sp.plugins_context,"{""plugins_context_args"": [], ""disable_args"": [], ""get_plugin_assigns"": {}, ""get_plugin_bad_arg_vars"": [], ""wrapper_disable_vars"": [], ""hook_receivers"": [""sp""]}",/Users/zt25/coding/从 API 知识注入到源码图推理合成：PairCoder/Ollama问题存在性实验/result/simplug_7b_5model_comparison/prompts/qwen2.5_7b__simplug-T001__B3_oracle_api_sequence.txt,/Users/zt25/coding/从 API 知识注入到源码图推理合成：PairCoder/Ollama问题存在性实验/result/simplug_7b_5model_comparison/generations/qwen2.5_7b__simplug-T001__B3_oracle_api_sequence_run1.py
1,simplug-T001,B4_gold_pair_rule,qwen2.5:7b,2.73,True,True,False,,,"{""plugins_context_args"": [""['beta']""], ""disable_args"": [], ""get_plugin_assigns"": {}, ""get_plugin_bad_arg_vars"": [], ""wrapper_disable_vars"": [], ""hook_receivers"": [""sp""]}",/Users/zt25/coding/从 API 知识注入到源码图推理合成：PairCoder/Ollama问题存在性实验/result/simplug_7b_5model_comparison/prompts/qwen2.5_7b__simplug-T001__B4_gold_pair_rule.txt,/Users/zt25/coding/从 API 知识注入到源码图推理合成：PairCoder/Ollama问题存在性实验/result/simplug_7b_5model_comparison/generations/qwen2.5_7b__simplug-T001__B4_gold_pair_rule_run1.py
1,simplug-T002,B0_direct,qwen2.5:7b,2.10,True,False,True,missing API call,missing sp.plugins_context,"{""plugins_context_args"": [], ""disable_args"": [], ""get_plugin_assigns"": {}, ""get_plugin_bad_arg_vars"": [], ""wrapper_disable_vars"": [], ""hook_receivers"": [""sp""]}",/Users/zt25/coding/从 API 知识注入到源码图推理合成：PairCoder/Ollama问题存在性实验/result/simplug_7b_5model_comparison/prompts/qwen2.5_7b__simplug-T002__B0_direct.txt,/Users/zt25/coding/从 API 知识注入到源码图推理合成：PairCoder/Ollama问题存在性实验/result/simplug_7b_5model_comparison/generations/qwen2.5_7b__simplug-T002__B0_direct_run1.py
1,simplug-T002,B1_api_list,qwen2.5:7b,2.26,True,False,True,wrong parameter semantics,"plugins_context receives plugin object variable instead of name string; plugins_context should receive plugin name strings ['alpha', 'gamma']","{""plugins_context_args"": [""[alpha, gamma]""], ""disable_args"": [], ""get_plugin_assigns"": {}, ""get_plugin_bad_arg_vars"": [], ""wrapper_disable_vars"": [], ""hook_receivers"": [""sp""]}",/Users/zt25/coding/从 API 知识注入到源码图推理合成：PairCoder/Ollama问题存在性实验/result/simplug_7b_5model_comparison/prompts/qwen2.5_7b__simplug-T002__B1_api_list.txt,/Users/zt25/coding/从 API 知识注入到源码图推理合成：PairCoder/Ollama问题存在性实验/result/simplug_7b_5model_comparison/generations/qwen2.5_7b__simplug-T002__B1_api_list_run1.py
1,simplug-T002,B2_raw_api_docs,qwen2.5:7b,2.42,True,False,True,missing API call; wrong parameter semantics,"missing sp.hooks.score call; plugins_context receives plugin object variable instead of name string; plugins_context should receive plugin name strings ['alpha', 'gamma']","{""plugins_context_args"": [""[alpha, gamma]""], ""disable_args"": [], ""get_plugin_assigns"": {}, ""get_plugin_bad_arg_vars"": [], ""wrapper_disable_vars"": [], ""hook_receivers"": []}",/Users/zt25/coding/从 API 知识注入到源码图推理合成：PairCoder/Ollama问题存在性实验/result/simplug_7b_5model_comparison/prompts/qwen2.5_7b__simplug-T002__B2_raw_api_docs.txt,/Users/zt25/coding/从 API 知识注入到源码图推理合成：PairCoder/Ollama问题存在性实验/result/simplug_7b_5model_comparison/generations/qwen2.5_7b__simplug-T002__B2_raw_api_docs_run1.py
1,simplug-T002,B3_oracle_api_sequence,qwen2.5:7b,2.10,True,False,True,missing API call,missing sp.plugins_context,"{""plugins_context_args"": [], ""disable_args"": [], ""get_plugin_assigns"": {}, ""get_plugin_bad_arg_vars"": [], ""wrapper_disable_vars"": [], ""hook_receivers"": [""sp""]}",/Users/zt25/coding/从 API 知识注入到源码图推理合成：PairCoder/Ollama问题存在性实验/result/simplug_7b_5model_comparison/prompts/qwen2.5_7b__simplug-T002__B3_oracle_api_sequence.txt,/Users/zt25/coding/从 API 知识注入到源码图推理合成：PairCoder/Ollama问题存在性实验/result/simplug_7b_5model_comparison/generations/qwen2.5_7b__simplug-T002__B3_oracle_api_sequence_run1.py
1,simplug-T002,B4_gold_pair_rule,qwen2.5:7b,2.88,True,True,False,,,"{""plugins_context_args"": [""['alpha', 'gamma']""], ""disable_args"": [], ""get_plugin_assigns"": {}, ""get_plugin_bad_arg_vars"": [], ""wrapper_disable_vars"": [], ""hook_receivers"": [""sp""]}",/Users/zt25/coding/从 API 知识注入到源码图推理合成：PairCoder/Ollama问题存在性实验/result/simplug_7b_5model_comparison/prompts/qwen2.5_7b__simplug-T002__B4_gold_pair_rule.txt,/Users/zt25/coding/从 API 知识注入到源码图推理合成：PairCoder/Ollama问题存在性实验/result/simplug_7b_5model_comparison/generations/qwen2.5_7b__simplug-T002__B4_gold_pair_rule_run1.py
1,simplug-T003,B0_direct,qwen2.5:7b,2.37,True,False,True,missing API call,missing sp.disable call,"{""plugins_context_args"": [], ""disable_args"": [[""sp.hooks"", [""'beta'""]]], ""get_plugin_assigns"": {}, ""get_plugin_bad_arg_vars"": [], ""wrapper_disable_vars"": [], ""hook_receivers"": [""sp""]}",/Users/zt25/coding/从 API 知识注入到源码图推理合成：PairCoder/Ollama问题存在性实验/result/simplug_7b_5model_comparison/prompts/qwen2.5_7b__simplug-T003__B0_direct.txt,/Users/zt25/coding/从 API 知识注入到源码图推理合成：PairCoder/Ollama问题存在性实验/result/simplug_7b_5model_comparison/generations/qwen2.5_7b__simplug-T003__B0_direct_run1.py
1,simplug-T003,B1_api_list,qwen2.5:7b,2.95,True,False,True,wrong API pattern,unexpected sp.plugins_context in a disable-by-name task; use sp.disable instead,"{""plugins_context_args"": [""[sp]""], ""disable_args"": [[""sp"", [""'beta'""]]], ""get_plugin_assigns"": {}, ""get_plugin_bad_arg_vars"": [], ""wrapper_disable_vars"": [], ""hook_receivers"": [""sp""]}",/Users/zt25/coding/从 API 知识注入到源码图推理合成：PairCoder/Ollama问题存在性实验/result/simplug_7b_5model_comparison/prompts/qwen2.5_7b__simplug-T003__B1_api_list.txt,/Users/zt25/coding/从 API 知识注入到源码图推理合成：PairCoder/Ollama问题存在性实验/result/simplug_7b_5model_comparison/generations/qwen2.5_7b__simplug-T003__B1_api_list_run1.py
1,simplug-T003,B2_raw_api_docs,qwen2.5:7b,2.96,True,True,False,,,"{""plugins_context_args"": [], ""disable_args"": [[""sp"", [""'beta'""]]], ""get_plugin_assigns"": {}, ""get_plugin_bad_arg_vars"": [], ""wrapper_disable_vars"": [], ""hook_receivers"": [""sp""]}",/Users/zt25/coding/从 API 知识注入到源码图推理合成：PairCoder/Ollama问题存在性实验/result/simplug_7b_5model_comparison/prompts/qwen2.5_7b__simplug-T003__B2_raw_api_docs.txt,/Users/zt25/coding/从 API 知识注入到源码图推理合成：PairCoder/Ollama问题存在性实验/result/simplug_7b_5model_comparison/generations/qwen2.5_7b__simplug-T003__B2_raw_api_docs_run1.py
1,simplug-T003,B3_oracle_api_sequence,qwen2.5:7b,1.57,True,True,False,,,"{""plugins_context_args"": [], ""disable_args"": [[""sp"", [""'beta'""]]], ""get_plugin_assigns"": {}, ""get_plugin_bad_arg_vars"": [], ""wrapper_disable_vars"": [], ""hook_receivers"": [""sp""]}",/Users/zt25/coding/从 API 知识注入到源码图推理合成：PairCoder/Ollama问题存在性实验/result/simplug_7b_5model_comparison/prompts/qwen2.5_7b__simplug-T003__B3_oracle_api_sequence.txt,/Users/zt25/coding/从 API 知识注入到源码图推理合成：PairCoder/Ollama问题存在性实验/result/simplug_7b_5model_comparison/generations/qwen2.5_7b__simplug-T003__B3_oracle_api_sequence_run1.py
1,simplug-T003,B4_gold_pair_rule,qwen2.5:7b,2.92,True,True,False,,,"{""plugins_context_args"": [], ""disable_args"": [[""sp"", [""'beta'""]]], ""get_plugin_assigns"": {}, ""get_plugin_bad_arg_vars"": [], ""wrapper_disable_vars"": [], ""hook_receivers"": [""sp""]}",/Users/zt25/coding/从 API 知识注入到源码图推理合成：PairCoder/Ollama问题存在性实验/result/simplug_7b_5model_comparison/prompts/qwen2.5_7b__simplug-T003__B4_gold_pair_rule.txt,/Users/zt25/coding/从 API 知识注入到源码图推理合成：PairCoder/Ollama问题存在性实验/result/simplug_7b_5model_comparison/generations/qwen2.5_7b__simplug-T003__B4_gold_pair_rule_run1.py
1,simplug-T004,B0_direct,qwen2.5:7b,2.63,True,False,True,broken data flow,missing sp.get_plugin('beta') assignment,"{""plugins_context_args"": [], ""disable_args"": [], ""get_plugin_assigns"": {}, ""get_plugin_bad_arg_vars"": [], ""wrapper_disable_vars"": [], ""hook_receivers"": [""sp""]}",/Users/zt25/coding/从 API 知识注入到源码图推理合成：PairCoder/Ollama问题存在性实验/result/simplug_7b_5model_comparison/prompts/qwen2.5_7b__simplug-T004__B0_direct.txt,/Users/zt25/coding/从 API 知识注入到源码图推理合成：PairCoder/Ollama问题存在性实验/result/simplug_7b_5model_comparison/generations/qwen2.5_7b__simplug-T004__B0_direct_run1.py
1,simplug-T004,B1_api_list,qwen2.5:7b,3.09,True,True,False,,,"{""plugins_context_args"": [""[alpha, gamma]""], ""disable_args"": [[""beta_wrapper"", []]], ""get_plugin_assigns"": {""beta_wrapper"": ""beta""}, ""get_plugin_bad_arg_vars"": [], ""wrapper_disable_vars"": [""beta_wrapper""], ""hook_receivers"": [""sp""]}",/Users/zt25/coding/从 API 知识注入到源码图推理合成：PairCoder/Ollama问题存在性实验/result/simplug_7b_5model_comparison/prompts/qwen2.5_7b__simplug-T004__B1_api_list.txt,/Users/zt25/coding/从 API 知识注入到源码图推理合成：PairCoder/Ollama问题存在性实验/result/simplug_7b_5model_comparison/generations/qwen2.5_7b__simplug-T004__B1_api_list_run1.py
1,simplug-T004,B2_raw_api_docs,qwen2.5:7b,2.94,True,True,False,,,"{""plugins_context_args"": [], ""disable_args"": [[""beta_wrapper"", []]], ""get_plugin_assigns"": {""beta_wrapper"": ""beta""}, ""get_plugin_bad_arg_vars"": [], ""wrapper_disable_vars"": [""beta_wrapper""], ""hook_receivers"": [""sp""]}",/Users/zt25/coding/从 API 知识注入到源码图推理合成：PairCoder/Ollama问题存在性实验/result/simplug_7b_5model_comparison/prompts/qwen2.5_7b__simplug-T004__B2_raw_api_docs.txt,/Users/zt25/coding/从 API 知识注入到源码图推理合成：PairCoder/Ollama问题存在性实验/result/simplug_7b_5model_comparison/generations/qwen2.5_7b__simplug-T004__B2_raw_api_docs_run1.py
1,simplug-T004,B3_oracle_api_sequence,qwen2.5:7b,2.50,True,False,True,wrong parameter semantics,sp.get_plugin called with non-string argument; pass the plugin name string 'beta',"{""plugins_context_args"": [], ""disable_args"": [[""wrapper"", []]], ""get_plugin_assigns"": {}, ""get_plugin_bad_arg_vars"": [""wrapper""], ""wrapper_disable_vars"": [], ""hook_receivers"": [""sp""]}",/Users/zt25/coding/从 API 知识注入到源码图推理合成：PairCoder/Ollama问题存在性实验/result/simplug_7b_5model_comparison/prompts/qwen2.5_7b__simplug-T004__B3_oracle_api_sequence.txt,/Users/zt25/coding/从 API 知识注入到源码图推理合成：PairCoder/Ollama问题存在性实验/result/simplug_7b_5model_comparison/generations/qwen2.5_7b__simplug-T004__B3_oracle_api_sequence_run1.py
1,simplug-T004,B4_gold_pair_rule,qwen2.5:7b,2.95,True,True,False,,,"{""plugins_context_args"": [], ""disable_args"": [[""wrapper"", []]], ""get_plugin_assigns"": {""wrapper"": ""beta""}, ""get_plugin_bad_arg_vars"": [], ""wrapper_disable_vars"": [""wrapper""], ""hook_receivers"": [""sp""]}",/Users/zt25/coding/从 API 知识注入到源码图推理合成：PairCoder/Ollama问题存在性实验/result/simplug_7b_5model_comparison/prompts/qwen2.5_7b__simplug-T004__B4_gold_pair_rule.txt,/Users/zt25/coding/从 API 知识注入到源码图推理合成：PairCoder/Ollama问题存在性实验/result/simplug_7b_5model_comparison/generations/qwen2.5_7b__simplug-T004__B4_gold_pair_rule_run1.py
1,simplug-T005,B0_direct,qwen2.5:7b,3.62,True,False,True,missing API call,missing sp.plugins_context,"{""plugins_context_args"": [], ""disable_args"": [], ""get_plugin_assigns"": {}, ""get_plugin_bad_arg_vars"": [], ""wrapper_disable_vars"": [], ""hook_receivers"": [""sp"", ""sp""]}",/Users/zt25/coding/从 API 知识注入到源码图推理合成：PairCoder/Ollama问题存在性实验/result/simplug_7b_5model_comparison/prompts/qwen2.5_7b__simplug-T005__B0_direct.txt,/Users/zt25/coding/从 API 知识注入到源码图推理合成：PairCoder/Ollama问题存在性实验/result/simplug_7b_5model_comparison/generations/qwen2.5_7b__simplug-T005__B0_direct_run1.py
1,simplug-T005,B1_api_list,qwen2.5:7b,3.55,True,False,True,missing API call,missing sp.plugins_context,"{""plugins_context_args"": [], ""disable_args"": [], ""get_plugin_assigns"": {}, ""get_plugin_bad_arg_vars"": [], ""wrapper_disable_vars"": [], ""hook_receivers"": [""sp"", ""sp""]}",/Users/zt25/coding/从 API 知识注入到源码图推理合成：PairCoder/Ollama问题存在性实验/result/simplug_7b_5model_comparison/prompts/qwen2.5_7b__simplug-T005__B1_api_list.txt,/Users/zt25/coding/从 API 知识注入到源码图推理合成：PairCoder/Ollama问题存在性实验/result/simplug_7b_5model_comparison/generations/qwen2.5_7b__simplug-T005__B1_api_list_run1.py
1,simplug-T005,B2_raw_api_docs,qwen2.5:7b,3.67,True,False,True,wrong parameter semantics,plugins_context receives plugin object variable instead of name string; plugins_context should receive plugin name strings ['beta'],"{""plugins_context_args"": [""beta""], ""disable_args"": [], ""get_plugin_assigns"": {}, ""get_plugin_bad_arg_vars"": [], ""wrapper_disable_vars"": [], ""hook_receivers"": [""sp"", ""sp""]}",/Users/zt25/coding/从 API 知识注入到源码图推理合成：PairCoder/Ollama问题存在性实验/result/simplug_7b_5model_comparison/prompts/qwen2.5_7b__simplug-T005__B2_raw_api_docs.txt,/Users/zt25/coding/从 API 知识注入到源码图推理合成：PairCoder/Ollama问题存在性实验/result/simplug_7b_5model_comparison/generations/qwen2.5_7b__simplug-T005__B2_raw_api_docs_run1.py
1,simplug-T005,B3_oracle_api_sequence,qwen2.5:7b,3.98,False,False,True,syntax_error,syntax_error,"positional argument follows keyword argument (<unknown>, line 4)",/Users/zt25/coding/从 API 知识注入到源码图推理合成：PairCoder/Ollama问题存在性实验/result/simplug_7b_5model_comparison/prompts/qwen2.5_7b__simplug-T005__B3_oracle_api_sequence.txt,/Users/zt25/coding/从 API 知识注入到源码图推理合成：PairCoder/Ollama问题存在性实验/result/simplug_7b_5model_comparison/generations/qwen2.5_7b__simplug-T005__B3_oracle_api_sequence_run1.py
1,simplug-T005,B4_gold_pair_rule,qwen2.5:7b,4.38,True,True,False,,,"{""plugins_context_args"": [""['beta']""], ""disable_args"": [[""sp"", [""'beta'""]]], ""get_plugin_assigns"": {}, ""get_plugin_bad_arg_vars"": [], ""wrapper_disable_vars"": [], ""hook_receivers"": [""sp"", ""sp""]}",/Users/zt25/coding/从 API 知识注入到源码图推理合成：PairCoder/Ollama问题存在性实验/result/simplug_7b_5model_comparison/prompts/qwen2.5_7b__simplug-T005__B4_gold_pair_rule.txt,/Users/zt25/coding/从 API 知识注入到源码图推理合成：PairCoder/Ollama问题存在性实验/result/simplug_7b_5model_comparison/generations/qwen2.5_7b__simplug-T005__B4_gold_pair_rule_run1.py
1,simplug-T006,B0_direct,qwen2.5:7b,2.85,True,False,True,missing API call,missing sp.disable call,"{""plugins_context_args"": [], ""disable_args"": [[""sp.hooks"", [""'alpha'""]], [""sp.hooks"", [""'gamma'""]]], ""get_plugin_assigns"": {}, ""get_plugin_bad_arg_vars"": [], ""wrapper_disable_vars"": [], ""hook_receivers"": [""sp""]}",/Users/zt25/coding/从 API 知识注入到源码图推理合成：PairCoder/Ollama问题存在性实验/result/simplug_7b_5model_comparison/prompts/qwen2.5_7b__simplug-T006__B0_direct.txt,/Users/zt25/coding/从 API 知识注入到源码图推理合成：PairCoder/Ollama问题存在性实验/result/simplug_7b_5model_comparison/generations/qwen2.5_7b__simplug-T006__B0_direct_run1.py
1,simplug-T006,B1_api_list,qwen2.5:7b,3.29,True,False,True,wrong API pattern,unexpected sp.plugins_context in a disable-by-name task; use sp.disable instead,"{""plugins_context_args"": [""[beta]""], ""disable_args"": [[""sp"", [""'alpha'"", ""'gamma'""]]], ""get_plugin_assigns"": {}, ""get_plugin_bad_arg_vars"": [], ""wrapper_disable_vars"": [], ""hook_receivers"": [""sp""]}",/Users/zt25/coding/从 API 知识注入到源码图推理合成：PairCoder/Ollama问题存在性实验/result/simplug_7b_5model_comparison/prompts/qwen2.5_7b__simplug-T006__B1_api_list.txt,/Users/zt25/coding/从 API 知识注入到源码图推理合成：PairCoder/Ollama问题存在性实验/result/simplug_7b_5model_comparison/generations/qwen2.5_7b__simplug-T006__B1_api_list_run1.py
1,simplug-T006,B2_raw_api_docs,qwen2.5:7b,3.34,True,True,False,,,"{""plugins_context_args"": [], ""disable_args"": [[""sp"", [""'alpha'"", ""'gamma'""]]], ""get_plugin_assigns"": {}, ""get_plugin_bad_arg_vars"": [], ""wrapper_disable_vars"": [], ""hook_receivers"": [""sp""]}",/Users/zt25/coding/从 API 知识注入到源码图推理合成：PairCoder/Ollama问题存在性实验/result/simplug_7b_5model_comparison/prompts/qwen2.5_7b__simplug-T006__B2_raw_api_docs.txt,/Users/zt25/coding/从 API 知识注入到源码图推理合成：PairCoder/Ollama问题存在性实验/result/simplug_7b_5model_comparison/generations/qwen2.5_7b__simplug-T006__B2_raw_api_docs_run1.py
1,simplug-T006,B3_oracle_api_sequence,qwen2.5:7b,2.48,True,False,True,wrong parameter semantics,"sp.disable receives plugin object variable instead of name string; sp.disable should receive plugin name strings ['alpha', 'gamma']","{""plugins_context_args"": [], ""disable_args"": [[""sp"", [""alpha""]], [""sp"", [""gamma""]]], ""get_plugin_assigns"": {}, ""get_plugin_bad_arg_vars"": [], ""wrapper_disable_vars"": [], ""hook_receivers"": [""sp""]}",/Users/zt25/coding/从 API 知识注入到源码图推理合成：PairCoder/Ollama问题存在性实验/result/simplug_7b_5model_comparison/prompts/qwen2.5_7b__simplug-T006__B3_oracle_api_sequence.txt,/Users/zt25/coding/从 API 知识注入到源码图推理合成：PairCoder/Ollama问题存在性实验/result/simplug_7b_5model_comparison/generations/qwen2.5_7b__simplug-T006__B3_oracle_api_sequence_run1.py
1,simplug-T006,B4_gold_pair_rule,qwen2.5:7b,3.50,True,False,True,wrong API pattern,unexpected sp.plugins_context in a disable-by-name task; use sp.disable instead,"{""plugins_context_args"": [""['beta']""], ""disable_args"": [[""sp"", [""'alpha'""]], [""sp"", [""'gamma'""]]], ""get_plugin_assigns"": {}, ""get_plugin_bad_arg_vars"": [], ""wrapper_disable_vars"": [], ""hook_receivers"": [""sp""]}",/Users/zt25/coding/从 API 知识注入到源码图推理合成：PairCoder/Ollama问题存在性实验/result/simplug_7b_5model_comparison/prompts/qwen2.5_7b__simplug-T006__B4_gold_pair_rule.txt,/Users/zt25/coding/从 API 知识注入到源码图推理合成：PairCoder/Ollama问题存在性实验/result/simplug_7b_5model_comparison/generations/qwen2.5_7b__simplug-T006__B4_gold_pair_rule_run1.py
1,simplug-T001,B0_direct,qwen2.5-coder:7b,6.83,True,False,True,missing API call,missing sp.plugins_context,"{""plugins_context_args"": [], ""disable_args"": [], ""get_plugin_assigns"": {}, ""get_plugin_bad_arg_vars"": [], ""wrapper_disable_vars"": [], ""hook_receivers"": [""sp"", ""sp""]}",/Users/zt25/coding/从 API 知识注入到源码图推理合成：PairCoder/Ollama问题存在性实验/result/simplug_7b_5model_comparison/prompts/qwen2.5-coder_7b__simplug-T001__B0_direct.txt,/Users/zt25/coding/从 API 知识注入到源码图推理合成：PairCoder/Ollama问题存在性实验/result/simplug_7b_5model_comparison/generations/qwen2.5-coder_7b__simplug-T001__B0_direct_run1.py
1,simplug-T001,B1_api_list,qwen2.5-coder:7b,2.81,True,False,True,wrong parameter semantics,plugins_context receives plugin object variable instead of name string; plugins_context should receive plugin name strings ['beta'],"{""plugins_context_args"": [""[beta]""], ""disable_args"": [], ""get_plugin_assigns"": {}, ""get_plugin_bad_arg_vars"": [], ""wrapper_disable_vars"": [], ""hook_receivers"": [""sp""]}",/Users/zt25/coding/从 API 知识注入到源码图推理合成：PairCoder/Ollama问题存在性实验/result/simplug_7b_5model_comparison/prompts/qwen2.5-coder_7b__simplug-T001__B1_api_list.txt,/Users/zt25/coding/从 API 知识注入到源码图推理合成：PairCoder/Ollama问题存在性实验/result/simplug_7b_5model_comparison/generations/qwen2.5-coder_7b__simplug-T001__B1_api_list_run1.py
1,simplug-T001,B2_raw_api_docs,qwen2.5-coder:7b,2.33,True,False,True,wrong parameter semantics,plugins_context receives plugin object variable instead of name string; plugins_context should receive plugin name strings ['beta'],"{""plugins_context_args"": [""[beta]""], ""disable_args"": [], ""get_plugin_assigns"": {}, ""get_plugin_bad_arg_vars"": [], ""wrapper_disable_vars"": [], ""hook_receivers"": [""sp""]}",/Users/zt25/coding/从 API 知识注入到源码图推理合成：PairCoder/Ollama问题存在性实验/result/simplug_7b_5model_comparison/prompts/qwen2.5-coder_7b__simplug-T001__B2_raw_api_docs.txt,/Users/zt25/coding/从 API 知识注入到源码图推理合成：PairCoder/Ollama问题存在性实验/result/simplug_7b_5model_comparison/generations/qwen2.5-coder_7b__simplug-T001__B2_raw_api_docs_run1.py
1,simplug-T001,B3_oracle_api_sequence,qwen2.5-coder:7b,1.67,True,False,True,missing API call,missing sp.plugins_context,"{""plugins_context_args"": [], ""disable_args"": [], ""get_plugin_assigns"": {}, ""get_plugin_bad_arg_vars"": [], ""wrapper_disable_vars"": [], ""hook_receivers"": [""sp""]}",/Users/zt25/coding/从 API 知识注入到源码图推理合成：PairCoder/Ollama问题存在性实验/result/simplug_7b_5model_comparison/prompts/qwen2.5-coder_7b__simplug-T001__B3_oracle_api_sequence.txt,/Users/zt25/coding/从 API 知识注入到源码图推理合成：PairCoder/Ollama问题存在性实验/result/simplug_7b_5model_comparison/generations/qwen2.5-coder_7b__simplug-T001__B3_oracle_api_sequence_run1.py
1,simplug-T001,B4_gold_pair_rule,qwen2.5-coder:7b,3.18,True,True,False,,,"{""plugins_context_args"": [""['beta']""], ""disable_args"": [], ""get_plugin_assigns"": {}, ""get_plugin_bad_arg_vars"": [], ""wrapper_disable_vars"": [], ""hook_receivers"": [""sp""]}",/Users/zt25/coding/从 API 知识注入到源码图推理合成：PairCoder/Ollama问题存在性实验/result/simplug_7b_5model_comparison/prompts/qwen2.5-coder_7b__simplug-T001__B4_gold_pair_rule.txt,/Users/zt25/coding/从 API 知识注入到源码图推理合成：PairCoder/Ollama问题存在性实验/result/simplug_7b_5model_comparison/generations/qwen2.5-coder_7b__simplug-T001__B4_gold_pair_rule_run1.py
1,simplug-T002,B0_direct,qwen2.5-coder:7b,2.64,True,False,True,missing API call,missing sp.plugins_context,"{""plugins_context_args"": [], ""disable_args"": [], ""get_plugin_assigns"": {}, ""get_plugin_bad_arg_vars"": [], ""wrapper_disable_vars"": [], ""hook_receivers"": [""sp""]}",/Users/zt25/coding/从 API 知识注入到源码图推理合成：PairCoder/Ollama问题存在性实验/result/simplug_7b_5model_comparison/prompts/qwen2.5-coder_7b__simplug-T002__B0_direct.txt,/Users/zt25/coding/从 API 知识注入到源码图推理合成：PairCoder/Ollama问题存在性实验/result/simplug_7b_5model_comparison/generations/qwen2.5-coder_7b__simplug-T002__B0_direct_run1.py
1,simplug-T002,B1_api_list,qwen2.5-coder:7b,2.36,True,False,True,wrong parameter semantics,"plugins_context receives plugin object variable instead of name string; plugins_context should receive plugin name strings ['alpha', 'gamma']","{""plugins_context_args"": [""[alpha, gamma]""], ""disable_args"": [], ""get_plugin_assigns"": {}, ""get_plugin_bad_arg_vars"": [], ""wrapper_disable_vars"": [], ""hook_receivers"": [""sp""]}",/Users/zt25/coding/从 API 知识注入到源码图推理合成：PairCoder/Ollama问题存在性实验/result/simplug_7b_5model_comparison/prompts/qwen2.5-coder_7b__simplug-T002__B1_api_list.txt,/Users/zt25/coding/从 API 知识注入到源码图推理合成：PairCoder/Ollama问题存在性实验/result/simplug_7b_5model_comparison/generations/qwen2.5-coder_7b__simplug-T002__B1_api_list_run1.py
1,simplug-T002,B2_raw_api_docs,qwen2.5-coder:7b,2.45,True,False,True,wrong parameter semantics,"plugins_context receives plugin object variable instead of name string; plugins_context should receive plugin name strings ['alpha', 'gamma']","{""plugins_context_args"": [""(alpha, gamma)""], ""disable_args"": [], ""get_plugin_assigns"": {}, ""get_plugin_bad_arg_vars"": [], ""wrapper_disable_vars"": [], ""hook_receivers"": [""sp""]}",/Users/zt25/coding/从 API 知识注入到源码图推理合成：PairCoder/Ollama问题存在性实验/result/simplug_7b_5model_comparison/prompts/qwen2.5-coder_7b__simplug-T002__B2_raw_api_docs.txt,/Users/zt25/coding/从 API 知识注入到源码图推理合成：PairCoder/Ollama问题存在性实验/result/simplug_7b_5model_comparison/generations/qwen2.5-coder_7b__simplug-T002__B2_raw_api_docs_run1.py
1,simplug-T002,B3_oracle_api_sequence,qwen2.5-coder:7b,2.56,True,False,True,missing API call,missing sp.plugins_context,"{""plugins_context_args"": [], ""disable_args"": [], ""get_plugin_assigns"": {}, ""get_plugin_bad_arg_vars"": [], ""wrapper_disable_vars"": [], ""hook_receivers"": [""sp""]}",/Users/zt25/coding/从 API 知识注入到源码图推理合成：PairCoder/Ollama问题存在性实验/result/simplug_7b_5model_comparison/prompts/qwen2.5-coder_7b__simplug-T002__B3_oracle_api_sequence.txt,/Users/zt25/coding/从 API 知识注入到源码图推理合成：PairCoder/Ollama问题存在性实验/result/simplug_7b_5model_comparison/generations/qwen2.5-coder_7b__simplug-T002__B3_oracle_api_sequence_run1.py
1,simplug-T002,B4_gold_pair_rule,qwen2.5-coder:7b,3.29,True,True,False,,,"{""plugins_context_args"": [""['alpha', 'gamma']""], ""disable_args"": [], ""get_plugin_assigns"": {}, ""get_plugin_bad_arg_vars"": [], ""wrapper_disable_vars"": [], ""hook_receivers"": [""sp""]}",/Users/zt25/coding/从 API 知识注入到源码图推理合成：PairCoder/Ollama问题存在性实验/result/simplug_7b_5model_comparison/prompts/qwen2.5-coder_7b__simplug-T002__B4_gold_pair_rule.txt,/Users/zt25/coding/从 API 知识注入到源码图推理合成：PairCoder/Ollama问题存在性实验/result/simplug_7b_5model_comparison/generations/qwen2.5-coder_7b__simplug-T002__B4_gold_pair_rule_run1.py
1,simplug-T003,B0_direct,qwen2.5-coder:7b,2.44,True,False,True,missing API call,missing sp.disable call,"{""plugins_context_args"": [], ""disable_args"": [], ""get_plugin_assigns"": {}, ""get_plugin_bad_arg_vars"": [], ""wrapper_disable_vars"": [], ""hook_receivers"": [""sp""]}",/Users/zt25/coding/从 API 知识注入到源码图推理合成：PairCoder/Ollama问题存在性实验/result/simplug_7b_5model_comparison/prompts/qwen2.5-coder_7b__simplug-T003__B0_direct.txt,/Users/zt25/coding/从 API 知识注入到源码图推理合成：PairCoder/Ollama问题存在性实验/result/simplug_7b_5model_comparison/generations/qwen2.5-coder_7b__simplug-T003__B0_direct_run1.py
1,simplug-T003,B1_api_list,qwen2.5-coder:7b,2.97,True,False,True,missing API call; wrong API pattern,missing sp.disable call; unexpected sp.plugins_context in a disable-by-name task; use sp.disable instead,"{""plugins_context_args"": [""[alpha, gamma]""], ""disable_args"": [], ""get_plugin_assigns"": {}, ""get_plugin_bad_arg_vars"": [], ""wrapper_disable_vars"": [], ""hook_receivers"": [""sp""]}",/Users/zt25/coding/从 API 知识注入到源码图推理合成：PairCoder/Ollama问题存在性实验/result/simplug_7b_5model_comparison/prompts/qwen2.5-coder_7b__simplug-T003__B1_api_list.txt,/Users/zt25/coding/从 API 知识注入到源码图推理合成：PairCoder/Ollama问题存在性实验/result/simplug_7b_5model_comparison/generations/qwen2.5-coder_7b__simplug-T003__B1_api_list_run1.py
1,simplug-T003,B2_raw_api_docs,qwen2.5-coder:7b,2.60,True,False,True,missing API call; wrong API pattern,missing sp.disable call; unexpected sp.plugins_context in a disable-by-name task; use sp.disable instead,"{""plugins_context_args"": [""[beta]""], ""disable_args"": [[""beta"", []]], ""get_plugin_assigns"": {}, ""get_plugin_bad_arg_vars"": [], ""wrapper_disable_vars"": [], ""hook_receivers"": [""sp""]}",/Users/zt25/coding/从 API 知识注入到源码图推理合成：PairCoder/Ollama问题存在性实验/result/simplug_7b_5model_comparison/prompts/qwen2.5-coder_7b__simplug-T003__B2_raw_api_docs.txt,/Users/zt25/coding/从 API 知识注入到源码图推理合成：PairCoder/Ollama问题存在性实验/result/simplug_7b_5model_comparison/generations/qwen2.5-coder_7b__simplug-T003__B2_raw_api_docs_run1.py
1,simplug-T003,B3_oracle_api_sequence,qwen2.5-coder:7b,2.17,True,False,True,wrong parameter semantics,sp.disable receives plugin object variable instead of name string; sp.disable should receive plugin name strings ['beta'],"{""plugins_context_args"": [], ""disable_args"": [[""sp"", [""beta""]]], ""get_plugin_assigns"": {}, ""get_plugin_bad_arg_vars"": [], ""wrapper_disable_vars"": [], ""hook_receivers"": [""sp""]}",/Users/zt25/coding/从 API 知识注入到源码图推理合成：PairCoder/Ollama问题存在性实验/result/simplug_7b_5model_comparison/prompts/qwen2.5-coder_7b__simplug-T003__B3_oracle_api_sequence.txt,/Users/zt25/coding/从 API 知识注入到源码图推理合成：PairCoder/Ollama问题存在性实验/result/simplug_7b_5model_comparison/generations/qwen2.5-coder_7b__simplug-T003__B3_oracle_api_sequence_run1.py
1,simplug-T003,B4_gold_pair_rule,qwen2.5-coder:7b,3.86,True,True,False,,,"{""plugins_context_args"": [], ""disable_args"": [[""sp"", [""'beta'""]]], ""get_plugin_assigns"": {}, ""get_plugin_bad_arg_vars"": [], ""wrapper_disable_vars"": [], ""hook_receivers"": [""sp""]}",/Users/zt25/coding/从 API 知识注入到源码图推理合成：PairCoder/Ollama问题存在性实验/result/simplug_7b_5model_comparison/prompts/qwen2.5-coder_7b__simplug-T003__B4_gold_pair_rule.txt,/Users/zt25/coding/从 API 知识注入到源码图推理合成：PairCoder/Ollama问题存在性实验/result/simplug_7b_5model_comparison/generations/qwen2.5-coder_7b__simplug-T003__B4_gold_pair_rule_run1.py
1,simplug-T004,B0_direct,qwen2.5-coder:7b,2.81,True,False,True,broken data flow,missing sp.get_plugin('beta') assignment,"{""plugins_context_args"": [], ""disable_args"": [[""wrapper"", []]], ""get_plugin_assigns"": {}, ""get_plugin_bad_arg_vars"": [], ""wrapper_disable_vars"": [], ""hook_receivers"": [""sp""]}",/Users/zt25/coding/从 API 知识注入到源码图推理合成：PairCoder/Ollama问题存在性实验/result/simplug_7b_5model_comparison/prompts/qwen2.5-coder_7b__simplug-T004__B0_direct.txt,/Users/zt25/coding/从 API 知识注入到源码图推理合成：PairCoder/Ollama问题存在性实验/result/simplug_7b_5model_comparison/generations/qwen2.5-coder_7b__simplug-T004__B0_direct_run1.py
1,simplug-T004,B1_api_list,qwen2.5-coder:7b,4.07,True,False,True,wrong parameter semantics,sp.get_plugin called with non-string argument; pass the plugin name string 'beta',"{""plugins_context_args"": [""[alpha, gamma]""], ""disable_args"": [[""wrapper"", []]], ""get_plugin_assigns"": {}, ""get_plugin_bad_arg_vars"": [""wrapper""], ""wrapper_disable_vars"": [], ""hook_receivers"": [""sp""]}",/Users/zt25/coding/从 API 知识注入到源码图推理合成：PairCoder/Ollama问题存在性实验/result/simplug_7b_5model_comparison/prompts/qwen2.5-coder_7b__simplug-T004__B1_api_list.txt,/Users/zt25/coding/从 API 知识注入到源码图推理合成：PairCoder/Ollama问题存在性实验/result/simplug_7b_5model_comparison/generations/qwen2.5-coder_7b__simplug-T004__B1_api_list_run1.py
1,simplug-T004,B2_raw_api_docs,qwen2.5-coder:7b,3.78,True,False,True,broken data flow,missing sp.get_plugin('beta') assignment,"{""plugins_context_args"": [], ""disable_args"": [[""beta.wrapper"", []]], ""get_plugin_assigns"": {}, ""get_plugin_bad_arg_vars"": [], ""wrapper_disable_vars"": [], ""hook_receivers"": [""sp""]}",/Users/zt25/coding/从 API 知识注入到源码图推理合成：PairCoder/Ollama问题存在性实验/result/simplug_7b_5model_comparison/prompts/qwen2.5-coder_7b__simplug-T004__B2_raw_api_docs.txt,/Users/zt25/coding/从 API 知识注入到源码图推理合成：PairCoder/Ollama问题存在性实验/result/simplug_7b_5model_comparison/generations/qwen2.5-coder_7b__simplug-T004__B2_raw_api_docs_run1.py
1,simplug-T004,B3_oracle_api_sequence,qwen2.5-coder:7b,2.93,True,False,True,wrong parameter semantics,sp.get_plugin called with non-string argument; pass the plugin name string 'beta',"{""plugins_context_args"": [], ""disable_args"": [[""wrapper"", []]], ""get_plugin_assigns"": {}, ""get_plugin_bad_arg_vars"": [""wrapper""], ""wrapper_disable_vars"": [], ""hook_receivers"": [""sp""]}",/Users/zt25/coding/从 API 知识注入到源码图推理合成：PairCoder/Ollama问题存在性实验/result/simplug_7b_5model_comparison/prompts/qwen2.5-coder_7b__simplug-T004__B3_oracle_api_sequence.txt,/Users/zt25/coding/从 API 知识注入到源码图推理合成：PairCoder/Ollama问题存在性实验/result/simplug_7b_5model_comparison/generations/qwen2.5-coder_7b__simplug-T004__B3_oracle_api_sequence_run1.py
1,simplug-T004,B4_gold_pair_rule,qwen2.5-coder:7b,4.41,True,True,False,,,"{""plugins_context_args"": [], ""disable_args"": [[""wrapper"", []]], ""get_plugin_assigns"": {""wrapper"": ""beta""}, ""get_plugin_bad_arg_vars"": [], ""wrapper_disable_vars"": [""wrapper""], ""hook_receivers"": [""sp""]}",/Users/zt25/coding/从 API 知识注入到源码图推理合成：PairCoder/Ollama问题存在性实验/result/simplug_7b_5model_comparison/prompts/qwen2.5-coder_7b__simplug-T004__B4_gold_pair_rule.txt,/Users/zt25/coding/从 API 知识注入到源码图推理合成：PairCoder/Ollama问题存在性实验/result/simplug_7b_5model_comparison/generations/qwen2.5-coder_7b__simplug-T004__B4_gold_pair_rule_run1.py
1,simplug-T005,B0_direct,qwen2.5-coder:7b,4.66,True,False,True,missing API call,missing sp.plugins_context,"{""plugins_context_args"": [], ""disable_args"": [], ""get_plugin_assigns"": {}, ""get_plugin_bad_arg_vars"": [], ""wrapper_disable_vars"": [], ""hook_receivers"": [""sp"", ""sp""]}",/Users/zt25/coding/从 API 知识注入到源码图推理合成：PairCoder/Ollama问题存在性实验/result/simplug_7b_5model_comparison/prompts/qwen2.5-coder_7b__simplug-T005__B0_direct.txt,/Users/zt25/coding/从 API 知识注入到源码图推理合成：PairCoder/Ollama问题存在性实验/result/simplug_7b_5model_comparison/generations/qwen2.5-coder_7b__simplug-T005__B0_direct_run1.py
1,simplug-T005,B1_api_list,qwen2.5-coder:7b,5.50,True,False,True,wrong parameter semantics,plugins_context receives plugin object variable instead of name string; plugins_context should receive plugin name strings ['beta'],"{""plugins_context_args"": [""[beta]""], ""disable_args"": [], ""get_plugin_assigns"": {}, ""get_plugin_bad_arg_vars"": [], ""wrapper_disable_vars"": [], ""hook_receivers"": [""sp"", ""sp""]}",/Users/zt25/coding/从 API 知识注入到源码图推理合成：PairCoder/Ollama问题存在性实验/result/simplug_7b_5model_comparison/prompts/qwen2.5-coder_7b__simplug-T005__B1_api_list.txt,/Users/zt25/coding/从 API 知识注入到源码图推理合成：PairCoder/Ollama问题存在性实验/result/simplug_7b_5model_comparison/generations/qwen2.5-coder_7b__simplug-T005__B1_api_list_run1.py
1,simplug-T005,B2_raw_api_docs,qwen2.5-coder:7b,5.48,True,False,True,missing API call,missing sp.plugins_context,"{""plugins_context_args"": [], ""disable_args"": [], ""get_plugin_assigns"": {}, ""get_plugin_bad_arg_vars"": [], ""wrapper_disable_vars"": [], ""hook_receivers"": [""sp"", ""sp""]}",/Users/zt25/coding/从 API 知识注入到源码图推理合成：PairCoder/Ollama问题存在性实验/result/simplug_7b_5model_comparison/prompts/qwen2.5-coder_7b__simplug-T005__B2_raw_api_docs.txt,/Users/zt25/coding/从 API 知识注入到源码图推理合成：PairCoder/Ollama问题存在性实验/result/simplug_7b_5model_comparison/generations/qwen2.5-coder_7b__simplug-T005__B2_raw_api_docs_run1.py
1,simplug-T005,B3_oracle_api_sequence,qwen2.5-coder:7b,4.23,True,False,True,missing API call,missing sp.plugins_context,"{""plugins_context_args"": [], ""disable_args"": [], ""get_plugin_assigns"": {}, ""get_plugin_bad_arg_vars"": [], ""wrapper_disable_vars"": [], ""hook_receivers"": [""sp"", ""sp""]}",/Users/zt25/coding/从 API 知识注入到源码图推理合成：PairCoder/Ollama问题存在性实验/result/simplug_7b_5model_comparison/prompts/qwen2.5-coder_7b__simplug-T005__B3_oracle_api_sequence.txt,/Users/zt25/coding/从 API 知识注入到源码图推理合成：PairCoder/Ollama问题存在性实验/result/simplug_7b_5model_comparison/generations/qwen2.5-coder_7b__simplug-T005__B3_oracle_api_sequence_run1.py
1,simplug-T005,B4_gold_pair_rule,qwen2.5-coder:7b,6.74,True,True,False,,,"{""plugins_context_args"": [""['beta']""], ""disable_args"": [[""sp"", [""'beta'""]]], ""get_plugin_assigns"": {}, ""get_plugin_bad_arg_vars"": [], ""wrapper_disable_vars"": [], ""hook_receivers"": [""sp"", ""sp""]}",/Users/zt25/coding/从 API 知识注入到源码图推理合成：PairCoder/Ollama问题存在性实验/result/simplug_7b_5model_comparison/prompts/qwen2.5-coder_7b__simplug-T005__B4_gold_pair_rule.txt,/Users/zt25/coding/从 API 知识注入到源码图推理合成：PairCoder/Ollama问题存在性实验/result/simplug_7b_5model_comparison/generations/qwen2.5-coder_7b__simplug-T005__B4_gold_pair_rule_run1.py
1,simplug-T006,B0_direct,qwen2.5-coder:7b,3.16,True,False,True,missing API call,missing sp.disable call,"{""plugins_context_args"": [], ""disable_args"": [], ""get_plugin_assigns"": {}, ""get_plugin_bad_arg_vars"": [], ""wrapper_disable_vars"": [], ""hook_receivers"": [""sp""]}",/Users/zt25/coding/从 API 知识注入到源码图推理合成：PairCoder/Ollama问题存在性实验/result/simplug_7b_5model_comparison/prompts/qwen2.5-coder_7b__simplug-T006__B0_direct.txt,/Users/zt25/coding/从 API 知识注入到源码图推理合成：PairCoder/Ollama问题存在性实验/result/simplug_7b_5model_comparison/generations/qwen2.5-coder_7b__simplug-T006__B0_direct_run1.py
1,simplug-T006,B1_api_list,qwen2.5-coder:7b,3.40,True,False,True,missing API call; wrong API pattern,missing sp.disable call; unexpected sp.plugins_context in a disable-by-name task; use sp.disable instead,"{""plugins_context_args"": [""[beta]""], ""disable_args"": [], ""get_plugin_assigns"": {}, ""get_plugin_bad_arg_vars"": [], ""wrapper_disable_vars"": [], ""hook_receivers"": [""sp""]}",/Users/zt25/coding/从 API 知识注入到源码图推理合成：PairCoder/Ollama问题存在性实验/result/simplug_7b_5model_comparison/prompts/qwen2.5-coder_7b__simplug-T006__B1_api_list.txt,/Users/zt25/coding/从 API 知识注入到源码图推理合成：PairCoder/Ollama问题存在性实验/result/simplug_7b_5model_comparison/generations/qwen2.5-coder_7b__simplug-T006__B1_api_list_run1.py
1,simplug-T006,B2_raw_api_docs,qwen2.5-coder:7b,3.35,True,False,True,missing API call,missing sp.disable call,"{""plugins_context_args"": [], ""disable_args"": [[""alpha"", []], [""gamma"", []]], ""get_plugin_assigns"": {}, ""get_plugin_bad_arg_vars"": [], ""wrapper_disable_vars"": [], ""hook_receivers"": [""sp""]}",/Users/zt25/coding/从 API 知识注入到源码图推理合成：PairCoder/Ollama问题存在性实验/result/simplug_7b_5model_comparison/prompts/qwen2.5-coder_7b__simplug-T006__B2_raw_api_docs.txt,/Users/zt25/coding/从 API 知识注入到源码图推理合成：PairCoder/Ollama问题存在性实验/result/simplug_7b_5model_comparison/generations/qwen2.5-coder_7b__simplug-T006__B2_raw_api_docs_run1.py
1,simplug-T006,B3_oracle_api_sequence,qwen2.5-coder:7b,2.81,True,False,True,wrong parameter semantics,"sp.disable receives plugin object variable instead of name string; sp.disable should receive plugin name strings ['alpha', 'gamma']","{""plugins_context_args"": [], ""disable_args"": [[""sp"", [""alpha""]], [""sp"", [""gamma""]]], ""get_plugin_assigns"": {}, ""get_plugin_bad_arg_vars"": [], ""wrapper_disable_vars"": [], ""hook_receivers"": [""sp""]}",/Users/zt25/coding/从 API 知识注入到源码图推理合成：PairCoder/Ollama问题存在性实验/result/simplug_7b_5model_comparison/prompts/qwen2.5-coder_7b__simplug-T006__B3_oracle_api_sequence.txt,/Users/zt25/coding/从 API 知识注入到源码图推理合成：PairCoder/Ollama问题存在性实验/result/simplug_7b_5model_comparison/generations/qwen2.5-coder_7b__simplug-T006__B3_oracle_api_sequence_run1.py
1,simplug-T006,B4_gold_pair_rule,qwen2.5-coder:7b,4.68,True,True,False,,,"{""plugins_context_args"": [], ""disable_args"": [[""sp"", [""'alpha'""]], [""sp"", [""'gamma'""]]], ""get_plugin_assigns"": {}, ""get_plugin_bad_arg_vars"": [], ""wrapper_disable_vars"": [], ""hook_receivers"": [""sp""]}",/Users/zt25/coding/从 API 知识注入到源码图推理合成：PairCoder/Ollama问题存在性实验/result/simplug_7b_5model_comparison/prompts/qwen2.5-coder_7b__simplug-T006__B4_gold_pair_rule.txt,/Users/zt25/coding/从 API 知识注入到源码图推理合成：PairCoder/Ollama问题存在性实验/result/simplug_7b_5model_comparison/generations/qwen2.5-coder_7b__simplug-T006__B4_gold_pair_rule_run1.py
1,simplug-T001,B0_direct,llama3.1:8b,7.29,True,False,True,missing API call,missing sp.plugins_context,"{""plugins_context_args"": [], ""disable_args"": [], ""get_plugin_assigns"": {}, ""get_plugin_bad_arg_vars"": [], ""wrapper_disable_vars"": [], ""hook_receivers"": [""sp""]}",/Users/zt25/coding/从 API 知识注入到源码图推理合成：PairCoder/Ollama问题存在性实验/result/simplug_7b_5model_comparison/prompts/llama3.1_8b__simplug-T001__B0_direct.txt,/Users/zt25/coding/从 API 知识注入到源码图推理合成：PairCoder/Ollama问题存在性实验/result/simplug_7b_5model_comparison/generations/llama3.1_8b__simplug-T001__B0_direct_run1.py
1,simplug-T001,B1_api_list,llama3.1:8b,2.28,True,False,True,wrong parameter semantics,plugins_context receives plugin object variable instead of name string; plugins_context should receive plugin name strings ['beta'],"{""plugins_context_args"": [""[beta]""], ""disable_args"": [], ""get_plugin_assigns"": {}, ""get_plugin_bad_arg_vars"": [], ""wrapper_disable_vars"": [], ""hook_receivers"": [""sp""]}",/Users/zt25/coding/从 API 知识注入到源码图推理合成：PairCoder/Ollama问题存在性实验/result/simplug_7b_5model_comparison/prompts/llama3.1_8b__simplug-T001__B1_api_list.txt,/Users/zt25/coding/从 API 知识注入到源码图推理合成：PairCoder/Ollama问题存在性实验/result/simplug_7b_5model_comparison/generations/llama3.1_8b__simplug-T001__B1_api_list_run1.py
1,simplug-T001,B2_raw_api_docs,llama3.1:8b,2.69,True,False,True,missing API call,missing sp.plugins_context,"{""plugins_context_args"": [], ""disable_args"": [], ""get_plugin_assigns"": {}, ""get_plugin_bad_arg_vars"": [], ""wrapper_disable_vars"": [], ""hook_receivers"": [""sp""]}",/Users/zt25/coding/从 API 知识注入到源码图推理合成：PairCoder/Ollama问题存在性实验/result/simplug_7b_5model_comparison/prompts/llama3.1_8b__simplug-T001__B2_raw_api_docs.txt,/Users/zt25/coding/从 API 知识注入到源码图推理合成：PairCoder/Ollama问题存在性实验/result/simplug_7b_5model_comparison/generations/llama3.1_8b__simplug-T001__B2_raw_api_docs_run1.py
1,simplug-T001,B3_oracle_api_sequence,llama3.1:8b,2.05,True,False,True,missing API call,missing sp.plugins_context,"{""plugins_context_args"": [], ""disable_args"": [], ""get_plugin_assigns"": {}, ""get_plugin_bad_arg_vars"": [], ""wrapper_disable_vars"": [], ""hook_receivers"": [""sp""]}",/Users/zt25/coding/从 API 知识注入到源码图推理合成：PairCoder/Ollama问题存在性实验/result/simplug_7b_5model_comparison/prompts/llama3.1_8b__simplug-T001__B3_oracle_api_sequence.txt,/Users/zt25/coding/从 API 知识注入到源码图推理合成：PairCoder/Ollama问题存在性实验/result/simplug_7b_5model_comparison/generations/llama3.1_8b__simplug-T001__B3_oracle_api_sequence_run1.py
1,simplug-T001,B4_gold_pair_rule,llama3.1:8b,3.37,True,True,False,,,"{""plugins_context_args"": [""['beta']""], ""disable_args"": [], ""get_plugin_assigns"": {}, ""get_plugin_bad_arg_vars"": [], ""wrapper_disable_vars"": [], ""hook_receivers"": [""sp""]}",/Users/zt25/coding/从 API 知识注入到源码图推理合成：PairCoder/Ollama问题存在性实验/result/simplug_7b_5model_comparison/prompts/llama3.1_8b__simplug-T001__B4_gold_pair_rule.txt,/Users/zt25/coding/从 API 知识注入到源码图推理合成：PairCoder/Ollama问题存在性实验/result/simplug_7b_5model_comparison/generations/llama3.1_8b__simplug-T001__B4_gold_pair_rule_run1.py
1,simplug-T002,B0_direct,llama3.1:8b,3.11,True,False,True,missing API call,missing sp.hooks.score call; missing sp.plugins_context,"{""plugins_context_args"": [], ""disable_args"": [], ""get_plugin_assigns"": {}, ""get_plugin_bad_arg_vars"": [], ""wrapper_disable_vars"": [], ""hook_receivers"": []}",/Users/zt25/coding/从 API 知识注入到源码图推理合成：PairCoder/Ollama问题存在性实验/result/simplug_7b_5model_comparison/prompts/llama3.1_8b__simplug-T002__B0_direct.txt,/Users/zt25/coding/从 API 知识注入到源码图推理合成：PairCoder/Ollama问题存在性实验/result/simplug_7b_5model_comparison/generations/llama3.1_8b__simplug-T002__B0_direct_run1.py
1,simplug-T002,B1_api_list,llama3.1:8b,3.51,True,False,True,wrong parameter semantics,"plugins_context should receive plugin name strings ['alpha', 'gamma']","{""plugins_context_args"": [""sp.get_plugin('alpha').enable()""], ""disable_args"": [], ""get_plugin_assigns"": {}, ""get_plugin_bad_arg_vars"": [], ""wrapper_disable_vars"": [], ""hook_receivers"": [""sp""]}",/Users/zt25/coding/从 API 知识注入到源码图推理合成：PairCoder/Ollama问题存在性实验/result/simplug_7b_5model_comparison/prompts/llama3.1_8b__simplug-T002__B1_api_list.txt,/Users/zt25/coding/从 API 知识注入到源码图推理合成：PairCoder/Ollama问题存在性实验/result/simplug_7b_5model_comparison/generations/llama3.1_8b__simplug-T002__B1_api_list_run1.py
1,simplug-T002,B2_raw_api_docs,llama3.1:8b,2.80,True,False,True,missing API call,missing sp.plugins_context,"{""plugins_context_args"": [], ""disable_args"": [], ""get_plugin_assigns"": {}, ""get_plugin_bad_arg_vars"": [], ""wrapper_disable_vars"": [], ""hook_receivers"": [""sp""]}",/Users/zt25/coding/从 API 知识注入到源码图推理合成：PairCoder/Ollama问题存在性实验/result/simplug_7b_5model_comparison/prompts/llama3.1_8b__simplug-T002__B2_raw_api_docs.txt,/Users/zt25/coding/从 API 知识注入到源码图推理合成：PairCoder/Ollama问题存在性实验/result/simplug_7b_5model_comparison/generations/llama3.1_8b__simplug-T002__B2_raw_api_docs_run1.py
1,simplug-T002,B3_oracle_api_sequence,llama3.1:8b,2.16,True,False,True,missing API call,missing sp.plugins_context,"{""plugins_context_args"": [], ""disable_args"": [], ""get_plugin_assigns"": {}, ""get_plugin_bad_arg_vars"": [], ""wrapper_disable_vars"": [], ""hook_receivers"": [""sp""]}",/Users/zt25/coding/从 API 知识注入到源码图推理合成：PairCoder/Ollama问题存在性实验/result/simplug_7b_5model_comparison/prompts/llama3.1_8b__simplug-T002__B3_oracle_api_sequence.txt,/Users/zt25/coding/从 API 知识注入到源码图推理合成：PairCoder/Ollama问题存在性实验/result/simplug_7b_5model_comparison/generations/llama3.1_8b__simplug-T002__B3_oracle_api_sequence_run1.py
1,simplug-T002,B4_gold_pair_rule,llama3.1:8b,3.55,True,True,False,,,"{""plugins_context_args"": [""['alpha', 'gamma']""], ""disable_args"": [], ""get_plugin_assigns"": {}, ""get_plugin_bad_arg_vars"": [], ""wrapper_disable_vars"": [], ""hook_receivers"": [""sp""]}",/Users/zt25/coding/从 API 知识注入到源码图推理合成：PairCoder/Ollama问题存在性实验/result/simplug_7b_5model_comparison/prompts/llama3.1_8b__simplug-T002__B4_gold_pair_rule.txt,/Users/zt25/coding/从 API 知识注入到源码图推理合成：PairCoder/Ollama问题存在性实验/result/simplug_7b_5model_comparison/generations/llama3.1_8b__simplug-T002__B4_gold_pair_rule_run1.py
1,simplug-T003,B0_direct,llama3.1:8b,2.70,True,False,True,missing API call,missing sp.disable call,"{""plugins_context_args"": [], ""disable_args"": [], ""get_plugin_assigns"": {}, ""get_plugin_bad_arg_vars"": [], ""wrapper_disable_vars"": [], ""hook_receivers"": [""sp""]}",/Users/zt25/coding/从 API 知识注入到源码图推理合成：PairCoder/Ollama问题存在性实验/result/simplug_7b_5model_comparison/prompts/llama3.1_8b__simplug-T003__B0_direct.txt,/Users/zt25/coding/从 API 知识注入到源码图推理合成：PairCoder/Ollama问题存在性实验/result/simplug_7b_5model_comparison/generations/llama3.1_8b__simplug-T003__B0_direct_run1.py
1,simplug-T003,B1_api_list,llama3.1:8b,2.91,True,False,True,missing API call,missing sp.disable call,"{""plugins_context_args"": [], ""disable_args"": [], ""get_plugin_assigns"": {}, ""get_plugin_bad_arg_vars"": [], ""wrapper_disable_vars"": [], ""hook_receivers"": [""sp""]}",/Users/zt25/coding/从 API 知识注入到源码图推理合成：PairCoder/Ollama问题存在性实验/result/simplug_7b_5model_comparison/prompts/llama3.1_8b__simplug-T003__B1_api_list.txt,/Users/zt25/coding/从 API 知识注入到源码图推理合成：PairCoder/Ollama问题存在性实验/result/simplug_7b_5model_comparison/generations/llama3.1_8b__simplug-T003__B1_api_list_run1.py
1,simplug-T003,B2_raw_api_docs,llama3.1:8b,2.67,True,False,True,wrong parameter semantics,sp.disable should receive plugin name strings ['beta'],"{""plugins_context_args"": [], ""disable_args"": [[""sp"", [""beta.name""]]], ""get_plugin_assigns"": {}, ""get_plugin_bad_arg_vars"": [], ""wrapper_disable_vars"": [], ""hook_receivers"": [""sp""]}",/Users/zt25/coding/从 API 知识注入到源码图推理合成：PairCoder/Ollama问题存在性实验/result/simplug_7b_5model_comparison/prompts/llama3.1_8b__simplug-T003__B2_raw_api_docs.txt,/Users/zt25/coding/从 API 知识注入到源码图推理合成：PairCoder/Ollama问题存在性实验/result/simplug_7b_5model_comparison/generations/llama3.1_8b__simplug-T003__B2_raw_api_docs_run1.py
1,simplug-T003,B3_oracle_api_sequence,llama3.1:8b,2.32,True,False,True,wrong parameter semantics,sp.disable receives plugin object variable instead of name string; sp.disable should receive plugin name strings ['beta'],"{""plugins_context_args"": [], ""disable_args"": [[""sp"", [""beta""]]], ""get_plugin_assigns"": {}, ""get_plugin_bad_arg_vars"": [], ""wrapper_disable_vars"": [], ""hook_receivers"": [""sp""]}",/Users/zt25/coding/从 API 知识注入到源码图推理合成：PairCoder/Ollama问题存在性实验/result/simplug_7b_5model_comparison/prompts/llama3.1_8b__simplug-T003__B3_oracle_api_sequence.txt,/Users/zt25/coding/从 API 知识注入到源码图推理合成：PairCoder/Ollama问题存在性实验/result/simplug_7b_5model_comparison/generations/llama3.1_8b__simplug-T003__B3_oracle_api_sequence_run1.py
1,simplug-T003,B4_gold_pair_rule,llama3.1:8b,3.97,True,True,False,,,"{""plugins_context_args"": [], ""disable_args"": [[""sp"", [""'beta'""]]], ""get_plugin_assigns"": {}, ""get_plugin_bad_arg_vars"": [], ""wrapper_disable_vars"": [], ""hook_receivers"": [""sp""]}",/Users/zt25/coding/从 API 知识注入到源码图推理合成：PairCoder/Ollama问题存在性实验/result/simplug_7b_5model_comparison/prompts/llama3.1_8b__simplug-T003__B4_gold_pair_rule.txt,/Users/zt25/coding/从 API 知识注入到源码图推理合成：PairCoder/Ollama问题存在性实验/result/simplug_7b_5model_comparison/generations/llama3.1_8b__simplug-T003__B4_gold_pair_rule_run1.py
1,simplug-T004,B0_direct,llama3.1:8b,2.59,True,False,True,wrong parameter semantics,sp.get_plugin called with non-string argument; pass the plugin name string 'beta',"{""plugins_context_args"": [], ""disable_args"": [[""beta_wrapper"", []]], ""get_plugin_assigns"": {}, ""get_plugin_bad_arg_vars"": [""beta_wrapper""], ""wrapper_disable_vars"": [], ""hook_receivers"": [""sp""]}",/Users/zt25/coding/从 API 知识注入到源码图推理合成：PairCoder/Ollama问题存在性实验/result/simplug_7b_5model_comparison/prompts/llama3.1_8b__simplug-T004__B0_direct.txt,/Users/zt25/coding/从 API 知识注入到源码图推理合成：PairCoder/Ollama问题存在性实验/result/simplug_7b_5model_comparison/generations/llama3.1_8b__simplug-T004__B0_direct_run1.py
1,simplug-T004,B1_api_list,llama3.1:8b,3.77,True,False,True,broken data flow,missing sp.get_plugin('beta') assignment,"{""plugins_context_args"": [""[beta]""], ""disable_args"": [[""beta"", []]], ""get_plugin_assigns"": {}, ""get_plugin_bad_arg_vars"": [], ""wrapper_disable_vars"": [], ""hook_receivers"": [""sp""]}",/Users/zt25/coding/从 API 知识注入到源码图推理合成：PairCoder/Ollama问题存在性实验/result/simplug_7b_5model_comparison/prompts/llama3.1_8b__simplug-T004__B1_api_list.txt,/Users/zt25/coding/从 API 知识注入到源码图推理合成：PairCoder/Ollama问题存在性实验/result/simplug_7b_5model_comparison/generations/llama3.1_8b__simplug-T004__B1_api_list_run1.py
1,simplug-T004,B2_raw_api_docs,llama3.1:8b,3.63,True,False,True,broken data flow,missing sp.get_plugin('beta') assignment,"{""plugins_context_args"": [], ""disable_args"": [], ""get_plugin_assigns"": {}, ""get_plugin_bad_arg_vars"": [], ""wrapper_disable_vars"": [], ""hook_receivers"": [""sp""]}",/Users/zt25/coding/从 API 知识注入到源码图推理合成：PairCoder/Ollama问题存在性实验/result/simplug_7b_5model_comparison/prompts/llama3.1_8b__simplug-T004__B2_raw_api_docs.txt,/Users/zt25/coding/从 API 知识注入到源码图推理合成：PairCoder/Ollama问题存在性实验/result/simplug_7b_5model_comparison/generations/llama3.1_8b__simplug-T004__B2_raw_api_docs_run1.py
1,simplug-T004,B3_oracle_api_sequence,llama3.1:8b,2.75,True,False,True,wrong parameter semantics,sp.get_plugin called with non-string argument; pass the plugin name string 'beta',"{""plugins_context_args"": [], ""disable_args"": [[""wrapper"", []]], ""get_plugin_assigns"": {}, ""get_plugin_bad_arg_vars"": [""beta""], ""wrapper_disable_vars"": [], ""hook_receivers"": [""sp""]}",/Users/zt25/coding/从 API 知识注入到源码图推理合成：PairCoder/Ollama问题存在性实验/result/simplug_7b_5model_comparison/prompts/llama3.1_8b__simplug-T004__B3_oracle_api_sequence.txt,/Users/zt25/coding/从 API 知识注入到源码图推理合成：PairCoder/Ollama问题存在性实验/result/simplug_7b_5model_comparison/generations/llama3.1_8b__simplug-T004__B3_oracle_api_sequence_run1.py
1,simplug-T004,B4_gold_pair_rule,llama3.1:8b,4.58,True,True,False,,,"{""plugins_context_args"": [], ""disable_args"": [[""wrapper"", []]], ""get_plugin_assigns"": {""wrapper"": ""beta""}, ""get_plugin_bad_arg_vars"": [], ""wrapper_disable_vars"": [""wrapper""], ""hook_receivers"": [""sp""]}",/Users/zt25/coding/从 API 知识注入到源码图推理合成：PairCoder/Ollama问题存在性实验/result/simplug_7b_5model_comparison/prompts/llama3.1_8b__simplug-T004__B4_gold_pair_rule.txt,/Users/zt25/coding/从 API 知识注入到源码图推理合成：PairCoder/Ollama问题存在性实验/result/simplug_7b_5model_comparison/generations/llama3.1_8b__simplug-T004__B4_gold_pair_rule_run1.py
1,simplug-T005,B0_direct,llama3.1:8b,3.96,False,False,True,syntax_error,syntax_error,"expression cannot contain assignment, perhaps you meant ""==""? (<unknown>, line 2)",/Users/zt25/coding/从 API 知识注入到源码图推理合成：PairCoder/Ollama问题存在性实验/result/simplug_7b_5model_comparison/prompts/llama3.1_8b__simplug-T005__B0_direct.txt,/Users/zt25/coding/从 API 知识注入到源码图推理合成：PairCoder/Ollama问题存在性实验/result/simplug_7b_5model_comparison/generations/llama3.1_8b__simplug-T005__B0_direct_run1.py
1,simplug-T005,B1_api_list,llama3.1:8b,5.13,True,False,True,wrong parameter semantics,plugins_context receives plugin object variable instead of name string; plugins_context should receive plugin name strings ['beta'],"{""plugins_context_args"": [""[beta]""], ""disable_args"": [[""sp"", [""beta.name""]]], ""get_plugin_assigns"": {}, ""get_plugin_bad_arg_vars"": [], ""wrapper_disable_vars"": [], ""hook_receivers"": [""sp"", ""sp""]}",/Users/zt25/coding/从 API 知识注入到源码图推理合成：PairCoder/Ollama问题存在性实验/result/simplug_7b_5model_comparison/prompts/llama3.1_8b__simplug-T005__B1_api_list.txt,/Users/zt25/coding/从 API 知识注入到源码图推理合成：PairCoder/Ollama问题存在性实验/result/simplug_7b_5model_comparison/generations/llama3.1_8b__simplug-T005__B1_api_list_run1.py
1,simplug-T005,B2_raw_api_docs,llama3.1:8b,4.86,True,False,True,missing API call,missing sp.plugins_context,"{""plugins_context_args"": [], ""disable_args"": [], ""get_plugin_assigns"": {}, ""get_plugin_bad_arg_vars"": [], ""wrapper_disable_vars"": [], ""hook_receivers"": [""sp"", ""sp""]}",/Users/zt25/coding/从 API 知识注入到源码图推理合成：PairCoder/Ollama问题存在性实验/result/simplug_7b_5model_comparison/prompts/llama3.1_8b__simplug-T005__B2_raw_api_docs.txt,/Users/zt25/coding/从 API 知识注入到源码图推理合成：PairCoder/Ollama问题存在性实验/result/simplug_7b_5model_comparison/generations/llama3.1_8b__simplug-T005__B2_raw_api_docs_run1.py
1,simplug-T005,B3_oracle_api_sequence,llama3.1:8b,3.87,True,False,True,missing API call,missing sp.plugins_context,"{""plugins_context_args"": [], ""disable_args"": [], ""get_plugin_assigns"": {}, ""get_plugin_bad_arg_vars"": [], ""wrapper_disable_vars"": [], ""hook_receivers"": [""sp"", ""sp""]}",/Users/zt25/coding/从 API 知识注入到源码图推理合成：PairCoder/Ollama问题存在性实验/result/simplug_7b_5model_comparison/prompts/llama3.1_8b__simplug-T005__B3_oracle_api_sequence.txt,/Users/zt25/coding/从 API 知识注入到源码图推理合成：PairCoder/Ollama问题存在性实验/result/simplug_7b_5model_comparison/generations/llama3.1_8b__simplug-T005__B3_oracle_api_sequence_run1.py
1,simplug-T005,B4_gold_pair_rule,llama3.1:8b,6.64,True,True,False,,,"{""plugins_context_args"": [""['beta']""], ""disable_args"": [], ""get_plugin_assigns"": {}, ""get_plugin_bad_arg_vars"": [], ""wrapper_disable_vars"": [], ""hook_receivers"": [""sp"", ""sp""]}",/Users/zt25/coding/从 API 知识注入到源码图推理合成：PairCoder/Ollama问题存在性实验/result/simplug_7b_5model_comparison/prompts/llama3.1_8b__simplug-T005__B4_gold_pair_rule.txt,/Users/zt25/coding/从 API 知识注入到源码图推理合成：PairCoder/Ollama问题存在性实验/result/simplug_7b_5model_comparison/generations/llama3.1_8b__simplug-T005__B4_gold_pair_rule_run1.py
1,simplug-T006,B0_direct,llama3.1:8b,3.11,True,False,True,missing API call,missing sp.disable call,"{""plugins_context_args"": [], ""disable_args"": [], ""get_plugin_assigns"": {}, ""get_plugin_bad_arg_vars"": [], ""wrapper_disable_vars"": [], ""hook_receivers"": [""sp""]}",/Users/zt25/coding/从 API 知识注入到源码图推理合成：PairCoder/Ollama问题存在性实验/result/simplug_7b_5model_comparison/prompts/llama3.1_8b__simplug-T006__B0_direct.txt,/Users/zt25/coding/从 API 知识注入到源码图推理合成：PairCoder/Ollama问题存在性实验/result/simplug_7b_5model_comparison/generations/llama3.1_8b__simplug-T006__B0_direct_run1.py
1,simplug-T006,B1_api_list,llama3.1:8b,3.73,True,False,True,missing API call,missing sp.disable call,"{""plugins_context_args"": [], ""disable_args"": [], ""get_plugin_assigns"": {}, ""get_plugin_bad_arg_vars"": [], ""wrapper_disable_vars"": [], ""hook_receivers"": [""sp""]}",/Users/zt25/coding/从 API 知识注入到源码图推理合成：PairCoder/Ollama问题存在性实验/result/simplug_7b_5model_comparison/prompts/llama3.1_8b__simplug-T006__B1_api_list.txt,/Users/zt25/coding/从 API 知识注入到源码图推理合成：PairCoder/Ollama问题存在性实验/result/simplug_7b_5model_comparison/generations/llama3.1_8b__simplug-T006__B1_api_list_run1.py
1,simplug-T006,B2_raw_api_docs,llama3.1:8b,3.03,True,False,True,missing API call,missing sp.disable call,"{""plugins_context_args"": [], ""disable_args"": [], ""get_plugin_assigns"": {}, ""get_plugin_bad_arg_vars"": [], ""wrapper_disable_vars"": [], ""hook_receivers"": [""sp""]}",/Users/zt25/coding/从 API 知识注入到源码图推理合成：PairCoder/Ollama问题存在性实验/result/simplug_7b_5model_comparison/prompts/llama3.1_8b__simplug-T006__B2_raw_api_docs.txt,/Users/zt25/coding/从 API 知识注入到源码图推理合成：PairCoder/Ollama问题存在性实验/result/simplug_7b_5model_comparison/generations/llama3.1_8b__simplug-T006__B2_raw_api_docs_run1.py
1,simplug-T006,B3_oracle_api_sequence,llama3.1:8b,2.71,True,False,True,wrong parameter semantics,"sp.disable receives plugin object variable instead of name string; sp.disable should receive plugin name strings ['alpha', 'gamma']","{""plugins_context_args"": [], ""disable_args"": [[""sp"", [""alpha""]], [""sp"", [""gamma""]]], ""get_plugin_assigns"": {}, ""get_plugin_bad_arg_vars"": [], ""wrapper_disable_vars"": [], ""hook_receivers"": [""sp""]}",/Users/zt25/coding/从 API 知识注入到源码图推理合成：PairCoder/Ollama问题存在性实验/result/simplug_7b_5model_comparison/prompts/llama3.1_8b__simplug-T006__B3_oracle_api_sequence.txt,/Users/zt25/coding/从 API 知识注入到源码图推理合成：PairCoder/Ollama问题存在性实验/result/simplug_7b_5model_comparison/generations/llama3.1_8b__simplug-T006__B3_oracle_api_sequence_run1.py
1,simplug-T006,B4_gold_pair_rule,llama3.1:8b,4.23,True,False,True,wrong parameter semantics,"sp.disable receives plugin object variable instead of name string; sp.disable should receive plugin name strings ['alpha', 'gamma']","{""plugins_context_args"": [], ""disable_args"": [[""sp"", [""alpha""]], [""sp"", [""gamma""]]], ""get_plugin_assigns"": {}, ""get_plugin_bad_arg_vars"": [], ""wrapper_disable_vars"": [], ""hook_receivers"": [""sp""]}",/Users/zt25/coding/从 API 知识注入到源码图推理合成：PairCoder/Ollama问题存在性实验/result/simplug_7b_5model_comparison/prompts/llama3.1_8b__simplug-T006__B4_gold_pair_rule.txt,/Users/zt25/coding/从 API 知识注入到源码图推理合成：PairCoder/Ollama问题存在性实验/result/simplug_7b_5model_comparison/generations/llama3.1_8b__simplug-T006__B4_gold_pair_rule_run1.py
1,simplug-T001,B0_direct,gemma2:9b,9.73,True,False,True,missing API call,missing sp.plugins_context,"{""plugins_context_args"": [], ""disable_args"": [], ""get_plugin_assigns"": {}, ""get_plugin_bad_arg_vars"": [], ""wrapper_disable_vars"": [], ""hook_receivers"": [""sp""]}",/Users/zt25/coding/从 API 知识注入到源码图推理合成：PairCoder/Ollama问题存在性实验/result/simplug_7b_5model_comparison/prompts/gemma2_9b__simplug-T001__B0_direct.txt,/Users/zt25/coding/从 API 知识注入到源码图推理合成：PairCoder/Ollama问题存在性实验/result/simplug_7b_5model_comparison/generations/gemma2_9b__simplug-T001__B0_direct_run1.py
1,simplug-T001,B1_api_list,gemma2:9b,4.47,True,False,True,wrong parameter semantics,plugins_context should receive plugin name strings ['beta'],"{""plugins_context_args"": [""[sp.get_plugin('beta')]""], ""disable_args"": [], ""get_plugin_assigns"": {}, ""get_plugin_bad_arg_vars"": [], ""wrapper_disable_vars"": [], ""hook_receivers"": [""sp""]}",/Users/zt25/coding/从 API 知识注入到源码图推理合成：PairCoder/Ollama问题存在性实验/result/simplug_7b_5model_comparison/prompts/gemma2_9b__simplug-T001__B1_api_list.txt,/Users/zt25/coding/从 API 知识注入到源码图推理合成：PairCoder/Ollama问题存在性实验/result/simplug_7b_5model_comparison/generations/gemma2_9b__simplug-T001__B1_api_list_run1.py
1,simplug-T001,B2_raw_api_docs,gemma2:9b,4.57,True,False,True,missing API call,missing sp.plugins_context,"{""plugins_context_args"": [], ""disable_args"": [], ""get_plugin_assigns"": {}, ""get_plugin_bad_arg_vars"": [], ""wrapper_disable_vars"": [], ""hook_receivers"": [""sp""]}",/Users/zt25/coding/从 API 知识注入到源码图推理合成：PairCoder/Ollama问题存在性实验/result/simplug_7b_5model_comparison/prompts/gemma2_9b__simplug-T001__B2_raw_api_docs.txt,/Users/zt25/coding/从 API 知识注入到源码图推理合成：PairCoder/Ollama问题存在性实验/result/simplug_7b_5model_comparison/generations/gemma2_9b__simplug-T001__B2_raw_api_docs_run1.py
1,simplug-T001,B3_oracle_api_sequence,gemma2:9b,3.57,True,False,True,wrong parameter semantics,plugins_context should receive plugin name strings ['beta'],"{""plugins_context_args"": [""{'beta': True}""], ""disable_args"": [], ""get_plugin_assigns"": {}, ""get_plugin_bad_arg_vars"": [], ""wrapper_disable_vars"": [], ""hook_receivers"": [""sp""]}",/Users/zt25/coding/从 API 知识注入到源码图推理合成：PairCoder/Ollama问题存在性实验/result/simplug_7b_5model_comparison/prompts/gemma2_9b__simplug-T001__B3_oracle_api_sequence.txt,/Users/zt25/coding/从 API 知识注入到源码图推理合成：PairCoder/Ollama问题存在性实验/result/simplug_7b_5model_comparison/generations/gemma2_9b__simplug-T001__B3_oracle_api_sequence_run1.py
1,simplug-T001,B4_gold_pair_rule,gemma2:9b,5.74,True,True,False,,,"{""plugins_context_args"": [""['beta']""], ""disable_args"": [], ""get_plugin_assigns"": {}, ""get_plugin_bad_arg_vars"": [], ""wrapper_disable_vars"": [], ""hook_receivers"": [""sp""]}",/Users/zt25/coding/从 API 知识注入到源码图推理合成：PairCoder/Ollama问题存在性实验/result/simplug_7b_5model_comparison/prompts/gemma2_9b__simplug-T001__B4_gold_pair_rule.txt,/Users/zt25/coding/从 API 知识注入到源码图推理合成：PairCoder/Ollama问题存在性实验/result/simplug_7b_5model_comparison/generations/gemma2_9b__simplug-T001__B4_gold_pair_rule_run1.py
1,simplug-T002,B0_direct,gemma2:9b,5.06,True,False,True,missing API call,missing sp.plugins_context,"{""plugins_context_args"": [], ""disable_args"": [], ""get_plugin_assigns"": {}, ""get_plugin_bad_arg_vars"": [], ""wrapper_disable_vars"": [], ""hook_receivers"": [""sp""]}",/Users/zt25/coding/从 API 知识注入到源码图推理合成：PairCoder/Ollama问题存在性实验/result/simplug_7b_5model_comparison/prompts/gemma2_9b__simplug-T002__B0_direct.txt,/Users/zt25/coding/从 API 知识注入到源码图推理合成：PairCoder/Ollama问题存在性实验/result/simplug_7b_5model_comparison/generations/gemma2_9b__simplug-T002__B0_direct_run1.py
1,simplug-T002,B1_api_list,gemma2:9b,7.84,True,False,True,wrong parameter semantics,"plugins_context should receive plugin name strings ['alpha', 'gamma']","{""plugins_context_args"": [""{'alpha': sp.get_plugin('alpha'), 'gamma': sp.get_plugin('gamma')}""], ""disable_args"": [[""sp"", [""*[p for p in sp.plugins if p not in ('alpha', 'gamma')]""]]], ""get_plugin_assigns"": {}, ""get_plugin_bad_arg_vars"": [], ""wrapper_disable_vars"": [], ""hook_receivers"": [""sp""]}",/Users/zt25/coding/从 API 知识注入到源码图推理合成：PairCoder/Ollama问题存在性实验/result/simplug_7b_5model_comparison/prompts/gemma2_9b__simplug-T002__B1_api_list.txt,/Users/zt25/coding/从 API 知识注入到源码图推理合成：PairCoder/Ollama问题存在性实验/result/simplug_7b_5model_comparison/generations/gemma2_9b__simplug-T002__B1_api_list_run1.py
1,simplug-T002,B2_raw_api_docs,gemma2:9b,5.02,True,False,True,missing API call,missing sp.plugins_context,"{""plugins_context_args"": [], ""disable_args"": [], ""get_plugin_assigns"": {}, ""get_plugin_bad_arg_vars"": [], ""wrapper_disable_vars"": [], ""hook_receivers"": [""sp""]}",/Users/zt25/coding/从 API 知识注入到源码图推理合成：PairCoder/Ollama问题存在性实验/result/simplug_7b_5model_comparison/prompts/gemma2_9b__simplug-T002__B2_raw_api_docs.txt,/Users/zt25/coding/从 API 知识注入到源码图推理合成：PairCoder/Ollama问题存在性实验/result/simplug_7b_5model_comparison/generations/gemma2_9b__simplug-T002__B2_raw_api_docs_run1.py
1,simplug-T002,B3_oracle_api_sequence,gemma2:9b,4.57,True,False,True,missing API call,missing sp.plugins_context,"{""plugins_context_args"": [], ""disable_args"": [], ""get_plugin_assigns"": {}, ""get_plugin_bad_arg_vars"": [], ""wrapper_disable_vars"": [], ""hook_receivers"": [""sp""]}",/Users/zt25/coding/从 API 知识注入到源码图推理合成：PairCoder/Ollama问题存在性实验/result/simplug_7b_5model_comparison/prompts/gemma2_9b__simplug-T002__B3_oracle_api_sequence.txt,/Users/zt25/coding/从 API 知识注入到源码图推理合成：PairCoder/Ollama问题存在性实验/result/simplug_7b_5model_comparison/generations/gemma2_9b__simplug-T002__B3_oracle_api_sequence_run1.py
1,simplug-T002,B4_gold_pair_rule,gemma2:9b,6.31,True,True,False,,,"{""plugins_context_args"": [""['alpha', 'gamma']""], ""disable_args"": [], ""get_plugin_assigns"": {}, ""get_plugin_bad_arg_vars"": [], ""wrapper_disable_vars"": [], ""hook_receivers"": [""sp""]}",/Users/zt25/coding/从 API 知识注入到源码图推理合成：PairCoder/Ollama问题存在性实验/result/simplug_7b_5model_comparison/prompts/gemma2_9b__simplug-T002__B4_gold_pair_rule.txt,/Users/zt25/coding/从 API 知识注入到源码图推理合成：PairCoder/Ollama问题存在性实验/result/simplug_7b_5model_comparison/generations/gemma2_9b__simplug-T002__B4_gold_pair_rule_run1.py
1,simplug-T003,B0_direct,gemma2:9b,3.93,True,False,True,missing API call,missing sp.disable call,"{""plugins_context_args"": [], ""disable_args"": [[""sp.hooks"", [""'beta'""]]], ""get_plugin_assigns"": {}, ""get_plugin_bad_arg_vars"": [], ""wrapper_disable_vars"": [], ""hook_receivers"": [""sp""]}",/Users/zt25/coding/从 API 知识注入到源码图推理合成：PairCoder/Ollama问题存在性实验/result/simplug_7b_5model_comparison/prompts/gemma2_9b__simplug-T003__B0_direct.txt,/Users/zt25/coding/从 API 知识注入到源码图推理合成：PairCoder/Ollama问题存在性实验/result/simplug_7b_5model_comparison/generations/gemma2_9b__simplug-T003__B0_direct_run1.py
1,simplug-T003,B1_api_list,gemma2:9b,4.72,True,True,False,,,"{""plugins_context_args"": [], ""disable_args"": [[""sp"", [""'beta'""]]], ""get_plugin_assigns"": {}, ""get_plugin_bad_arg_vars"": [], ""wrapper_disable_vars"": [], ""hook_receivers"": [""sp""]}",/Users/zt25/coding/从 API 知识注入到源码图推理合成：PairCoder/Ollama问题存在性实验/result/simplug_7b_5model_comparison/prompts/gemma2_9b__simplug-T003__B1_api_list.txt,/Users/zt25/coding/从 API 知识注入到源码图推理合成：PairCoder/Ollama问题存在性实验/result/simplug_7b_5model_comparison/generations/gemma2_9b__simplug-T003__B1_api_list_run1.py
1,simplug-T003,B2_raw_api_docs,gemma2:9b,4.81,True,True,False,,,"{""plugins_context_args"": [], ""disable_args"": [[""sp"", [""'beta'""]]], ""get_plugin_assigns"": {}, ""get_plugin_bad_arg_vars"": [], ""wrapper_disable_vars"": [], ""hook_receivers"": [""sp""]}",/Users/zt25/coding/从 API 知识注入到源码图推理合成：PairCoder/Ollama问题存在性实验/result/simplug_7b_5model_comparison/prompts/gemma2_9b__simplug-T003__B2_raw_api_docs.txt,/Users/zt25/coding/从 API 知识注入到源码图推理合成：PairCoder/Ollama问题存在性实验/result/simplug_7b_5model_comparison/generations/gemma2_9b__simplug-T003__B2_raw_api_docs_run1.py
1,simplug-T003,B3_oracle_api_sequence,gemma2:9b,3.70,True,True,False,,,"{""plugins_context_args"": [], ""disable_args"": [[""sp"", [""'beta'""]]], ""get_plugin_assigns"": {}, ""get_plugin_bad_arg_vars"": [], ""wrapper_disable_vars"": [], ""hook_receivers"": [""sp""]}",/Users/zt25/coding/从 API 知识注入到源码图推理合成：PairCoder/Ollama问题存在性实验/result/simplug_7b_5model_comparison/prompts/gemma2_9b__simplug-T003__B3_oracle_api_sequence.txt,/Users/zt25/coding/从 API 知识注入到源码图推理合成：PairCoder/Ollama问题存在性实验/result/simplug_7b_5model_comparison/generations/gemma2_9b__simplug-T003__B3_oracle_api_sequence_run1.py
1,simplug-T003,B4_gold_pair_rule,gemma2:9b,5.81,True,True,False,,,"{""plugins_context_args"": [], ""disable_args"": [[""sp"", [""'beta'""]]], ""get_plugin_assigns"": {}, ""get_plugin_bad_arg_vars"": [], ""wrapper_disable_vars"": [], ""hook_receivers"": [""sp""]}",/Users/zt25/coding/从 API 知识注入到源码图推理合成：PairCoder/Ollama问题存在性实验/result/simplug_7b_5model_comparison/prompts/gemma2_9b__simplug-T003__B4_gold_pair_rule.txt,/Users/zt25/coding/从 API 知识注入到源码图推理合成：PairCoder/Ollama问题存在性实验/result/simplug_7b_5model_comparison/generations/gemma2_9b__simplug-T003__B4_gold_pair_rule_run1.py
1,simplug-T004,B0_direct,gemma2:9b,4.88,True,False,True,broken data flow,missing sp.get_plugin('beta') assignment,"{""plugins_context_args"": [], ""disable_args"": [], ""get_plugin_assigns"": {}, ""get_plugin_bad_arg_vars"": [], ""wrapper_disable_vars"": [], ""hook_receivers"": [""sp""]}",/Users/zt25/coding/从 API 知识注入到源码图推理合成：PairCoder/Ollama问题存在性实验/result/simplug_7b_5model_comparison/prompts/gemma2_9b__simplug-T004__B0_direct.txt,/Users/zt25/coding/从 API 知识注入到源码图推理合成：PairCoder/Ollama问题存在性实验/result/simplug_7b_5model_comparison/generations/gemma2_9b__simplug-T004__B0_direct_run1.py
1,simplug-T004,B1_api_list,gemma2:9b,6.61,True,False,True,wrong parameter semantics,sp.get_plugin called with non-string argument; pass the plugin name string 'beta',"{""plugins_context_args"": [""[beta]""], ""disable_args"": [[""beta_wrapper"", []]], ""get_plugin_assigns"": {}, ""get_plugin_bad_arg_vars"": [""beta_wrapper""], ""wrapper_disable_vars"": [], ""hook_receivers"": [""sp""]}",/Users/zt25/coding/从 API 知识注入到源码图推理合成：PairCoder/Ollama问题存在性实验/result/simplug_7b_5model_comparison/prompts/gemma2_9b__simplug-T004__B1_api_list.txt,/Users/zt25/coding/从 API 知识注入到源码图推理合成：PairCoder/Ollama问题存在性实验/result/simplug_7b_5model_comparison/generations/gemma2_9b__simplug-T004__B1_api_list_run1.py
1,simplug-T004,B2_raw_api_docs,gemma2:9b,7.20,True,True,False,,,"{""plugins_context_args"": [], ""disable_args"": [[""beta_wrapper"", []]], ""get_plugin_assigns"": {""beta_wrapper"": ""beta""}, ""get_plugin_bad_arg_vars"": [], ""wrapper_disable_vars"": [""beta_wrapper""], ""hook_receivers"": [""sp""]}",/Users/zt25/coding/从 API 知识注入到源码图推理合成：PairCoder/Ollama问题存在性实验/result/simplug_7b_5model_comparison/prompts/gemma2_9b__simplug-T004__B2_raw_api_docs.txt,/Users/zt25/coding/从 API 知识注入到源码图推理合成：PairCoder/Ollama问题存在性实验/result/simplug_7b_5model_comparison/generations/gemma2_9b__simplug-T004__B2_raw_api_docs_run1.py
1,simplug-T004,B3_oracle_api_sequence,gemma2:9b,4.42,True,True,False,,,"{""plugins_context_args"": [], ""disable_args"": [[""wrapper"", []]], ""get_plugin_assigns"": {""wrapper"": ""beta""}, ""get_plugin_bad_arg_vars"": [], ""wrapper_disable_vars"": [""wrapper""], ""hook_receivers"": [""sp""]}",/Users/zt25/coding/从 API 知识注入到源码图推理合成：PairCoder/Ollama问题存在性实验/result/simplug_7b_5model_comparison/prompts/gemma2_9b__simplug-T004__B3_oracle_api_sequence.txt,/Users/zt25/coding/从 API 知识注入到源码图推理合成：PairCoder/Ollama问题存在性实验/result/simplug_7b_5model_comparison/generations/gemma2_9b__simplug-T004__B3_oracle_api_sequence_run1.py
1,simplug-T004,B4_gold_pair_rule,gemma2:9b,6.79,True,True,False,,,"{""plugins_context_args"": [], ""disable_args"": [[""wrapper"", []]], ""get_plugin_assigns"": {""wrapper"": ""beta""}, ""get_plugin_bad_arg_vars"": [], ""wrapper_disable_vars"": [""wrapper""], ""hook_receivers"": [""sp""]}",/Users/zt25/coding/从 API 知识注入到源码图推理合成：PairCoder/Ollama问题存在性实验/result/simplug_7b_5model_comparison/prompts/gemma2_9b__simplug-T004__B4_gold_pair_rule.txt,/Users/zt25/coding/从 API 知识注入到源码图推理合成：PairCoder/Ollama问题存在性实验/result/simplug_7b_5model_comparison/generations/gemma2_9b__simplug-T004__B4_gold_pair_rule_run1.py
1,simplug-T005,B0_direct,gemma2:9b,6.80,True,False,True,missing API call,missing sp.plugins_context,"{""plugins_context_args"": [], ""disable_args"": [], ""get_plugin_assigns"": {}, ""get_plugin_bad_arg_vars"": [], ""wrapper_disable_vars"": [], ""hook_receivers"": [""sp"", ""sp""]}",/Users/zt25/coding/从 API 知识注入到源码图推理合成：PairCoder/Ollama问题存在性实验/result/simplug_7b_5model_comparison/prompts/gemma2_9b__simplug-T005__B0_direct.txt,/Users/zt25/coding/从 API 知识注入到源码图推理合成：PairCoder/Ollama问题存在性实验/result/simplug_7b_5model_comparison/generations/gemma2_9b__simplug-T005__B0_direct_run1.py
1,simplug-T005,B1_api_list,gemma2:9b,8.26,True,False,True,wrong parameter semantics,plugins_context should receive plugin name strings ['beta'],"{""plugins_context_args"": [""[sp.get_plugin('beta')]""], ""disable_args"": [], ""get_plugin_assigns"": {}, ""get_plugin_bad_arg_vars"": [], ""wrapper_disable_vars"": [], ""hook_receivers"": [""sp"", ""sp""]}",/Users/zt25/coding/从 API 知识注入到源码图推理合成：PairCoder/Ollama问题存在性实验/result/simplug_7b_5model_comparison/prompts/gemma2_9b__simplug-T005__B1_api_list.txt,/Users/zt25/coding/从 API 知识注入到源码图推理合成：PairCoder/Ollama问题存在性实验/result/simplug_7b_5model_comparison/generations/gemma2_9b__simplug-T005__B1_api_list_run1.py
1,simplug-T005,B2_raw_api_docs,gemma2:9b,6.82,True,False,True,missing API call,missing sp.plugins_context,"{""plugins_context_args"": [], ""disable_args"": [], ""get_plugin_assigns"": {}, ""get_plugin_bad_arg_vars"": [], ""wrapper_disable_vars"": [], ""hook_receivers"": [""sp"", ""sp""]}",/Users/zt25/coding/从 API 知识注入到源码图推理合成：PairCoder/Ollama问题存在性实验/result/simplug_7b_5model_comparison/prompts/gemma2_9b__simplug-T005__B2_raw_api_docs.txt,/Users/zt25/coding/从 API 知识注入到源码图推理合成：PairCoder/Ollama问题存在性实验/result/simplug_7b_5model_comparison/generations/gemma2_9b__simplug-T005__B2_raw_api_docs_run1.py
1,simplug-T005,B3_oracle_api_sequence,gemma2:9b,6.18,True,False,True,missing API call,missing sp.plugins_context,"{""plugins_context_args"": [], ""disable_args"": [], ""get_plugin_assigns"": {}, ""get_plugin_bad_arg_vars"": [], ""wrapper_disable_vars"": [], ""hook_receivers"": [""sp"", ""sp""]}",/Users/zt25/coding/从 API 知识注入到源码图推理合成：PairCoder/Ollama问题存在性实验/result/simplug_7b_5model_comparison/prompts/gemma2_9b__simplug-T005__B3_oracle_api_sequence.txt,/Users/zt25/coding/从 API 知识注入到源码图推理合成：PairCoder/Ollama问题存在性实验/result/simplug_7b_5model_comparison/generations/gemma2_9b__simplug-T005__B3_oracle_api_sequence_run1.py
1,simplug-T005,B4_gold_pair_rule,gemma2:9b,8.69,True,True,False,,,"{""plugins_context_args"": [""['beta']""], ""disable_args"": [[""sp"", [""'beta'""]]], ""get_plugin_assigns"": {}, ""get_plugin_bad_arg_vars"": [], ""wrapper_disable_vars"": [], ""hook_receivers"": [""sp"", ""sp""]}",/Users/zt25/coding/从 API 知识注入到源码图推理合成：PairCoder/Ollama问题存在性实验/result/simplug_7b_5model_comparison/prompts/gemma2_9b__simplug-T005__B4_gold_pair_rule.txt,/Users/zt25/coding/从 API 知识注入到源码图推理合成：PairCoder/Ollama问题存在性实验/result/simplug_7b_5model_comparison/generations/gemma2_9b__simplug-T005__B4_gold_pair_rule_run1.py
1,simplug-T006,B0_direct,gemma2:9b,4.70,True,False,True,missing API call,missing sp.disable call,"{""plugins_context_args"": [], ""disable_args"": [[""sp.hooks"", [""'alpha'""]], [""sp.hooks"", [""'gamma'""]]], ""get_plugin_assigns"": {}, ""get_plugin_bad_arg_vars"": [], ""wrapper_disable_vars"": [], ""hook_receivers"": [""sp""]}",/Users/zt25/coding/从 API 知识注入到源码图推理合成：PairCoder/Ollama问题存在性实验/result/simplug_7b_5model_comparison/prompts/gemma2_9b__simplug-T006__B0_direct.txt,/Users/zt25/coding/从 API 知识注入到源码图推理合成：PairCoder/Ollama问题存在性实验/result/simplug_7b_5model_comparison/generations/gemma2_9b__simplug-T006__B0_direct_run1.py
1,simplug-T006,B1_api_list,gemma2:9b,5.16,True,True,False,,,"{""plugins_context_args"": [], ""disable_args"": [[""sp"", [""'alpha'"", ""'gamma'""]]], ""get_plugin_assigns"": {}, ""get_plugin_bad_arg_vars"": [], ""wrapper_disable_vars"": [], ""hook_receivers"": [""sp""]}",/Users/zt25/coding/从 API 知识注入到源码图推理合成：PairCoder/Ollama问题存在性实验/result/simplug_7b_5model_comparison/prompts/gemma2_9b__simplug-T006__B1_api_list.txt,/Users/zt25/coding/从 API 知识注入到源码图推理合成：PairCoder/Ollama问题存在性实验/result/simplug_7b_5model_comparison/generations/gemma2_9b__simplug-T006__B1_api_list_run1.py
1,simplug-T006,B2_raw_api_docs,gemma2:9b,5.21,True,True,False,,,"{""plugins_context_args"": [], ""disable_args"": [[""sp"", [""'alpha'"", ""'gamma'""]]], ""get_plugin_assigns"": {}, ""get_plugin_bad_arg_vars"": [], ""wrapper_disable_vars"": [], ""hook_receivers"": [""sp""]}",/Users/zt25/coding/从 API 知识注入到源码图推理合成：PairCoder/Ollama问题存在性实验/result/simplug_7b_5model_comparison/prompts/gemma2_9b__simplug-T006__B2_raw_api_docs.txt,/Users/zt25/coding/从 API 知识注入到源码图推理合成：PairCoder/Ollama问题存在性实验/result/simplug_7b_5model_comparison/generations/gemma2_9b__simplug-T006__B2_raw_api_docs_run1.py
1,simplug-T006,B3_oracle_api_sequence,gemma2:9b,4.39,True,True,False,,,"{""plugins_context_args"": [], ""disable_args"": [[""sp"", [""'alpha'""]], [""sp"", [""'gamma'""]]], ""get_plugin_assigns"": {}, ""get_plugin_bad_arg_vars"": [], ""wrapper_disable_vars"": [], ""hook_receivers"": [""sp""]}",/Users/zt25/coding/从 API 知识注入到源码图推理合成：PairCoder/Ollama问题存在性实验/result/simplug_7b_5model_comparison/prompts/gemma2_9b__simplug-T006__B3_oracle_api_sequence.txt,/Users/zt25/coding/从 API 知识注入到源码图推理合成：PairCoder/Ollama问题存在性实验/result/simplug_7b_5model_comparison/generations/gemma2_9b__simplug-T006__B3_oracle_api_sequence_run1.py
1,simplug-T006,B4_gold_pair_rule,gemma2:9b,6.39,True,True,False,,,"{""plugins_context_args"": [], ""disable_args"": [[""sp"", [""'alpha'""]], [""sp"", [""'gamma'""]]], ""get_plugin_assigns"": {}, ""get_plugin_bad_arg_vars"": [], ""wrapper_disable_vars"": [], ""hook_receivers"": [""sp""]}",/Users/zt25/coding/从 API 知识注入到源码图推理合成：PairCoder/Ollama问题存在性实验/result/simplug_7b_5model_comparison/prompts/gemma2_9b__simplug-T006__B4_gold_pair_rule.txt,/Users/zt25/coding/从 API 知识注入到源码图推理合成：PairCoder/Ollama问题存在性实验/result/simplug_7b_5model_comparison/generations/gemma2_9b__simplug-T006__B4_gold_pair_rule_run1.py
1,simplug-T001,B0_direct,mistral:7b,7.32,True,False,True,missing API call,missing sp.plugins_context,"{""plugins_context_args"": [], ""disable_args"": [[""sp.hooks"", [""'beta'""]]], ""get_plugin_assigns"": {}, ""get_plugin_bad_arg_vars"": [], ""wrapper_disable_vars"": [], ""hook_receivers"": [""sp""]}",/Users/zt25/coding/从 API 知识注入到源码图推理合成：PairCoder/Ollama问题存在性实验/result/simplug_7b_5model_comparison/prompts/mistral_7b__simplug-T001__B0_direct.txt,/Users/zt25/coding/从 API 知识注入到源码图推理合成：PairCoder/Ollama问题存在性实验/result/simplug_7b_5model_comparison/generations/mistral_7b__simplug-T001__B0_direct_run1.py
1,simplug-T001,B1_api_list,mistral:7b,5.48,True,False,True,wrong parameter semantics,plugins_context receives plugin object variable instead of name string; plugins_context should receive plugin name strings ['beta'],"{""plugins_context_args"": [""[beta]""], ""disable_args"": [[""sp"", [""*[alpha, gamma]""]]], ""get_plugin_assigns"": {}, ""get_plugin_bad_arg_vars"": [], ""wrapper_disable_vars"": [], ""hook_receivers"": [""sp""]}",/Users/zt25/coding/从 API 知识注入到源码图推理合成：PairCoder/Ollama问题存在性实验/result/simplug_7b_5model_comparison/prompts/mistral_7b__simplug-T001__B1_api_list.txt,/Users/zt25/coding/从 API 知识注入到源码图推理合成：PairCoder/Ollama问题存在性实验/result/simplug_7b_5model_comparison/generations/mistral_7b__simplug-T001__B1_api_list_run1.py
1,simplug-T001,B2_raw_api_docs,mistral:7b,6.20,True,False,True,missing API call,missing sp.plugins_context,"{""plugins_context_args"": [], ""disable_args"": [[""beta_wrapper"", []]], ""get_plugin_assigns"": {}, ""get_plugin_bad_arg_vars"": [], ""wrapper_disable_vars"": [], ""hook_receivers"": [""sp""]}",/Users/zt25/coding/从 API 知识注入到源码图推理合成：PairCoder/Ollama问题存在性实验/result/simplug_7b_5model_comparison/prompts/mistral_7b__simplug-T001__B2_raw_api_docs.txt,/Users/zt25/coding/从 API 知识注入到源码图推理合成：PairCoder/Ollama问题存在性实验/result/simplug_7b_5model_comparison/generations/mistral_7b__simplug-T001__B2_raw_api_docs_run1.py
1,simplug-T001,B3_oracle_api_sequence,mistral:7b,4.65,True,False,True,missing API call,missing sp.plugins_context,"{""plugins_context_args"": [], ""disable_args"": [], ""get_plugin_assigns"": {}, ""get_plugin_bad_arg_vars"": [], ""wrapper_disable_vars"": [], ""hook_receivers"": [""sp""]}",/Users/zt25/coding/从 API 知识注入到源码图推理合成：PairCoder/Ollama问题存在性实验/result/simplug_7b_5model_comparison/prompts/mistral_7b__simplug-T001__B3_oracle_api_sequence.txt,/Users/zt25/coding/从 API 知识注入到源码图推理合成：PairCoder/Ollama问题存在性实验/result/simplug_7b_5model_comparison/generations/mistral_7b__simplug-T001__B3_oracle_api_sequence_run1.py
1,simplug-T001,B4_gold_pair_rule,mistral:7b,5.61,True,True,False,,,"{""plugins_context_args"": [""['beta']""], ""disable_args"": [[""sp"", [""'beta'""]]], ""get_plugin_assigns"": {}, ""get_plugin_bad_arg_vars"": [], ""wrapper_disable_vars"": [], ""hook_receivers"": [""sp""]}",/Users/zt25/coding/从 API 知识注入到源码图推理合成：PairCoder/Ollama问题存在性实验/result/simplug_7b_5model_comparison/prompts/mistral_7b__simplug-T001__B4_gold_pair_rule.txt,/Users/zt25/coding/从 API 知识注入到源码图推理合成：PairCoder/Ollama问题存在性实验/result/simplug_7b_5model_comparison/generations/mistral_7b__simplug-T001__B4_gold_pair_rule_run1.py
1,simplug-T002,B0_direct,mistral:7b,5.77,True,False,True,missing API call,missing sp.plugins_context,"{""plugins_context_args"": [], ""disable_args"": [[""sp.hooks"", [""'beta'""]]], ""get_plugin_assigns"": {}, ""get_plugin_bad_arg_vars"": [], ""wrapper_disable_vars"": [], ""hook_receivers"": [""sp""]}",/Users/zt25/coding/从 API 知识注入到源码图推理合成：PairCoder/Ollama问题存在性实验/result/simplug_7b_5model_comparison/prompts/mistral_7b__simplug-T002__B0_direct.txt,/Users/zt25/coding/从 API 知识注入到源码图推理合成：PairCoder/Ollama问题存在性实验/result/simplug_7b_5model_comparison/generations/mistral_7b__simplug-T002__B0_direct_run1.py
1,simplug-T002,B1_api_list,mistral:7b,7.48,True,False,True,wrong parameter semantics,"plugins_context receives plugin object variable instead of name string; plugins_context should receive plugin name strings ['alpha', 'gamma']","{""plugins_context_args"": [""[alpha, gamma]""], ""disable_args"": [[""sp"", [""*[plugin for plugin in sp.get_plugins() if plugin != alpha and plugin != gamma]""]]], ""get_plugin_assigns"": {}, ""get_plugin_bad_arg_vars"": [], ""wrapper_disable_vars"": [], ""hook_receivers"": [""sp""]}",/Users/zt25/coding/从 API 知识注入到源码图推理合成：PairCoder/Ollama问题存在性实验/result/simplug_7b_5model_comparison/prompts/mistral_7b__simplug-T002__B1_api_list.txt,/Users/zt25/coding/从 API 知识注入到源码图推理合成：PairCoder/Ollama问题存在性实验/result/simplug_7b_5model_comparison/generations/mistral_7b__simplug-T002__B1_api_list_run1.py
1,simplug-T002,B2_raw_api_docs,mistral:7b,7.34,True,False,True,missing API call,missing sp.plugins_context,"{""plugins_context_args"": [], ""disable_args"": [], ""get_plugin_assigns"": {}, ""get_plugin_bad_arg_vars"": [], ""wrapper_disable_vars"": [], ""hook_receivers"": [""sp"", ""sp""]}",/Users/zt25/coding/从 API 知识注入到源码图推理合成：PairCoder/Ollama问题存在性实验/result/simplug_7b_5model_comparison/prompts/mistral_7b__simplug-T002__B2_raw_api_docs.txt,/Users/zt25/coding/从 API 知识注入到源码图推理合成：PairCoder/Ollama问题存在性实验/result/simplug_7b_5model_comparison/generations/mistral_7b__simplug-T002__B2_raw_api_docs_run1.py
1,simplug-T002,B3_oracle_api_sequence,mistral:7b,5.26,True,False,True,missing API call,missing sp.plugins_context,"{""plugins_context_args"": [], ""disable_args"": [[""plugins_context"", [""'beta'""]]], ""get_plugin_assigns"": {}, ""get_plugin_bad_arg_vars"": [], ""wrapper_disable_vars"": [], ""hook_receivers"": [""sp""]}",/Users/zt25/coding/从 API 知识注入到源码图推理合成：PairCoder/Ollama问题存在性实验/result/simplug_7b_5model_comparison/prompts/mistral_7b__simplug-T002__B3_oracle_api_sequence.txt,/Users/zt25/coding/从 API 知识注入到源码图推理合成：PairCoder/Ollama问题存在性实验/result/simplug_7b_5model_comparison/generations/mistral_7b__simplug-T002__B3_oracle_api_sequence_run1.py
1,simplug-T002,B4_gold_pair_rule,mistral:7b,10.97,True,True,False,,,"{""plugins_context_args"": [""['alpha', 'gamma']""], ""disable_args"": [[""wrapper_alpha"", []], [""wrapper_gamma"", []]], ""get_plugin_assigns"": {}, ""get_plugin_bad_arg_vars"": [""wrapper_alpha"", ""wrapper_gamma""], ""wrapper_disable_vars"": [], ""hook_receivers"": [""sp"", ""sp"", ""sp""]}",/Users/zt25/coding/从 API 知识注入到源码图推理合成：PairCoder/Ollama问题存在性实验/result/simplug_7b_5model_comparison/prompts/mistral_7b__simplug-T002__B4_gold_pair_rule.txt,/Users/zt25/coding/从 API 知识注入到源码图推理合成：PairCoder/Ollama问题存在性实验/result/simplug_7b_5model_comparison/generations/mistral_7b__simplug-T002__B4_gold_pair_rule_run1.py
1,simplug-T003,B0_direct,mistral:7b,4.92,True,False,True,missing API call,missing sp.disable call,"{""plugins_context_args"": [], ""disable_args"": [], ""get_plugin_assigns"": {}, ""get_plugin_bad_arg_vars"": [], ""wrapper_disable_vars"": [], ""hook_receivers"": [""sp""]}",/Users/zt25/coding/从 API 知识注入到源码图推理合成：PairCoder/Ollama问题存在性实验/result/simplug_7b_5model_comparison/prompts/mistral_7b__simplug-T003__B0_direct.txt,/Users/zt25/coding/从 API 知识注入到源码图推理合成：PairCoder/Ollama问题存在性实验/result/simplug_7b_5model_comparison/generations/mistral_7b__simplug-T003__B0_direct_run1.py
1,simplug-T003,B1_api_list,mistral:7b,5.57,True,False,True,missing API call; wrong API pattern,missing sp.disable call; unexpected sp.plugins_context in a disable-by-name task; use sp.disable instead,"{""plugins_context_args"": [""[plugin for plugin in sp.plugins if plugin.name != 'beta']""], ""disable_args"": [], ""get_plugin_assigns"": {}, ""get_plugin_bad_arg_vars"": [], ""wrapper_disable_vars"": [], ""hook_receivers"": [""sp""]}",/Users/zt25/coding/从 API 知识注入到源码图推理合成：PairCoder/Ollama问题存在性实验/result/simplug_7b_5model_comparison/prompts/mistral_7b__simplug-T003__B1_api_list.txt,/Users/zt25/coding/从 API 知识注入到源码图推理合成：PairCoder/Ollama问题存在性实验/result/simplug_7b_5model_comparison/generations/mistral_7b__simplug-T003__B1_api_list_run1.py
1,simplug-T003,B2_raw_api_docs,mistral:7b,6.16,True,False,True,missing API call,missing sp.disable call,"{""plugins_context_args"": [], ""disable_args"": [[""beta.wrapper"", []]], ""get_plugin_assigns"": {}, ""get_plugin_bad_arg_vars"": [], ""wrapper_disable_vars"": [], ""hook_receivers"": [""sp""]}",/Users/zt25/coding/从 API 知识注入到源码图推理合成：PairCoder/Ollama问题存在性实验/result/simplug_7b_5model_comparison/prompts/mistral_7b__simplug-T003__B2_raw_api_docs.txt,/Users/zt25/coding/从 API 知识注入到源码图推理合成：PairCoder/Ollama问题存在性实验/result/simplug_7b_5model_comparison/generations/mistral_7b__simplug-T003__B2_raw_api_docs_run1.py
1,simplug-T003,B3_oracle_api_sequence,mistral:7b,4.82,True,True,False,,,"{""plugins_context_args"": [], ""disable_args"": [[""sp"", [""'beta'""]]], ""get_plugin_assigns"": {}, ""get_plugin_bad_arg_vars"": [], ""wrapper_disable_vars"": [], ""hook_receivers"": [""sp""]}",/Users/zt25/coding/从 API 知识注入到源码图推理合成：PairCoder/Ollama问题存在性实验/result/simplug_7b_5model_comparison/prompts/mistral_7b__simplug-T003__B3_oracle_api_sequence.txt,/Users/zt25/coding/从 API 知识注入到源码图推理合成：PairCoder/Ollama问题存在性实验/result/simplug_7b_5model_comparison/generations/mistral_7b__simplug-T003__B3_oracle_api_sequence_run1.py
1,simplug-T003,B4_gold_pair_rule,mistral:7b,6.99,True,False,True,wrong API pattern,unexpected sp.plugins_context in a disable-by-name task; use sp.disable instead,"{""plugins_context_args"": [""['beta']""], ""disable_args"": [[""sp"", [""'beta'""]]], ""get_plugin_assigns"": {}, ""get_plugin_bad_arg_vars"": [], ""wrapper_disable_vars"": [], ""hook_receivers"": [""sp""]}",/Users/zt25/coding/从 API 知识注入到源码图推理合成：PairCoder/Ollama问题存在性实验/result/simplug_7b_5model_comparison/prompts/mistral_7b__simplug-T003__B4_gold_pair_rule.txt,/Users/zt25/coding/从 API 知识注入到源码图推理合成：PairCoder/Ollama问题存在性实验/result/simplug_7b_5model_comparison/generations/mistral_7b__simplug-T003__B4_gold_pair_rule_run1.py
1,simplug-T004,B0_direct,mistral:7b,4.69,True,False,True,broken data flow,missing sp.get_plugin('beta') assignment,"{""plugins_context_args"": [], ""disable_args"": [[""beta_wrapper"", []]], ""get_plugin_assigns"": {}, ""get_plugin_bad_arg_vars"": [], ""wrapper_disable_vars"": [], ""hook_receivers"": [""sp""]}",/Users/zt25/coding/从 API 知识注入到源码图推理合成：PairCoder/Ollama问题存在性实验/result/simplug_7b_5model_comparison/prompts/mistral_7b__simplug-T004__B0_direct.txt,/Users/zt25/coding/从 API 知识注入到源码图推理合成：PairCoder/Ollama问题存在性实验/result/simplug_7b_5model_comparison/generations/mistral_7b__simplug-T004__B0_direct_run1.py
1,simplug-T004,B1_api_list,mistral:7b,6.35,True,False,True,wrong parameter semantics,sp.get_plugin called with non-string argument; pass the plugin name string 'beta',"{""plugins_context_args"": [""[beta]""], ""disable_args"": [[""beta_wrapper"", []]], ""get_plugin_assigns"": {}, ""get_plugin_bad_arg_vars"": [""beta_wrapper""], ""wrapper_disable_vars"": [], ""hook_receivers"": [""sp""]}",/Users/zt25/coding/从 API 知识注入到源码图推理合成：PairCoder/Ollama问题存在性实验/result/simplug_7b_5model_comparison/prompts/mistral_7b__simplug-T004__B1_api_list.txt,/Users/zt25/coding/从 API 知识注入到源码图推理合成：PairCoder/Ollama问题存在性实验/result/simplug_7b_5model_comparison/generations/mistral_7b__simplug-T004__B1_api_list_run1.py
1,simplug-T004,B2_raw_api_docs,mistral:7b,6.60,True,False,True,broken data flow,missing sp.get_plugin('beta') assignment,"{""plugins_context_args"": [], ""disable_args"": [[""beta_wrapper"", []]], ""get_plugin_assigns"": {}, ""get_plugin_bad_arg_vars"": [], ""wrapper_disable_vars"": [], ""hook_receivers"": [""sp""]}",/Users/zt25/coding/从 API 知识注入到源码图推理合成：PairCoder/Ollama问题存在性实验/result/simplug_7b_5model_comparison/prompts/mistral_7b__simplug-T004__B2_raw_api_docs.txt,/Users/zt25/coding/从 API 知识注入到源码图推理合成：PairCoder/Ollama问题存在性实验/result/simplug_7b_5model_comparison/generations/mistral_7b__simplug-T004__B2_raw_api_docs_run1.py
1,simplug-T004,B3_oracle_api_sequence,mistral:7b,4.32,True,True,False,,,"{""plugins_context_args"": [], ""disable_args"": [[""beta_wrapper"", []]], ""get_plugin_assigns"": {""beta_wrapper"": ""beta""}, ""get_plugin_bad_arg_vars"": [], ""wrapper_disable_vars"": [""beta_wrapper""], ""hook_receivers"": [""sp""]}",/Users/zt25/coding/从 API 知识注入到源码图推理合成：PairCoder/Ollama问题存在性实验/result/simplug_7b_5model_comparison/prompts/mistral_7b__simplug-T004__B3_oracle_api_sequence.txt,/Users/zt25/coding/从 API 知识注入到源码图推理合成：PairCoder/Ollama问题存在性实验/result/simplug_7b_5model_comparison/generations/mistral_7b__simplug-T004__B3_oracle_api_sequence_run1.py
1,simplug-T004,B4_gold_pair_rule,mistral:7b,7.05,True,True,False,,,"{""plugins_context_args"": [], ""disable_args"": [[""wrapper"", []]], ""get_plugin_assigns"": {""wrapper"": ""beta""}, ""get_plugin_bad_arg_vars"": [], ""wrapper_disable_vars"": [""wrapper""], ""hook_receivers"": [""sp""]}",/Users/zt25/coding/从 API 知识注入到源码图推理合成：PairCoder/Ollama问题存在性实验/result/simplug_7b_5model_comparison/prompts/mistral_7b__simplug-T004__B4_gold_pair_rule.txt,/Users/zt25/coding/从 API 知识注入到源码图推理合成：PairCoder/Ollama问题存在性实验/result/simplug_7b_5model_comparison/generations/mistral_7b__simplug-T004__B4_gold_pair_rule_run1.py
1,simplug-T005,B0_direct,mistral:7b,6.97,True,False,True,missing API call,missing sp.plugins_context,"{""plugins_context_args"": [], ""disable_args"": [[""sp.hooks"", [""'beta'""]]], ""get_plugin_assigns"": {}, ""get_plugin_bad_arg_vars"": [], ""wrapper_disable_vars"": [], ""hook_receivers"": [""sp"", ""sp""]}",/Users/zt25/coding/从 API 知识注入到源码图推理合成：PairCoder/Ollama问题存在性实验/result/simplug_7b_5model_comparison/prompts/mistral_7b__simplug-T005__B0_direct.txt,/Users/zt25/coding/从 API 知识注入到源码图推理合成：PairCoder/Ollama问题存在性实验/result/simplug_7b_5model_comparison/generations/mistral_7b__simplug-T005__B0_direct_run1.py
1,simplug-T005,B1_api_list,mistral:7b,7.70,True,False,True,wrong parameter semantics,plugins_context receives plugin object variable instead of name string; plugins_context should receive plugin name strings ['beta'],"{""plugins_context_args"": [""[beta]""], ""disable_args"": [[""sp"", [""beta""]]], ""get_plugin_assigns"": {}, ""get_plugin_bad_arg_vars"": [], ""wrapper_disable_vars"": [], ""hook_receivers"": [""sp"", ""sp""]}",/Users/zt25/coding/从 API 知识注入到源码图推理合成：PairCoder/Ollama问题存在性实验/result/simplug_7b_5model_comparison/prompts/mistral_7b__simplug-T005__B1_api_list.txt,/Users/zt25/coding/从 API 知识注入到源码图推理合成：PairCoder/Ollama问题存在性实验/result/simplug_7b_5model_comparison/generations/mistral_7b__simplug-T005__B1_api_list_run1.py
1,simplug-T005,B2_raw_api_docs,mistral:7b,10.04,True,False,True,wrong parameter semantics,plugins_context should receive plugin name strings ['beta'],"{""plugins_context_args"": [""[sp.get_plugin('beta')]""], ""disable_args"": [[""sp"", [""['alpha', 'gamma']""]], [""sp"", [""['beta']""]]], ""get_plugin_assigns"": {}, ""get_plugin_bad_arg_vars"": [], ""wrapper_disable_vars"": [], ""hook_receivers"": [""sp"", ""sp""]}",/Users/zt25/coding/从 API 知识注入到源码图推理合成：PairCoder/Ollama问题存在性实验/result/simplug_7b_5model_comparison/prompts/mistral_7b__simplug-T005__B2_raw_api_docs.txt,/Users/zt25/coding/从 API 知识注入到源码图推理合成：PairCoder/Ollama问题存在性实验/result/simplug_7b_5model_comparison/generations/mistral_7b__simplug-T005__B2_raw_api_docs_run1.py
1,simplug-T005,B3_oracle_api_sequence,mistral:7b,6.76,True,False,True,wrong parameter semantics,plugins_context should receive plugin name strings ['beta'],"{""plugins_context_args"": [""{'beta': True}""], ""disable_args"": [], ""get_plugin_assigns"": {}, ""get_plugin_bad_arg_vars"": [], ""wrapper_disable_vars"": [], ""hook_receivers"": [""sp"", ""sp""]}",/Users/zt25/coding/从 API 知识注入到源码图推理合成：PairCoder/Ollama问题存在性实验/result/simplug_7b_5model_comparison/prompts/mistral_7b__simplug-T005__B3_oracle_api_sequence.txt,/Users/zt25/coding/从 API 知识注入到源码图推理合成：PairCoder/Ollama问题存在性实验/result/simplug_7b_5model_comparison/generations/mistral_7b__simplug-T005__B3_oracle_api_sequence_run1.py
1,simplug-T005,B4_gold_pair_rule,mistral:7b,8.88,True,False,True,wrong parameter semantics,plugins_context receives plugin object variable instead of name string; plugins_context should receive plugin name strings ['beta'],"{""plugins_context_args"": [""[beta]""], ""disable_args"": [[""sp"", [""'beta'""]]], ""get_plugin_assigns"": {}, ""get_plugin_bad_arg_vars"": [], ""wrapper_disable_vars"": [], ""hook_receivers"": [""sp"", ""sp""]}",/Users/zt25/coding/从 API 知识注入到源码图推理合成：PairCoder/Ollama问题存在性实验/result/simplug_7b_5model_comparison/prompts/mistral_7b__simplug-T005__B4_gold_pair_rule.txt,/Users/zt25/coding/从 API 知识注入到源码图推理合成：PairCoder/Ollama问题存在性实验/result/simplug_7b_5model_comparison/generations/mistral_7b__simplug-T005__B4_gold_pair_rule_run1.py
1,simplug-T006,B0_direct,mistral:7b,5.77,True,False,True,missing API call,missing sp.disable call,"{""plugins_context_args"": [], ""disable_args"": [], ""get_plugin_assigns"": {}, ""get_plugin_bad_arg_vars"": [], ""wrapper_disable_vars"": [], ""hook_receivers"": [""sp""]}",/Users/zt25/coding/从 API 知识注入到源码图推理合成：PairCoder/Ollama问题存在性实验/result/simplug_7b_5model_comparison/prompts/mistral_7b__simplug-T006__B0_direct.txt,/Users/zt25/coding/从 API 知识注入到源码图推理合成：PairCoder/Ollama问题存在性实验/result/simplug_7b_5model_comparison/generations/mistral_7b__simplug-T006__B0_direct_run1.py
1,simplug-T006,B1_api_list,mistral:7b,6.71,True,False,True,missing API call; wrong API pattern,missing sp.disable call; unexpected sp.plugins_context in a disable-by-name task; use sp.disable instead,"{""plugins_context_args"": [""[beta]""], ""disable_args"": [[""alpha"", []], [""gamma"", []]], ""get_plugin_assigns"": {}, ""get_plugin_bad_arg_vars"": [], ""wrapper_disable_vars"": [], ""hook_receivers"": [""sp""]}",/Users/zt25/coding/从 API 知识注入到源码图推理合成：PairCoder/Ollama问题存在性实验/result/simplug_7b_5model_comparison/prompts/mistral_7b__simplug-T006__B1_api_list.txt,/Users/zt25/coding/从 API 知识注入到源码图推理合成：PairCoder/Ollama问题存在性实验/result/simplug_7b_5model_comparison/generations/mistral_7b__simplug-T006__B1_api_list_run1.py
1,simplug-T006,B2_raw_api_docs,mistral:7b,6.37,True,False,True,missing API call,missing sp.disable call,"{""plugins_context_args"": [], ""disable_args"": [[""alpha"", []], [""gamma"", []]], ""get_plugin_assigns"": {}, ""get_plugin_bad_arg_vars"": [], ""wrapper_disable_vars"": [], ""hook_receivers"": [""sp""]}",/Users/zt25/coding/从 API 知识注入到源码图推理合成：PairCoder/Ollama问题存在性实验/result/simplug_7b_5model_comparison/prompts/mistral_7b__simplug-T006__B2_raw_api_docs.txt,/Users/zt25/coding/从 API 知识注入到源码图推理合成：PairCoder/Ollama问题存在性实验/result/simplug_7b_5model_comparison/generations/mistral_7b__simplug-T006__B2_raw_api_docs_run1.py
1,simplug-T006,B3_oracle_api_sequence,mistral:7b,4.75,True,True,False,,,"{""plugins_context_args"": [], ""disable_args"": [[""sp"", [""'alpha'""]], [""sp"", [""'gamma'""]]], ""get_plugin_assigns"": {}, ""get_plugin_bad_arg_vars"": [], ""wrapper_disable_vars"": [], ""hook_receivers"": [""sp""]}",/Users/zt25/coding/从 API 知识注入到源码图推理合成：PairCoder/Ollama问题存在性实验/result/simplug_7b_5model_comparison/prompts/mistral_7b__simplug-T006__B3_oracle_api_sequence.txt,/Users/zt25/coding/从 API 知识注入到源码图推理合成：PairCoder/Ollama问题存在性实验/result/simplug_7b_5model_comparison/generations/mistral_7b__simplug-T006__B3_oracle_api_sequence_run1.py
1,simplug-T006,B4_gold_pair_rule,mistral:7b,6.95,True,False,True,wrong API pattern; wrong parameter semantics,"sp.disable should receive plugin name strings ['alpha', 'gamma']; unexpected sp.plugins_context in a disable-by-name task; use sp.disable instead","{""plugins_context_args"": [""['beta']""], ""disable_args"": [[""sp"", [""['alpha', 'gamma']""]]], ""get_plugin_assigns"": {}, ""get_plugin_bad_arg_vars"": [], ""wrapper_disable_vars"": [], ""hook_receivers"": [""sp""]}",/Users/zt25/coding/从 API 知识注入到源码图推理合成：PairCoder/Ollama问题存在性实验/result/simplug_7b_5model_comparison/prompts/mistral_7b__simplug-T006__B4_gold_pair_rule.txt,/Users/zt25/coding/从 API 知识注入到源码图推理合成：PairCoder/Ollama问题存在性实验/result/simplug_7b_5model_comparison/generations/mistral_7b__simplug-T006__B4_gold_pair_rule_run1.py
2,simplug-T001,B0_direct,qwen2.5:7b,13.94,True,False,True,missing API call,missing sp.plugins_context,"{""plugins_context_args"": [], ""disable_args"": [], ""get_plugin_assigns"": {}, ""get_plugin_bad_arg_vars"": [], ""wrapper_disable_vars"": [], ""hook_receivers"": [""sp""]}",/Users/zt25/coding/从 API 知识注入到源码图推理合成：PairCoder/Ollama问题存在性实验/result/simplug_7b_5model_comparison/prompts/qwen2.5_7b__simplug-T001__B0_direct.txt,/Users/zt25/coding/从 API 知识注入到源码图推理合成：PairCoder/Ollama问题存在性实验/result/simplug_7b_5model_comparison/generations/qwen2.5_7b__simplug-T001__B0_direct_run2.py
2,simplug-T001,B1_api_list,qwen2.5:7b,2.34,True,False,True,missing API call,missing sp.plugins_context,"{""plugins_context_args"": [], ""disable_args"": [], ""get_plugin_assigns"": {}, ""get_plugin_bad_arg_vars"": [], ""wrapper_disable_vars"": [], ""hook_receivers"": [""sp""]}",/Users/zt25/coding/从 API 知识注入到源码图推理合成：PairCoder/Ollama问题存在性实验/result/simplug_7b_5model_comparison/prompts/qwen2.5_7b__simplug-T001__B1_api_list.txt,/Users/zt25/coding/从 API 知识注入到源码图推理合成：PairCoder/Ollama问题存在性实验/result/simplug_7b_5model_comparison/generations/qwen2.5_7b__simplug-T001__B1_api_list_run2.py
2,simplug-T001,B2_raw_api_docs,qwen2.5:7b,2.59,True,False,True,wrong parameter semantics,plugins_context receives plugin object variable instead of name string; plugins_context should receive plugin name strings ['beta'],"{""plugins_context_args"": [""[beta]""], ""disable_args"": [], ""get_plugin_assigns"": {}, ""get_plugin_bad_arg_vars"": [], ""wrapper_disable_vars"": [], ""hook_receivers"": [""sp""]}",/Users/zt25/coding/从 API 知识注入到源码图推理合成：PairCoder/Ollama问题存在性实验/result/simplug_7b_5model_comparison/prompts/qwen2.5_7b__simplug-T001__B2_raw_api_docs.txt,/Users/zt25/coding/从 API 知识注入到源码图推理合成：PairCoder/Ollama问题存在性实验/result/simplug_7b_5model_comparison/generations/qwen2.5_7b__simplug-T001__B2_raw_api_docs_run2.py
2,simplug-T001,B3_oracle_api_sequence,qwen2.5:7b,2.49,True,False,True,missing API call,missing sp.plugins_context,"{""plugins_context_args"": [], ""disable_args"": [], ""get_plugin_assigns"": {}, ""get_plugin_bad_arg_vars"": [], ""wrapper_disable_vars"": [], ""hook_receivers"": [""sp""]}",/Users/zt25/coding/从 API 知识注入到源码图推理合成：PairCoder/Ollama问题存在性实验/result/simplug_7b_5model_comparison/prompts/qwen2.5_7b__simplug-T001__B3_oracle_api_sequence.txt,/Users/zt25/coding/从 API 知识注入到源码图推理合成：PairCoder/Ollama问题存在性实验/result/simplug_7b_5model_comparison/generations/qwen2.5_7b__simplug-T001__B3_oracle_api_sequence_run2.py
2,simplug-T001,B4_gold_pair_rule,qwen2.5:7b,3.47,True,True,False,,,"{""plugins_context_args"": [""['beta']""], ""disable_args"": [], ""get_plugin_assigns"": {}, ""get_plugin_bad_arg_vars"": [], ""wrapper_disable_vars"": [], ""hook_receivers"": [""sp""]}",/Users/zt25/coding/从 API 知识注入到源码图推理合成：PairCoder/Ollama问题存在性实验/result/simplug_7b_5model_comparison/prompts/qwen2.5_7b__simplug-T001__B4_gold_pair_rule.txt,/Users/zt25/coding/从 API 知识注入到源码图推理合成：PairCoder/Ollama问题存在性实验/result/simplug_7b_5model_comparison/generations/qwen2.5_7b__simplug-T001__B4_gold_pair_rule_run2.py
2,simplug-T002,B0_direct,qwen2.5:7b,2.52,True,False,True,missing API call,missing sp.plugins_context,"{""plugins_context_args"": [], ""disable_args"": [], ""get_plugin_assigns"": {}, ""get_plugin_bad_arg_vars"": [], ""wrapper_disable_vars"": [], ""hook_receivers"": [""sp""]}",/Users/zt25/coding/从 API 知识注入到源码图推理合成：PairCoder/Ollama问题存在性实验/result/simplug_7b_5model_comparison/prompts/qwen2.5_7b__simplug-T002__B0_direct.txt,/Users/zt25/coding/从 API 知识注入到源码图推理合成：PairCoder/Ollama问题存在性实验/result/simplug_7b_5model_comparison/generations/qwen2.5_7b__simplug-T002__B0_direct_run2.py
2,simplug-T002,B1_api_list,qwen2.5:7b,2.88,True,False,True,wrong parameter semantics,"plugins_context receives plugin object variable instead of name string; plugins_context should receive plugin name strings ['alpha', 'gamma']","{""plugins_context_args"": [""[alpha, gamma]""], ""disable_args"": [], ""get_plugin_assigns"": {}, ""get_plugin_bad_arg_vars"": [], ""wrapper_disable_vars"": [], ""hook_receivers"": [""sp""]}",/Users/zt25/coding/从 API 知识注入到源码图推理合成：PairCoder/Ollama问题存在性实验/result/simplug_7b_5model_comparison/prompts/qwen2.5_7b__simplug-T002__B1_api_list.txt,/Users/zt25/coding/从 API 知识注入到源码图推理合成：PairCoder/Ollama问题存在性实验/result/simplug_7b_5model_comparison/generations/qwen2.5_7b__simplug-T002__B1_api_list_run2.py
2,simplug-T002,B2_raw_api_docs,qwen2.5:7b,3.01,True,False,True,missing API call; wrong parameter semantics,"missing sp.hooks.score call; plugins_context receives plugin object variable instead of name string; plugins_context should receive plugin name strings ['alpha', 'gamma']","{""plugins_context_args"": [""[alpha, gamma]""], ""disable_args"": [], ""get_plugin_assigns"": {}, ""get_plugin_bad_arg_vars"": [], ""wrapper_disable_vars"": [], ""hook_receivers"": []}",/Users/zt25/coding/从 API 知识注入到源码图推理合成：PairCoder/Ollama问题存在性实验/result/simplug_7b_5model_comparison/prompts/qwen2.5_7b__simplug-T002__B2_raw_api_docs.txt,/Users/zt25/coding/从 API 知识注入到源码图推理合成：PairCoder/Ollama问题存在性实验/result/simplug_7b_5model_comparison/generations/qwen2.5_7b__simplug-T002__B2_raw_api_docs_run2.py
2,simplug-T002,B3_oracle_api_sequence,qwen2.5:7b,2.49,True,False,True,missing API call,missing sp.plugins_context,"{""plugins_context_args"": [], ""disable_args"": [], ""get_plugin_assigns"": {}, ""get_plugin_bad_arg_vars"": [], ""wrapper_disable_vars"": [], ""hook_receivers"": [""sp""]}",/Users/zt25/coding/从 API 知识注入到源码图推理合成：PairCoder/Ollama问题存在性实验/result/simplug_7b_5model_comparison/prompts/qwen2.5_7b__simplug-T002__B3_oracle_api_sequence.txt,/Users/zt25/coding/从 API 知识注入到源码图推理合成：PairCoder/Ollama问题存在性实验/result/simplug_7b_5model_comparison/generations/qwen2.5_7b__simplug-T002__B3_oracle_api_sequence_run2.py
2,simplug-T002,B4_gold_pair_rule,qwen2.5:7b,3.83,True,True,False,,,"{""plugins_context_args"": [""['alpha', 'gamma']""], ""disable_args"": [], ""get_plugin_assigns"": {}, ""get_plugin_bad_arg_vars"": [], ""wrapper_disable_vars"": [], ""hook_receivers"": [""sp""]}",/Users/zt25/coding/从 API 知识注入到源码图推理合成：PairCoder/Ollama问题存在性实验/result/simplug_7b_5model_comparison/prompts/qwen2.5_7b__simplug-T002__B4_gold_pair_rule.txt,/Users/zt25/coding/从 API 知识注入到源码图推理合成：PairCoder/Ollama问题存在性实验/result/simplug_7b_5model_comparison/generations/qwen2.5_7b__simplug-T002__B4_gold_pair_rule_run2.py
2,simplug-T003,B0_direct,qwen2.5:7b,2.89,True,False,True,missing API call,missing sp.disable call,"{""plugins_context_args"": [], ""disable_args"": [[""sp.hooks"", [""'beta'""]]], ""get_plugin_assigns"": {}, ""get_plugin_bad_arg_vars"": [], ""wrapper_disable_vars"": [], ""hook_receivers"": [""sp""]}",/Users/zt25/coding/从 API 知识注入到源码图推理合成：PairCoder/Ollama问题存在性实验/result/simplug_7b_5model_comparison/prompts/qwen2.5_7b__simplug-T003__B0_direct.txt,/Users/zt25/coding/从 API 知识注入到源码图推理合成：PairCoder/Ollama问题存在性实验/result/simplug_7b_5model_comparison/generations/qwen2.5_7b__simplug-T003__B0_direct_run2.py
2,simplug-T003,B1_api_list,qwen2.5:7b,3.69,True,False,True,wrong API pattern,unexpected sp.plugins_context in a disable-by-name task; use sp.disable instead,"{""plugins_context_args"": [""[sp]""], ""disable_args"": [[""sp"", [""'beta'""]]], ""get_plugin_assigns"": {}, ""get_plugin_bad_arg_vars"": [], ""wrapper_disable_vars"": [], ""hook_receivers"": [""sp""]}",/Users/zt25/coding/从 API 知识注入到源码图推理合成：PairCoder/Ollama问题存在性实验/result/simplug_7b_5model_comparison/prompts/qwen2.5_7b__simplug-T003__B1_api_list.txt,/Users/zt25/coding/从 API 知识注入到源码图推理合成：PairCoder/Ollama问题存在性实验/result/simplug_7b_5model_comparison/generations/qwen2.5_7b__simplug-T003__B1_api_list_run2.py
2,simplug-T003,B2_raw_api_docs,qwen2.5:7b,3.73,True,True,False,,,"{""plugins_context_args"": [], ""disable_args"": [[""sp"", [""'beta'""]]], ""get_plugin_assigns"": {}, ""get_plugin_bad_arg_vars"": [], ""wrapper_disable_vars"": [], ""hook_receivers"": [""sp""]}",/Users/zt25/coding/从 API 知识注入到源码图推理合成：PairCoder/Ollama问题存在性实验/result/simplug_7b_5model_comparison/prompts/qwen2.5_7b__simplug-T003__B2_raw_api_docs.txt,/Users/zt25/coding/从 API 知识注入到源码图推理合成：PairCoder/Ollama问题存在性实验/result/simplug_7b_5model_comparison/generations/qwen2.5_7b__simplug-T003__B2_raw_api_docs_run2.py
2,simplug-T003,B3_oracle_api_sequence,qwen2.5:7b,2.05,True,True,False,,,"{""plugins_context_args"": [], ""disable_args"": [[""sp"", [""'beta'""]]], ""get_plugin_assigns"": {}, ""get_plugin_bad_arg_vars"": [], ""wrapper_disable_vars"": [], ""hook_receivers"": [""sp""]}",/Users/zt25/coding/从 API 知识注入到源码图推理合成：PairCoder/Ollama问题存在性实验/result/simplug_7b_5model_comparison/prompts/qwen2.5_7b__simplug-T003__B3_oracle_api_sequence.txt,/Users/zt25/coding/从 API 知识注入到源码图推理合成：PairCoder/Ollama问题存在性实验/result/simplug_7b_5model_comparison/generations/qwen2.5_7b__simplug-T003__B3_oracle_api_sequence_run2.py
2,simplug-T003,B4_gold_pair_rule,qwen2.5:7b,3.72,True,True,False,,,"{""plugins_context_args"": [], ""disable_args"": [[""sp"", [""'beta'""]]], ""get_plugin_assigns"": {}, ""get_plugin_bad_arg_vars"": [], ""wrapper_disable_vars"": [], ""hook_receivers"": [""sp""]}",/Users/zt25/coding/从 API 知识注入到源码图推理合成：PairCoder/Ollama问题存在性实验/result/simplug_7b_5model_comparison/prompts/qwen2.5_7b__simplug-T003__B4_gold_pair_rule.txt,/Users/zt25/coding/从 API 知识注入到源码图推理合成：PairCoder/Ollama问题存在性实验/result/simplug_7b_5model_comparison/generations/qwen2.5_7b__simplug-T003__B4_gold_pair_rule_run2.py
2,simplug-T004,B0_direct,qwen2.5:7b,3.35,True,False,True,broken data flow,missing sp.get_plugin('beta') assignment,"{""plugins_context_args"": [], ""disable_args"": [], ""get_plugin_assigns"": {}, ""get_plugin_bad_arg_vars"": [], ""wrapper_disable_vars"": [], ""hook_receivers"": [""sp""]}",/Users/zt25/coding/从 API 知识注入到源码图推理合成：PairCoder/Ollama问题存在性实验/result/simplug_7b_5model_comparison/prompts/qwen2.5_7b__simplug-T004__B0_direct.txt,/Users/zt25/coding/从 API 知识注入到源码图推理合成：PairCoder/Ollama问题存在性实验/result/simplug_7b_5model_comparison/generations/qwen2.5_7b__simplug-T004__B0_direct_run2.py
2,simplug-T004,B1_api_list,qwen2.5:7b,3.88,True,True,False,,,"{""plugins_context_args"": [""[alpha, gamma]""], ""disable_args"": [[""beta_wrapper"", []]], ""get_plugin_assigns"": {""beta_wrapper"": ""beta""}, ""get_plugin_bad_arg_vars"": [], ""wrapper_disable_vars"": [""beta_wrapper""], ""hook_receivers"": [""sp""]}",/Users/zt25/coding/从 API 知识注入到源码图推理合成：PairCoder/Ollama问题存在性实验/result/simplug_7b_5model_comparison/prompts/qwen2.5_7b__simplug-T004__B1_api_list.txt,/Users/zt25/coding/从 API 知识注入到源码图推理合成：PairCoder/Ollama问题存在性实验/result/simplug_7b_5model_comparison/generations/qwen2.5_7b__simplug-T004__B1_api_list_run2.py
2,simplug-T004,B2_raw_api_docs,qwen2.5:7b,3.74,True,True,False,,,"{""plugins_context_args"": [], ""disable_args"": [[""beta_wrapper"", []]], ""get_plugin_assigns"": {""beta_wrapper"": ""beta""}, ""get_plugin_bad_arg_vars"": [], ""wrapper_disable_vars"": [""beta_wrapper""], ""hook_receivers"": [""sp""]}",/Users/zt25/coding/从 API 知识注入到源码图推理合成：PairCoder/Ollama问题存在性实验/result/simplug_7b_5model_comparison/prompts/qwen2.5_7b__simplug-T004__B2_raw_api_docs.txt,/Users/zt25/coding/从 API 知识注入到源码图推理合成：PairCoder/Ollama问题存在性实验/result/simplug_7b_5model_comparison/generations/qwen2.5_7b__simplug-T004__B2_raw_api_docs_run2.py
2,simplug-T004,B3_oracle_api_sequence,qwen2.5:7b,3.28,True,False,True,wrong parameter semantics,sp.get_plugin called with non-string argument; pass the plugin name string 'beta',"{""plugins_context_args"": [], ""disable_args"": [[""wrapper"", []]], ""get_plugin_assigns"": {}, ""get_plugin_bad_arg_vars"": [""wrapper""], ""wrapper_disable_vars"": [], ""hook_receivers"": [""sp""]}",/Users/zt25/coding/从 API 知识注入到源码图推理合成：PairCoder/Ollama问题存在性实验/result/simplug_7b_5model_comparison/prompts/qwen2.5_7b__simplug-T004__B3_oracle_api_sequence.txt,/Users/zt25/coding/从 API 知识注入到源码图推理合成：PairCoder/Ollama问题存在性实验/result/simplug_7b_5model_comparison/generations/qwen2.5_7b__simplug-T004__B3_oracle_api_sequence_run2.py
2,simplug-T004,B4_gold_pair_rule,qwen2.5:7b,4.04,True,True,False,,,"{""plugins_context_args"": [], ""disable_args"": [[""wrapper"", []]], ""get_plugin_assigns"": {""wrapper"": ""beta""}, ""get_plugin_bad_arg_vars"": [], ""wrapper_disable_vars"": [""wrapper""], ""hook_receivers"": [""sp""]}",/Users/zt25/coding/从 API 知识注入到源码图推理合成：PairCoder/Ollama问题存在性实验/result/simplug_7b_5model_comparison/prompts/qwen2.5_7b__simplug-T004__B4_gold_pair_rule.txt,/Users/zt25/coding/从 API 知识注入到源码图推理合成：PairCoder/Ollama问题存在性实验/result/simplug_7b_5model_comparison/generations/qwen2.5_7b__simplug-T004__B4_gold_pair_rule_run2.py
2,simplug-T005,B0_direct,qwen2.5:7b,4.33,True,False,True,missing API call,missing sp.plugins_context,"{""plugins_context_args"": [], ""disable_args"": [], ""get_plugin_assigns"": {}, ""get_plugin_bad_arg_vars"": [], ""wrapper_disable_vars"": [], ""hook_receivers"": [""sp"", ""sp""]}",/Users/zt25/coding/从 API 知识注入到源码图推理合成：PairCoder/Ollama问题存在性实验/result/simplug_7b_5model_comparison/prompts/qwen2.5_7b__simplug-T005__B0_direct.txt,/Users/zt25/coding/从 API 知识注入到源码图推理合成：PairCoder/Ollama问题存在性实验/result/simplug_7b_5model_comparison/generations/qwen2.5_7b__simplug-T005__B0_direct_run2.py
2,simplug-T005,B1_api_list,qwen2.5:7b,4.37,True,False,True,missing API call,missing sp.plugins_context,"{""plugins_context_args"": [], ""disable_args"": [], ""get_plugin_assigns"": {}, ""get_plugin_bad_arg_vars"": [], ""wrapper_disable_vars"": [], ""hook_receivers"": [""sp"", ""sp""]}",/Users/zt25/coding/从 API 知识注入到源码图推理合成：PairCoder/Ollama问题存在性实验/result/simplug_7b_5model_comparison/prompts/qwen2.5_7b__simplug-T005__B1_api_list.txt,/Users/zt25/coding/从 API 知识注入到源码图推理合成：PairCoder/Ollama问题存在性实验/result/simplug_7b_5model_comparison/generations/qwen2.5_7b__simplug-T005__B1_api_list_run2.py
2,simplug-T005,B2_raw_api_docs,qwen2.5:7b,5.63,True,False,True,wrong parameter semantics,plugins_context receives plugin object variable instead of name string; plugins_context should receive plugin name strings ['beta'],"{""plugins_context_args"": [""beta""], ""disable_args"": [], ""get_plugin_assigns"": {}, ""get_plugin_bad_arg_vars"": [], ""wrapper_disable_vars"": [], ""hook_receivers"": [""sp"", ""sp""]}",/Users/zt25/coding/从 API 知识注入到源码图推理合成：PairCoder/Ollama问题存在性实验/result/simplug_7b_5model_comparison/prompts/qwen2.5_7b__simplug-T005__B2_raw_api_docs.txt,/Users/zt25/coding/从 API 知识注入到源码图推理合成：PairCoder/Ollama问题存在性实验/result/simplug_7b_5model_comparison/generations/qwen2.5_7b__simplug-T005__B2_raw_api_docs_run2.py
2,simplug-T005,B3_oracle_api_sequence,qwen2.5:7b,3.93,True,False,True,missing API call,missing sp.plugins_context,"{""plugins_context_args"": [], ""disable_args"": [], ""get_plugin_assigns"": {}, ""get_plugin_bad_arg_vars"": [], ""wrapper_disable_vars"": [], ""hook_receivers"": [""sp"", ""sp""]}",/Users/zt25/coding/从 API 知识注入到源码图推理合成：PairCoder/Ollama问题存在性实验/result/simplug_7b_5model_comparison/prompts/qwen2.5_7b__simplug-T005__B3_oracle_api_sequence.txt,/Users/zt25/coding/从 API 知识注入到源码图推理合成：PairCoder/Ollama问题存在性实验/result/simplug_7b_5model_comparison/generations/qwen2.5_7b__simplug-T005__B3_oracle_api_sequence_run2.py
2,simplug-T005,B4_gold_pair_rule,qwen2.5:7b,5.01,True,True,False,,,"{""plugins_context_args"": [""['beta']""], ""disable_args"": [[""sp"", [""'beta'""]]], ""get_plugin_assigns"": {}, ""get_plugin_bad_arg_vars"": [], ""wrapper_disable_vars"": [], ""hook_receivers"": [""sp"", ""sp""]}",/Users/zt25/coding/从 API 知识注入到源码图推理合成：PairCoder/Ollama问题存在性实验/result/simplug_7b_5model_comparison/prompts/qwen2.5_7b__simplug-T005__B4_gold_pair_rule.txt,/Users/zt25/coding/从 API 知识注入到源码图推理合成：PairCoder/Ollama问题存在性实验/result/simplug_7b_5model_comparison/generations/qwen2.5_7b__simplug-T005__B4_gold_pair_rule_run2.py
2,simplug-T006,B0_direct,qwen2.5:7b,3.62,True,False,True,missing API call,missing sp.disable call,"{""plugins_context_args"": [], ""disable_args"": [[""sp.hooks"", [""'alpha'""]], [""sp.hooks"", [""'gamma'""]]], ""get_plugin_assigns"": {}, ""get_plugin_bad_arg_vars"": [], ""wrapper_disable_vars"": [], ""hook_receivers"": [""sp""]}",/Users/zt25/coding/从 API 知识注入到源码图推理合成：PairCoder/Ollama问题存在性实验/result/simplug_7b_5model_comparison/prompts/qwen2.5_7b__simplug-T006__B0_direct.txt,/Users/zt25/coding/从 API 知识注入到源码图推理合成：PairCoder/Ollama问题存在性实验/result/simplug_7b_5model_comparison/generations/qwen2.5_7b__simplug-T006__B0_direct_run2.py
2,simplug-T006,B1_api_list,qwen2.5:7b,4.74,True,False,True,wrong API pattern,unexpected sp.plugins_context in a disable-by-name task; use sp.disable instead,"{""plugins_context_args"": [""[beta]""], ""disable_args"": [[""sp"", [""'alpha'"", ""'gamma'""]]], ""get_plugin_assigns"": {}, ""get_plugin_bad_arg_vars"": [], ""wrapper_disable_vars"": [], ""hook_receivers"": [""sp""]}",/Users/zt25/coding/从 API 知识注入到源码图推理合成：PairCoder/Ollama问题存在性实验/result/simplug_7b_5model_comparison/prompts/qwen2.5_7b__simplug-T006__B1_api_list.txt,/Users/zt25/coding/从 API 知识注入到源码图推理合成：PairCoder/Ollama问题存在性实验/result/simplug_7b_5model_comparison/generations/qwen2.5_7b__simplug-T006__B1_api_list_run2.py
2,simplug-T006,B2_raw_api_docs,qwen2.5:7b,4.08,True,False,True,missing API call,missing sp.disable call,"{""plugins_context_args"": [], ""disable_args"": [[""sp.hooks"", [""'alpha'"", ""'gamma'""]]], ""get_plugin_assigns"": {}, ""get_plugin_bad_arg_vars"": [], ""wrapper_disable_vars"": [], ""hook_receivers"": [""sp""]}",/Users/zt25/coding/从 API 知识注入到源码图推理合成：PairCoder/Ollama问题存在性实验/result/simplug_7b_5model_comparison/prompts/qwen2.5_7b__simplug-T006__B2_raw_api_docs.txt,/Users/zt25/coding/从 API 知识注入到源码图推理合成：PairCoder/Ollama问题存在性实验/result/simplug_7b_5model_comparison/generations/qwen2.5_7b__simplug-T006__B2_raw_api_docs_run2.py
2,simplug-T006,B3_oracle_api_sequence,qwen2.5:7b,3.61,True,False,True,wrong parameter semantics,"sp.disable receives plugin object variable instead of name string; sp.disable should receive plugin name strings ['alpha', 'gamma']","{""plugins_context_args"": [], ""disable_args"": [[""sp"", [""alpha""]], [""sp"", [""gamma""]]], ""get_plugin_assigns"": {}, ""get_plugin_bad_arg_vars"": [], ""wrapper_disable_vars"": [], ""hook_receivers"": [""sp""]}",/Users/zt25/coding/从 API 知识注入到源码图推理合成：PairCoder/Ollama问题存在性实验/result/simplug_7b_5model_comparison/prompts/qwen2.5_7b__simplug-T006__B3_oracle_api_sequence.txt,/Users/zt25/coding/从 API 知识注入到源码图推理合成：PairCoder/Ollama问题存在性实验/result/simplug_7b_5model_comparison/generations/qwen2.5_7b__simplug-T006__B3_oracle_api_sequence_run2.py
2,simplug-T006,B4_gold_pair_rule,qwen2.5:7b,4.86,True,False,True,wrong API pattern,unexpected sp.plugins_context in a disable-by-name task; use sp.disable instead,"{""plugins_context_args"": [""['beta']""], ""disable_args"": [[""sp"", [""'alpha'""]], [""sp"", [""'gamma'""]]], ""get_plugin_assigns"": {}, ""get_plugin_bad_arg_vars"": [], ""wrapper_disable_vars"": [], ""hook_receivers"": [""sp""]}",/Users/zt25/coding/从 API 知识注入到源码图推理合成：PairCoder/Ollama问题存在性实验/result/simplug_7b_5model_comparison/prompts/qwen2.5_7b__simplug-T006__B4_gold_pair_rule.txt,/Users/zt25/coding/从 API 知识注入到源码图推理合成：PairCoder/Ollama问题存在性实验/result/simplug_7b_5model_comparison/generations/qwen2.5_7b__simplug-T006__B4_gold_pair_rule_run2.py
2,simplug-T001,B0_direct,qwen2.5-coder:7b,7.24,True,False,True,missing API call,missing sp.plugins_context,"{""plugins_context_args"": [], ""disable_args"": [], ""get_plugin_assigns"": {}, ""get_plugin_bad_arg_vars"": [], ""wrapper_disable_vars"": [], ""hook_receivers"": [""sp"", ""sp""]}",/Users/zt25/coding/从 API 知识注入到源码图推理合成：PairCoder/Ollama问题存在性实验/result/simplug_7b_5model_comparison/prompts/qwen2.5-coder_7b__simplug-T001__B0_direct.txt,/Users/zt25/coding/从 API 知识注入到源码图推理合成：PairCoder/Ollama问题存在性实验/result/simplug_7b_5model_comparison/generations/qwen2.5-coder_7b__simplug-T001__B0_direct_run2.py
2,simplug-T001,B1_api_list,qwen2.5-coder:7b,2.45,True,False,True,wrong parameter semantics,plugins_context receives plugin object variable instead of name string; plugins_context should receive plugin name strings ['beta'],"{""plugins_context_args"": [""[beta]""], ""disable_args"": [], ""get_plugin_assigns"": {}, ""get_plugin_bad_arg_vars"": [], ""wrapper_disable_vars"": [], ""hook_receivers"": [""sp""]}",/Users/zt25/coding/从 API 知识注入到源码图推理合成：PairCoder/Ollama问题存在性实验/result/simplug_7b_5model_comparison/prompts/qwen2.5-coder_7b__simplug-T001__B1_api_list.txt,/Users/zt25/coding/从 API 知识注入到源码图推理合成：PairCoder/Ollama问题存在性实验/result/simplug_7b_5model_comparison/generations/qwen2.5-coder_7b__simplug-T001__B1_api_list_run2.py
2,simplug-T001,B2_raw_api_docs,qwen2.5-coder:7b,3.06,True,False,True,wrong parameter semantics,plugins_context receives plugin object variable instead of name string; plugins_context should receive plugin name strings ['beta'],"{""plugins_context_args"": [""[beta]""], ""disable_args"": [], ""get_plugin_assigns"": {}, ""get_plugin_bad_arg_vars"": [], ""wrapper_disable_vars"": [], ""hook_receivers"": [""sp""]}",/Users/zt25/coding/从 API 知识注入到源码图推理合成：PairCoder/Ollama问题存在性实验/result/simplug_7b_5model_comparison/prompts/qwen2.5-coder_7b__simplug-T001__B2_raw_api_docs.txt,/Users/zt25/coding/从 API 知识注入到源码图推理合成：PairCoder/Ollama问题存在性实验/result/simplug_7b_5model_comparison/generations/qwen2.5-coder_7b__simplug-T001__B2_raw_api_docs_run2.py
2,simplug-T001,B3_oracle_api_sequence,qwen2.5-coder:7b,2.30,True,False,True,missing API call,missing sp.plugins_context,"{""plugins_context_args"": [], ""disable_args"": [], ""get_plugin_assigns"": {}, ""get_plugin_bad_arg_vars"": [], ""wrapper_disable_vars"": [], ""hook_receivers"": [""sp""]}",/Users/zt25/coding/从 API 知识注入到源码图推理合成：PairCoder/Ollama问题存在性实验/result/simplug_7b_5model_comparison/prompts/qwen2.5-coder_7b__simplug-T001__B3_oracle_api_sequence.txt,/Users/zt25/coding/从 API 知识注入到源码图推理合成：PairCoder/Ollama问题存在性实验/result/simplug_7b_5model_comparison/generations/qwen2.5-coder_7b__simplug-T001__B3_oracle_api_sequence_run2.py
2,simplug-T001,B4_gold_pair_rule,qwen2.5-coder:7b,3.91,True,True,False,,,"{""plugins_context_args"": [""['beta']""], ""disable_args"": [], ""get_plugin_assigns"": {}, ""get_plugin_bad_arg_vars"": [], ""wrapper_disable_vars"": [], ""hook_receivers"": [""sp""]}",/Users/zt25/coding/从 API 知识注入到源码图推理合成：PairCoder/Ollama问题存在性实验/result/simplug_7b_5model_comparison/prompts/qwen2.5-coder_7b__simplug-T001__B4_gold_pair_rule.txt,/Users/zt25/coding/从 API 知识注入到源码图推理合成：PairCoder/Ollama问题存在性实验/result/simplug_7b_5model_comparison/generations/qwen2.5-coder_7b__simplug-T001__B4_gold_pair_rule_run2.py
2,simplug-T002,B0_direct,qwen2.5-coder:7b,3.14,True,False,True,missing API call,missing sp.plugins_context,"{""plugins_context_args"": [], ""disable_args"": [], ""get_plugin_assigns"": {}, ""get_plugin_bad_arg_vars"": [], ""wrapper_disable_vars"": [], ""hook_receivers"": [""sp""]}",/Users/zt25/coding/从 API 知识注入到源码图推理合成：PairCoder/Ollama问题存在性实验/result/simplug_7b_5model_comparison/prompts/qwen2.5-coder_7b__simplug-T002__B0_direct.txt,/Users/zt25/coding/从 API 知识注入到源码图推理合成：PairCoder/Ollama问题存在性实验/result/simplug_7b_5model_comparison/generations/qwen2.5-coder_7b__simplug-T002__B0_direct_run2.py
2,simplug-T002,B1_api_list,qwen2.5-coder:7b,3.00,True,False,True,wrong parameter semantics,"plugins_context receives plugin object variable instead of name string; plugins_context should receive plugin name strings ['alpha', 'gamma']","{""plugins_context_args"": [""[alpha, gamma]""], ""disable_args"": [], ""get_plugin_assigns"": {}, ""get_plugin_bad_arg_vars"": [], ""wrapper_disable_vars"": [], ""hook_receivers"": [""sp""]}",/Users/zt25/coding/从 API 知识注入到源码图推理合成：PairCoder/Ollama问题存在性实验/result/simplug_7b_5model_comparison/prompts/qwen2.5-coder_7b__simplug-T002__B1_api_list.txt,/Users/zt25/coding/从 API 知识注入到源码图推理合成：PairCoder/Ollama问题存在性实验/result/simplug_7b_5model_comparison/generations/qwen2.5-coder_7b__simplug-T002__B1_api_list_run2.py
2,simplug-T002,B2_raw_api_docs,qwen2.5-coder:7b,3.00,True,False,True,wrong parameter semantics,"plugins_context receives plugin object variable instead of name string; plugins_context should receive plugin name strings ['alpha', 'gamma']","{""plugins_context_args"": [""(alpha, gamma)""], ""disable_args"": [], ""get_plugin_assigns"": {}, ""get_plugin_bad_arg_vars"": [], ""wrapper_disable_vars"": [], ""hook_receivers"": [""sp""]}",/Users/zt25/coding/从 API 知识注入到源码图推理合成：PairCoder/Ollama问题存在性实验/result/simplug_7b_5model_comparison/prompts/qwen2.5-coder_7b__simplug-T002__B2_raw_api_docs.txt,/Users/zt25/coding/从 API 知识注入到源码图推理合成：PairCoder/Ollama问题存在性实验/result/simplug_7b_5model_comparison/generations/qwen2.5-coder_7b__simplug-T002__B2_raw_api_docs_run2.py
2,simplug-T002,B3_oracle_api_sequence,qwen2.5-coder:7b,2.91,True,False,True,missing API call,missing sp.plugins_context,"{""plugins_context_args"": [], ""disable_args"": [], ""get_plugin_assigns"": {}, ""get_plugin_bad_arg_vars"": [], ""wrapper_disable_vars"": [], ""hook_receivers"": [""sp""]}",/Users/zt25/coding/从 API 知识注入到源码图推理合成：PairCoder/Ollama问题存在性实验/result/simplug_7b_5model_comparison/prompts/qwen2.5-coder_7b__simplug-T002__B3_oracle_api_sequence.txt,/Users/zt25/coding/从 API 知识注入到源码图推理合成：PairCoder/Ollama问题存在性实验/result/simplug_7b_5model_comparison/generations/qwen2.5-coder_7b__simplug-T002__B3_oracle_api_sequence_run2.py
2,simplug-T002,B4_gold_pair_rule,qwen2.5-coder:7b,3.88,True,True,False,,,"{""plugins_context_args"": [""['alpha', 'gamma']""], ""disable_args"": [], ""get_plugin_assigns"": {}, ""get_plugin_bad_arg_vars"": [], ""wrapper_disable_vars"": [], ""hook_receivers"": [""sp""]}",/Users/zt25/coding/从 API 知识注入到源码图推理合成：PairCoder/Ollama问题存在性实验/result/simplug_7b_5model_comparison/prompts/qwen2.5-coder_7b__simplug-T002__B4_gold_pair_rule.txt,/Users/zt25/coding/从 API 知识注入到源码图推理合成：PairCoder/Ollama问题存在性实验/result/simplug_7b_5model_comparison/generations/qwen2.5-coder_7b__simplug-T002__B4_gold_pair_rule_run2.py
2,simplug-T003,B0_direct,qwen2.5-coder:7b,2.95,True,False,True,missing API call,missing sp.disable call,"{""plugins_context_args"": [], ""disable_args"": [[""sp.hooks"", [""'beta'""]]], ""get_plugin_assigns"": {}, ""get_plugin_bad_arg_vars"": [], ""wrapper_disable_vars"": [], ""hook_receivers"": [""sp""]}",/Users/zt25/coding/从 API 知识注入到源码图推理合成：PairCoder/Ollama问题存在性实验/result/simplug_7b_5model_comparison/prompts/qwen2.5-coder_7b__simplug-T003__B0_direct.txt,/Users/zt25/coding/从 API 知识注入到源码图推理合成：PairCoder/Ollama问题存在性实验/result/simplug_7b_5model_comparison/generations/qwen2.5-coder_7b__simplug-T003__B0_direct_run2.py
2,simplug-T003,B1_api_list,qwen2.5-coder:7b,3.65,True,False,True,missing API call; wrong API pattern,missing sp.disable call; unexpected sp.plugins_context in a disable-by-name task; use sp.disable instead,"{""plugins_context_args"": [""[alpha, gamma]""], ""disable_args"": [], ""get_plugin_assigns"": {}, ""get_plugin_bad_arg_vars"": [], ""wrapper_disable_vars"": [], ""hook_receivers"": [""sp""]}",/Users/zt25/coding/从 API 知识注入到源码图推理合成：PairCoder/Ollama问题存在性实验/result/simplug_7b_5model_comparison/prompts/qwen2.5-coder_7b__simplug-T003__B1_api_list.txt,/Users/zt25/coding/从 API 知识注入到源码图推理合成：PairCoder/Ollama问题存在性实验/result/simplug_7b_5model_comparison/generations/qwen2.5-coder_7b__simplug-T003__B1_api_list_run2.py
2,simplug-T003,B2_raw_api_docs,qwen2.5-coder:7b,3.20,True,False,True,missing API call,missing sp.disable call,"{""plugins_context_args"": [], ""disable_args"": [[""beta"", []]], ""get_plugin_assigns"": {}, ""get_plugin_bad_arg_vars"": [], ""wrapper_disable_vars"": [], ""hook_receivers"": [""sp""]}",/Users/zt25/coding/从 API 知识注入到源码图推理合成：PairCoder/Ollama问题存在性实验/result/simplug_7b_5model_comparison/prompts/qwen2.5-coder_7b__simplug-T003__B2_raw_api_docs.txt,/Users/zt25/coding/从 API 知识注入到源码图推理合成：PairCoder/Ollama问题存在性实验/result/simplug_7b_5model_comparison/generations/qwen2.5-coder_7b__simplug-T003__B2_raw_api_docs_run2.py
2,simplug-T003,B3_oracle_api_sequence,qwen2.5-coder:7b,2.59,True,False,True,wrong parameter semantics,sp.disable receives plugin object variable instead of name string; sp.disable should receive plugin name strings ['beta'],"{""plugins_context_args"": [], ""disable_args"": [[""sp"", [""beta""]]], ""get_plugin_assigns"": {}, ""get_plugin_bad_arg_vars"": [], ""wrapper_disable_vars"": [], ""hook_receivers"": [""sp""]}",/Users/zt25/coding/从 API 知识注入到源码图推理合成：PairCoder/Ollama问题存在性实验/result/simplug_7b_5model_comparison/prompts/qwen2.5-coder_7b__simplug-T003__B3_oracle_api_sequence.txt,/Users/zt25/coding/从 API 知识注入到源码图推理合成：PairCoder/Ollama问题存在性实验/result/simplug_7b_5model_comparison/generations/qwen2.5-coder_7b__simplug-T003__B3_oracle_api_sequence_run2.py
2,simplug-T003,B4_gold_pair_rule,qwen2.5-coder:7b,4.49,True,True,False,,,"{""plugins_context_args"": [], ""disable_args"": [[""sp"", [""'beta'""]]], ""get_plugin_assigns"": {}, ""get_plugin_bad_arg_vars"": [], ""wrapper_disable_vars"": [], ""hook_receivers"": [""sp""]}",/Users/zt25/coding/从 API 知识注入到源码图推理合成：PairCoder/Ollama问题存在性实验/result/simplug_7b_5model_comparison/prompts/qwen2.5-coder_7b__simplug-T003__B4_gold_pair_rule.txt,/Users/zt25/coding/从 API 知识注入到源码图推理合成：PairCoder/Ollama问题存在性实验/result/simplug_7b_5model_comparison/generations/qwen2.5-coder_7b__simplug-T003__B4_gold_pair_rule_run2.py
2,simplug-T004,B0_direct,qwen2.5-coder:7b,3.60,True,False,True,broken data flow,missing sp.get_plugin('beta') assignment,"{""plugins_context_args"": [], ""disable_args"": [[""wrapper"", []]], ""get_plugin_assigns"": {}, ""get_plugin_bad_arg_vars"": [], ""wrapper_disable_vars"": [], ""hook_receivers"": [""sp""]}",/Users/zt25/coding/从 API 知识注入到源码图推理合成：PairCoder/Ollama问题存在性实验/result/simplug_7b_5model_comparison/prompts/qwen2.5-coder_7b__simplug-T004__B0_direct.txt,/Users/zt25/coding/从 API 知识注入到源码图推理合成：PairCoder/Ollama问题存在性实验/result/simplug_7b_5model_comparison/generations/qwen2.5-coder_7b__simplug-T004__B0_direct_run2.py
2,simplug-T004,B1_api_list,qwen2.5-coder:7b,4.60,True,False,True,wrong parameter semantics,sp.get_plugin called with non-string argument; pass the plugin name string 'beta',"{""plugins_context_args"": [""[]""], ""disable_args"": [[""wrapper"", []]], ""get_plugin_assigns"": {}, ""get_plugin_bad_arg_vars"": [""wrapper""], ""wrapper_disable_vars"": [], ""hook_receivers"": [""sp""]}",/Users/zt25/coding/从 API 知识注入到源码图推理合成：PairCoder/Ollama问题存在性实验/result/simplug_7b_5model_comparison/prompts/qwen2.5-coder_7b__simplug-T004__B1_api_list.txt,/Users/zt25/coding/从 API 知识注入到源码图推理合成：PairCoder/Ollama问题存在性实验/result/simplug_7b_5model_comparison/generations/qwen2.5-coder_7b__simplug-T004__B1_api_list_run2.py
2,simplug-T004,B2_raw_api_docs,qwen2.5-coder:7b,5.73,True,True,False,,,"{""plugins_context_args"": [], ""disable_args"": [[""beta_plugin"", []]], ""get_plugin_assigns"": {""beta_plugin"": ""beta""}, ""get_plugin_bad_arg_vars"": [], ""wrapper_disable_vars"": [""beta_plugin""], ""hook_receivers"": [""sp""]}",/Users/zt25/coding/从 API 知识注入到源码图推理合成：PairCoder/Ollama问题存在性实验/result/simplug_7b_5model_comparison/prompts/qwen2.5-coder_7b__simplug-T004__B2_raw_api_docs.txt,/Users/zt25/coding/从 API 知识注入到源码图推理合成：PairCoder/Ollama问题存在性实验/result/simplug_7b_5model_comparison/generations/qwen2.5-coder_7b__simplug-T004__B2_raw_api_docs_run2.py
2,simplug-T004,B3_oracle_api_sequence,qwen2.5-coder:7b,3.58,True,False,True,wrong parameter semantics,sp.get_plugin called with non-string argument; pass the plugin name string 'beta',"{""plugins_context_args"": [], ""disable_args"": [[""wrapper"", []]], ""get_plugin_assigns"": {}, ""get_plugin_bad_arg_vars"": [""wrapper""], ""wrapper_disable_vars"": [], ""hook_receivers"": [""sp""]}",/Users/zt25/coding/从 API 知识注入到源码图推理合成：PairCoder/Ollama问题存在性实验/result/simplug_7b_5model_comparison/prompts/qwen2.5-coder_7b__simplug-T004__B3_oracle_api_sequence.txt,/Users/zt25/coding/从 API 知识注入到源码图推理合成：PairCoder/Ollama问题存在性实验/result/simplug_7b_5model_comparison/generations/qwen2.5-coder_7b__simplug-T004__B3_oracle_api_sequence_run2.py
2,simplug-T004,B4_gold_pair_rule,qwen2.5-coder:7b,5.27,True,True,False,,,"{""plugins_context_args"": [], ""disable_args"": [[""wrapper"", []]], ""get_plugin_assigns"": {""wrapper"": ""beta""}, ""get_plugin_bad_arg_vars"": [], ""wrapper_disable_vars"": [""wrapper""], ""hook_receivers"": [""sp""]}",/Users/zt25/coding/从 API 知识注入到源码图推理合成：PairCoder/Ollama问题存在性实验/result/simplug_7b_5model_comparison/prompts/qwen2.5-coder_7b__simplug-T004__B4_gold_pair_rule.txt,/Users/zt25/coding/从 API 知识注入到源码图推理合成：PairCoder/Ollama问题存在性实验/result/simplug_7b_5model_comparison/generations/qwen2.5-coder_7b__simplug-T004__B4_gold_pair_rule_run2.py
2,simplug-T005,B0_direct,qwen2.5-coder:7b,5.45,True,False,True,missing API call,missing sp.plugins_context,"{""plugins_context_args"": [], ""disable_args"": [], ""get_plugin_assigns"": {}, ""get_plugin_bad_arg_vars"": [], ""wrapper_disable_vars"": [], ""hook_receivers"": [""sp"", ""sp""]}",/Users/zt25/coding/从 API 知识注入到源码图推理合成：PairCoder/Ollama问题存在性实验/result/simplug_7b_5model_comparison/prompts/qwen2.5-coder_7b__simplug-T005__B0_direct.txt,/Users/zt25/coding/从 API 知识注入到源码图推理合成：PairCoder/Ollama问题存在性实验/result/simplug_7b_5model_comparison/generations/qwen2.5-coder_7b__simplug-T005__B0_direct_run2.py
2,simplug-T005,B1_api_list,qwen2.5-coder:7b,6.86,True,False,True,wrong parameter semantics,plugins_context receives plugin object variable instead of name string; plugins_context should receive plugin name strings ['beta'],"{""plugins_context_args"": [""[beta]""], ""disable_args"": [[""plugin"", []]], ""get_plugin_assigns"": {}, ""get_plugin_bad_arg_vars"": [], ""wrapper_disable_vars"": [], ""hook_receivers"": [""sp"", ""sp""]}",/Users/zt25/coding/从 API 知识注入到源码图推理合成：PairCoder/Ollama问题存在性实验/result/simplug_7b_5model_comparison/prompts/qwen2.5-coder_7b__simplug-T005__B1_api_list.txt,/Users/zt25/coding/从 API 知识注入到源码图推理合成：PairCoder/Ollama问题存在性实验/result/simplug_7b_5model_comparison/generations/qwen2.5-coder_7b__simplug-T005__B1_api_list_run2.py
2,simplug-T005,B2_raw_api_docs,qwen2.5-coder:7b,6.02,True,False,True,missing API call,missing sp.plugins_context,"{""plugins_context_args"": [], ""disable_args"": [], ""get_plugin_assigns"": {}, ""get_plugin_bad_arg_vars"": [], ""wrapper_disable_vars"": [], ""hook_receivers"": [""sp"", ""sp""]}",/Users/zt25/coding/从 API 知识注入到源码图推理合成：PairCoder/Ollama问题存在性实验/result/simplug_7b_5model_comparison/prompts/qwen2.5-coder_7b__simplug-T005__B2_raw_api_docs.txt,/Users/zt25/coding/从 API 知识注入到源码图推理合成：PairCoder/Ollama问题存在性实验/result/simplug_7b_5model_comparison/generations/qwen2.5-coder_7b__simplug-T005__B2_raw_api_docs_run2.py
2,simplug-T005,B3_oracle_api_sequence,qwen2.5-coder:7b,4.44,True,False,True,wrong parameter semantics,plugins_context receives plugin object variable instead of name string; plugins_context should receive plugin name strings ['beta'],"{""plugins_context_args"": [""[beta]""], ""disable_args"": [], ""get_plugin_assigns"": {}, ""get_plugin_bad_arg_vars"": [], ""wrapper_disable_vars"": [], ""hook_receivers"": [""sp"", ""sp""]}",/Users/zt25/coding/从 API 知识注入到源码图推理合成：PairCoder/Ollama问题存在性实验/result/simplug_7b_5model_comparison/prompts/qwen2.5-coder_7b__simplug-T005__B3_oracle_api_sequence.txt,/Users/zt25/coding/从 API 知识注入到源码图推理合成：PairCoder/Ollama问题存在性实验/result/simplug_7b_5model_comparison/generations/qwen2.5-coder_7b__simplug-T005__B3_oracle_api_sequence_run2.py
2,simplug-T005,B4_gold_pair_rule,qwen2.5-coder:7b,7.11,True,True,False,,,"{""plugins_context_args"": [""['beta']""], ""disable_args"": [[""sp"", [""'beta'""]]], ""get_plugin_assigns"": {}, ""get_plugin_bad_arg_vars"": [], ""wrapper_disable_vars"": [], ""hook_receivers"": [""sp"", ""sp""]}",/Users/zt25/coding/从 API 知识注入到源码图推理合成：PairCoder/Ollama问题存在性实验/result/simplug_7b_5model_comparison/prompts/qwen2.5-coder_7b__simplug-T005__B4_gold_pair_rule.txt,/Users/zt25/coding/从 API 知识注入到源码图推理合成：PairCoder/Ollama问题存在性实验/result/simplug_7b_5model_comparison/generations/qwen2.5-coder_7b__simplug-T005__B4_gold_pair_rule_run2.py
2,simplug-T006,B0_direct,qwen2.5-coder:7b,3.37,True,False,True,missing API call,missing sp.disable call,"{""plugins_context_args"": [], ""disable_args"": [], ""get_plugin_assigns"": {}, ""get_plugin_bad_arg_vars"": [], ""wrapper_disable_vars"": [], ""hook_receivers"": [""sp""]}",/Users/zt25/coding/从 API 知识注入到源码图推理合成：PairCoder/Ollama问题存在性实验/result/simplug_7b_5model_comparison/prompts/qwen2.5-coder_7b__simplug-T006__B0_direct.txt,/Users/zt25/coding/从 API 知识注入到源码图推理合成：PairCoder/Ollama问题存在性实验/result/simplug_7b_5model_comparison/generations/qwen2.5-coder_7b__simplug-T006__B0_direct_run2.py
2,simplug-T006,B1_api_list,qwen2.5-coder:7b,3.69,True,False,True,missing API call; wrong API pattern,missing sp.disable call; unexpected sp.plugins_context in a disable-by-name task; use sp.disable instead,"{""plugins_context_args"": [""[beta]""], ""disable_args"": [], ""get_plugin_assigns"": {}, ""get_plugin_bad_arg_vars"": [], ""wrapper_disable_vars"": [], ""hook_receivers"": [""sp""]}",/Users/zt25/coding/从 API 知识注入到源码图推理合成：PairCoder/Ollama问题存在性实验/result/simplug_7b_5model_comparison/prompts/qwen2.5-coder_7b__simplug-T006__B1_api_list.txt,/Users/zt25/coding/从 API 知识注入到源码图推理合成：PairCoder/Ollama问题存在性实验/result/simplug_7b_5model_comparison/generations/qwen2.5-coder_7b__simplug-T006__B1_api_list_run2.py
2,simplug-T006,B2_raw_api_docs,qwen2.5-coder:7b,3.51,True,False,True,missing API call,missing sp.disable call,"{""plugins_context_args"": [], ""disable_args"": [[""alpha"", []], [""gamma"", []]], ""get_plugin_assigns"": {}, ""get_plugin_bad_arg_vars"": [], ""wrapper_disable_vars"": [], ""hook_receivers"": [""sp""]}",/Users/zt25/coding/从 API 知识注入到源码图推理合成：PairCoder/Ollama问题存在性实验/result/simplug_7b_5model_comparison/prompts/qwen2.5-coder_7b__simplug-T006__B2_raw_api_docs.txt,/Users/zt25/coding/从 API 知识注入到源码图推理合成：PairCoder/Ollama问题存在性实验/result/simplug_7b_5model_comparison/generations/qwen2.5-coder_7b__simplug-T006__B2_raw_api_docs_run2.py
2,simplug-T006,B3_oracle_api_sequence,qwen2.5-coder:7b,3.07,True,False,True,wrong parameter semantics,"sp.disable receives plugin object variable instead of name string; sp.disable should receive plugin name strings ['alpha', 'gamma']","{""plugins_context_args"": [], ""disable_args"": [[""sp"", [""alpha""]], [""sp"", [""gamma""]]], ""get_plugin_assigns"": {}, ""get_plugin_bad_arg_vars"": [], ""wrapper_disable_vars"": [], ""hook_receivers"": [""sp""]}",/Users/zt25/coding/从 API 知识注入到源码图推理合成：PairCoder/Ollama问题存在性实验/result/simplug_7b_5model_comparison/prompts/qwen2.5-coder_7b__simplug-T006__B3_oracle_api_sequence.txt,/Users/zt25/coding/从 API 知识注入到源码图推理合成：PairCoder/Ollama问题存在性实验/result/simplug_7b_5model_comparison/generations/qwen2.5-coder_7b__simplug-T006__B3_oracle_api_sequence_run2.py
2,simplug-T006,B4_gold_pair_rule,qwen2.5-coder:7b,4.83,True,True,False,,,"{""plugins_context_args"": [], ""disable_args"": [[""sp"", [""'alpha'""]], [""sp"", [""'gamma'""]]], ""get_plugin_assigns"": {}, ""get_plugin_bad_arg_vars"": [], ""wrapper_disable_vars"": [], ""hook_receivers"": [""sp""]}",/Users/zt25/coding/从 API 知识注入到源码图推理合成：PairCoder/Ollama问题存在性实验/result/simplug_7b_5model_comparison/prompts/qwen2.5-coder_7b__simplug-T006__B4_gold_pair_rule.txt,/Users/zt25/coding/从 API 知识注入到源码图推理合成：PairCoder/Ollama问题存在性实验/result/simplug_7b_5model_comparison/generations/qwen2.5-coder_7b__simplug-T006__B4_gold_pair_rule_run2.py
2,simplug-T001,B0_direct,llama3.1:8b,6.75,True,False,True,missing API call,missing sp.plugins_context,"{""plugins_context_args"": [], ""disable_args"": [], ""get_plugin_assigns"": {}, ""get_plugin_bad_arg_vars"": [], ""wrapper_disable_vars"": [], ""hook_receivers"": [""sp""]}",/Users/zt25/coding/从 API 知识注入到源码图推理合成：PairCoder/Ollama问题存在性实验/result/simplug_7b_5model_comparison/prompts/llama3.1_8b__simplug-T001__B0_direct.txt,/Users/zt25/coding/从 API 知识注入到源码图推理合成：PairCoder/Ollama问题存在性实验/result/simplug_7b_5model_comparison/generations/llama3.1_8b__simplug-T001__B0_direct_run2.py
2,simplug-T001,B1_api_list,llama3.1:8b,2.32,True,False,True,wrong parameter semantics,plugins_context receives plugin object variable instead of name string; plugins_context should receive plugin name strings ['beta'],"{""plugins_context_args"": [""[beta]""], ""disable_args"": [], ""get_plugin_assigns"": {}, ""get_plugin_bad_arg_vars"": [], ""wrapper_disable_vars"": [], ""hook_receivers"": [""sp""]}",/Users/zt25/coding/从 API 知识注入到源码图推理合成：PairCoder/Ollama问题存在性实验/result/simplug_7b_5model_comparison/prompts/llama3.1_8b__simplug-T001__B1_api_list.txt,/Users/zt25/coding/从 API 知识注入到源码图推理合成：PairCoder/Ollama问题存在性实验/result/simplug_7b_5model_comparison/generations/llama3.1_8b__simplug-T001__B1_api_list_run2.py
2,simplug-T001,B2_raw_api_docs,llama3.1:8b,2.76,True,False,True,missing API call,missing sp.plugins_context,"{""plugins_context_args"": [], ""disable_args"": [], ""get_plugin_assigns"": {}, ""get_plugin_bad_arg_vars"": [], ""wrapper_disable_vars"": [], ""hook_receivers"": [""sp""]}",/Users/zt25/coding/从 API 知识注入到源码图推理合成：PairCoder/Ollama问题存在性实验/result/simplug_7b_5model_comparison/prompts/llama3.1_8b__simplug-T001__B2_raw_api_docs.txt,/Users/zt25/coding/从 API 知识注入到源码图推理合成：PairCoder/Ollama问题存在性实验/result/simplug_7b_5model_comparison/generations/llama3.1_8b__simplug-T001__B2_raw_api_docs_run2.py
2,simplug-T001,B3_oracle_api_sequence,llama3.1:8b,1.90,True,False,True,missing API call,missing sp.plugins_context,"{""plugins_context_args"": [], ""disable_args"": [], ""get_plugin_assigns"": {}, ""get_plugin_bad_arg_vars"": [], ""wrapper_disable_vars"": [], ""hook_receivers"": [""sp""]}",/Users/zt25/coding/从 API 知识注入到源码图推理合成：PairCoder/Ollama问题存在性实验/result/simplug_7b_5model_comparison/prompts/llama3.1_8b__simplug-T001__B3_oracle_api_sequence.txt,/Users/zt25/coding/从 API 知识注入到源码图推理合成：PairCoder/Ollama问题存在性实验/result/simplug_7b_5model_comparison/generations/llama3.1_8b__simplug-T001__B3_oracle_api_sequence_run2.py
2,simplug-T001,B4_gold_pair_rule,llama3.1:8b,3.34,True,True,False,,,"{""plugins_context_args"": [""['beta']""], ""disable_args"": [], ""get_plugin_assigns"": {}, ""get_plugin_bad_arg_vars"": [], ""wrapper_disable_vars"": [], ""hook_receivers"": [""sp""]}",/Users/zt25/coding/从 API 知识注入到源码图推理合成：PairCoder/Ollama问题存在性实验/result/simplug_7b_5model_comparison/prompts/llama3.1_8b__simplug-T001__B4_gold_pair_rule.txt,/Users/zt25/coding/从 API 知识注入到源码图推理合成：PairCoder/Ollama问题存在性实验/result/simplug_7b_5model_comparison/generations/llama3.1_8b__simplug-T001__B4_gold_pair_rule_run2.py
2,simplug-T002,B0_direct,llama3.1:8b,3.89,True,False,True,missing API call,missing sp.plugins_context,"{""plugins_context_args"": [], ""disable_args"": [], ""get_plugin_assigns"": {}, ""get_plugin_bad_arg_vars"": [], ""wrapper_disable_vars"": [], ""hook_receivers"": [""sp"", ""sp""]}",/Users/zt25/coding/从 API 知识注入到源码图推理合成：PairCoder/Ollama问题存在性实验/result/simplug_7b_5model_comparison/prompts/llama3.1_8b__simplug-T002__B0_direct.txt,/Users/zt25/coding/从 API 知识注入到源码图推理合成：PairCoder/Ollama问题存在性实验/result/simplug_7b_5model_comparison/generations/llama3.1_8b__simplug-T002__B0_direct_run2.py
2,simplug-T002,B1_api_list,llama3.1:8b,3.17,True,True,False,,,"{""plugins_context_args"": [""['alpha', 'gamma']""], ""disable_args"": [], ""get_plugin_assigns"": {}, ""get_plugin_bad_arg_vars"": [], ""wrapper_disable_vars"": [], ""hook_receivers"": [""sp""]}",/Users/zt25/coding/从 API 知识注入到源码图推理合成：PairCoder/Ollama问题存在性实验/result/simplug_7b_5model_comparison/prompts/llama3.1_8b__simplug-T002__B1_api_list.txt,/Users/zt25/coding/从 API 知识注入到源码图推理合成：PairCoder/Ollama问题存在性实验/result/simplug_7b_5model_comparison/generations/llama3.1_8b__simplug-T002__B1_api_list_run2.py
2,simplug-T002,B2_raw_api_docs,llama3.1:8b,3.02,True,False,True,missing API call,missing sp.plugins_context,"{""plugins_context_args"": [], ""disable_args"": [], ""get_plugin_assigns"": {}, ""get_plugin_bad_arg_vars"": [], ""wrapper_disable_vars"": [], ""hook_receivers"": [""sp""]}",/Users/zt25/coding/从 API 知识注入到源码图推理合成：PairCoder/Ollama问题存在性实验/result/simplug_7b_5model_comparison/prompts/llama3.1_8b__simplug-T002__B2_raw_api_docs.txt,/Users/zt25/coding/从 API 知识注入到源码图推理合成：PairCoder/Ollama问题存在性实验/result/simplug_7b_5model_comparison/generations/llama3.1_8b__simplug-T002__B2_raw_api_docs_run2.py
2,simplug-T002,B3_oracle_api_sequence,llama3.1:8b,2.37,True,False,True,missing API call,missing sp.plugins_context,"{""plugins_context_args"": [], ""disable_args"": [], ""get_plugin_assigns"": {}, ""get_plugin_bad_arg_vars"": [], ""wrapper_disable_vars"": [], ""hook_receivers"": [""sp""]}",/Users/zt25/coding/从 API 知识注入到源码图推理合成：PairCoder/Ollama问题存在性实验/result/simplug_7b_5model_comparison/prompts/llama3.1_8b__simplug-T002__B3_oracle_api_sequence.txt,/Users/zt25/coding/从 API 知识注入到源码图推理合成：PairCoder/Ollama问题存在性实验/result/simplug_7b_5model_comparison/generations/llama3.1_8b__simplug-T002__B3_oracle_api_sequence_run2.py
2,simplug-T002,B4_gold_pair_rule,llama3.1:8b,3.54,True,True,False,,,"{""plugins_context_args"": [""['alpha', 'gamma']""], ""disable_args"": [], ""get_plugin_assigns"": {}, ""get_plugin_bad_arg_vars"": [], ""wrapper_disable_vars"": [], ""hook_receivers"": [""sp""]}",/Users/zt25/coding/从 API 知识注入到源码图推理合成：PairCoder/Ollama问题存在性实验/result/simplug_7b_5model_comparison/prompts/llama3.1_8b__simplug-T002__B4_gold_pair_rule.txt,/Users/zt25/coding/从 API 知识注入到源码图推理合成：PairCoder/Ollama问题存在性实验/result/simplug_7b_5model_comparison/generations/llama3.1_8b__simplug-T002__B4_gold_pair_rule_run2.py
2,simplug-T003,B0_direct,llama3.1:8b,2.62,True,False,True,missing API call,missing sp.disable call,"{""plugins_context_args"": [], ""disable_args"": [], ""get_plugin_assigns"": {}, ""get_plugin_bad_arg_vars"": [], ""wrapper_disable_vars"": [], ""hook_receivers"": [""sp""]}",/Users/zt25/coding/从 API 知识注入到源码图推理合成：PairCoder/Ollama问题存在性实验/result/simplug_7b_5model_comparison/prompts/llama3.1_8b__simplug-T003__B0_direct.txt,/Users/zt25/coding/从 API 知识注入到源码图推理合成：PairCoder/Ollama问题存在性实验/result/simplug_7b_5model_comparison/generations/llama3.1_8b__simplug-T003__B0_direct_run2.py
2,simplug-T003,B1_api_list,llama3.1:8b,3.00,True,False,True,missing API call,missing sp.disable call,"{""plugins_context_args"": [], ""disable_args"": [], ""get_plugin_assigns"": {}, ""get_plugin_bad_arg_vars"": [], ""wrapper_disable_vars"": [], ""hook_receivers"": [""sp""]}",/Users/zt25/coding/从 API 知识注入到源码图推理合成：PairCoder/Ollama问题存在性实验/result/simplug_7b_5model_comparison/prompts/llama3.1_8b__simplug-T003__B1_api_list.txt,/Users/zt25/coding/从 API 知识注入到源码图推理合成：PairCoder/Ollama问题存在性实验/result/simplug_7b_5model_comparison/generations/llama3.1_8b__simplug-T003__B1_api_list_run2.py
2,simplug-T003,B2_raw_api_docs,llama3.1:8b,2.75,True,False,True,wrong parameter semantics,sp.disable should receive plugin name strings ['beta'],"{""plugins_context_args"": [], ""disable_args"": [[""sp"", [""beta.name""]]], ""get_plugin_assigns"": {}, ""get_plugin_bad_arg_vars"": [], ""wrapper_disable_vars"": [], ""hook_receivers"": [""sp""]}",/Users/zt25/coding/从 API 知识注入到源码图推理合成：PairCoder/Ollama问题存在性实验/result/simplug_7b_5model_comparison/prompts/llama3.1_8b__simplug-T003__B2_raw_api_docs.txt,/Users/zt25/coding/从 API 知识注入到源码图推理合成：PairCoder/Ollama问题存在性实验/result/simplug_7b_5model_comparison/generations/llama3.1_8b__simplug-T003__B2_raw_api_docs_run2.py
2,simplug-T003,B3_oracle_api_sequence,llama3.1:8b,2.45,True,False,True,wrong parameter semantics,sp.disable receives plugin object variable instead of name string; sp.disable should receive plugin name strings ['beta'],"{""plugins_context_args"": [], ""disable_args"": [[""sp"", [""beta""]]], ""get_plugin_assigns"": {}, ""get_plugin_bad_arg_vars"": [], ""wrapper_disable_vars"": [], ""hook_receivers"": [""sp""]}",/Users/zt25/coding/从 API 知识注入到源码图推理合成：PairCoder/Ollama问题存在性实验/result/simplug_7b_5model_comparison/prompts/llama3.1_8b__simplug-T003__B3_oracle_api_sequence.txt,/Users/zt25/coding/从 API 知识注入到源码图推理合成：PairCoder/Ollama问题存在性实验/result/simplug_7b_5model_comparison/generations/llama3.1_8b__simplug-T003__B3_oracle_api_sequence_run2.py
2,simplug-T003,B4_gold_pair_rule,llama3.1:8b,4.07,True,True,False,,,"{""plugins_context_args"": [], ""disable_args"": [[""sp"", [""'beta'""]]], ""get_plugin_assigns"": {}, ""get_plugin_bad_arg_vars"": [], ""wrapper_disable_vars"": [], ""hook_receivers"": [""sp""]}",/Users/zt25/coding/从 API 知识注入到源码图推理合成：PairCoder/Ollama问题存在性实验/result/simplug_7b_5model_comparison/prompts/llama3.1_8b__simplug-T003__B4_gold_pair_rule.txt,/Users/zt25/coding/从 API 知识注入到源码图推理合成：PairCoder/Ollama问题存在性实验/result/simplug_7b_5model_comparison/generations/llama3.1_8b__simplug-T003__B4_gold_pair_rule_run2.py
2,simplug-T004,B0_direct,llama3.1:8b,2.70,True,False,True,wrong parameter semantics,sp.get_plugin called with non-string argument; pass the plugin name string 'beta',"{""plugins_context_args"": [], ""disable_args"": [[""beta_wrapper"", []]], ""get_plugin_assigns"": {}, ""get_plugin_bad_arg_vars"": [""beta_wrapper""], ""wrapper_disable_vars"": [], ""hook_receivers"": [""sp""]}",/Users/zt25/coding/从 API 知识注入到源码图推理合成：PairCoder/Ollama问题存在性实验/result/simplug_7b_5model_comparison/prompts/llama3.1_8b__simplug-T004__B0_direct.txt,/Users/zt25/coding/从 API 知识注入到源码图推理合成：PairCoder/Ollama问题存在性实验/result/simplug_7b_5model_comparison/generations/llama3.1_8b__simplug-T004__B0_direct_run2.py
2,simplug-T004,B1_api_list,llama3.1:8b,3.90,True,False,True,broken data flow,missing sp.get_plugin('beta') assignment,"{""plugins_context_args"": [""[beta]""], ""disable_args"": [[""beta"", []]], ""get_plugin_assigns"": {}, ""get_plugin_bad_arg_vars"": [], ""wrapper_disable_vars"": [], ""hook_receivers"": [""sp""]}",/Users/zt25/coding/从 API 知识注入到源码图推理合成：PairCoder/Ollama问题存在性实验/result/simplug_7b_5model_comparison/prompts/llama3.1_8b__simplug-T004__B1_api_list.txt,/Users/zt25/coding/从 API 知识注入到源码图推理合成：PairCoder/Ollama问题存在性实验/result/simplug_7b_5model_comparison/generations/llama3.1_8b__simplug-T004__B1_api_list_run2.py
2,simplug-T004,B2_raw_api_docs,llama3.1:8b,3.69,True,False,True,broken data flow,missing sp.get_plugin('beta') assignment,"{""plugins_context_args"": [], ""disable_args"": [], ""get_plugin_assigns"": {}, ""get_plugin_bad_arg_vars"": [], ""wrapper_disable_vars"": [], ""hook_receivers"": [""sp""]}",/Users/zt25/coding/从 API 知识注入到源码图推理合成：PairCoder/Ollama问题存在性实验/result/simplug_7b_5model_comparison/prompts/llama3.1_8b__simplug-T004__B2_raw_api_docs.txt,/Users/zt25/coding/从 API 知识注入到源码图推理合成：PairCoder/Ollama问题存在性实验/result/simplug_7b_5model_comparison/generations/llama3.1_8b__simplug-T004__B2_raw_api_docs_run2.py
2,simplug-T004,B3_oracle_api_sequence,llama3.1:8b,2.60,True,True,False,,,"{""plugins_context_args"": [], ""disable_args"": [[""beta"", []]], ""get_plugin_assigns"": {""beta"": ""beta""}, ""get_plugin_bad_arg_vars"": [], ""wrapper_disable_vars"": [""beta""], ""hook_receivers"": [""sp""]}",/Users/zt25/coding/从 API 知识注入到源码图推理合成：PairCoder/Ollama问题存在性实验/result/simplug_7b_5model_comparison/prompts/llama3.1_8b__simplug-T004__B3_oracle_api_sequence.txt,/Users/zt25/coding/从 API 知识注入到源码图推理合成：PairCoder/Ollama问题存在性实验/result/simplug_7b_5model_comparison/generations/llama3.1_8b__simplug-T004__B3_oracle_api_sequence_run2.py
2,simplug-T004,B4_gold_pair_rule,llama3.1:8b,3.97,True,True,False,,,"{""plugins_context_args"": [], ""disable_args"": [[""wrapper"", []]], ""get_plugin_assigns"": {""wrapper"": ""beta""}, ""get_plugin_bad_arg_vars"": [], ""wrapper_disable_vars"": [""wrapper""], ""hook_receivers"": [""sp""]}",/Users/zt25/coding/从 API 知识注入到源码图推理合成：PairCoder/Ollama问题存在性实验/result/simplug_7b_5model_comparison/prompts/llama3.1_8b__simplug-T004__B4_gold_pair_rule.txt,/Users/zt25/coding/从 API 知识注入到源码图推理合成：PairCoder/Ollama问题存在性实验/result/simplug_7b_5model_comparison/generations/llama3.1_8b__simplug-T004__B4_gold_pair_rule_run2.py
2,simplug-T005,B0_direct,llama3.1:8b,3.92,False,False,True,syntax_error,syntax_error,"expression cannot contain assignment, perhaps you meant ""==""? (<unknown>, line 2)",/Users/zt25/coding/从 API 知识注入到源码图推理合成：PairCoder/Ollama问题存在性实验/result/simplug_7b_5model_comparison/prompts/llama3.1_8b__simplug-T005__B0_direct.txt,/Users/zt25/coding/从 API 知识注入到源码图推理合成：PairCoder/Ollama问题存在性实验/result/simplug_7b_5model_comparison/generations/llama3.1_8b__simplug-T005__B0_direct_run2.py
2,simplug-T005,B1_api_list,llama3.1:8b,5.48,True,False,True,wrong parameter semantics,plugins_context receives plugin object variable instead of name string; plugins_context should receive plugin name strings ['beta'],"{""plugins_context_args"": [""[beta]""], ""disable_args"": [[""sp"", [""alpha"", ""gamma""]]], ""get_plugin_assigns"": {}, ""get_plugin_bad_arg_vars"": [], ""wrapper_disable_vars"": [], ""hook_receivers"": [""sp"", ""sp""]}",/Users/zt25/coding/从 API 知识注入到源码图推理合成：PairCoder/Ollama问题存在性实验/result/simplug_7b_5model_comparison/prompts/llama3.1_8b__simplug-T005__B1_api_list.txt,/Users/zt25/coding/从 API 知识注入到源码图推理合成：PairCoder/Ollama问题存在性实验/result/simplug_7b_5model_comparison/generations/llama3.1_8b__simplug-T005__B1_api_list_run2.py
2,simplug-T005,B2_raw_api_docs,llama3.1:8b,5.07,True,False,True,missing API call,missing sp.plugins_context,"{""plugins_context_args"": [], ""disable_args"": [], ""get_plugin_assigns"": {}, ""get_plugin_bad_arg_vars"": [], ""wrapper_disable_vars"": [], ""hook_receivers"": [""sp"", ""sp""]}",/Users/zt25/coding/从 API 知识注入到源码图推理合成：PairCoder/Ollama问题存在性实验/result/simplug_7b_5model_comparison/prompts/llama3.1_8b__simplug-T005__B2_raw_api_docs.txt,/Users/zt25/coding/从 API 知识注入到源码图推理合成：PairCoder/Ollama问题存在性实验/result/simplug_7b_5model_comparison/generations/llama3.1_8b__simplug-T005__B2_raw_api_docs_run2.py
2,simplug-T005,B3_oracle_api_sequence,llama3.1:8b,3.88,True,False,True,missing API call,missing sp.plugins_context,"{""plugins_context_args"": [], ""disable_args"": [], ""get_plugin_assigns"": {}, ""get_plugin_bad_arg_vars"": [], ""wrapper_disable_vars"": [], ""hook_receivers"": [""sp"", ""sp""]}",/Users/zt25/coding/从 API 知识注入到源码图推理合成：PairCoder/Ollama问题存在性实验/result/simplug_7b_5model_comparison/prompts/llama3.1_8b__simplug-T005__B3_oracle_api_sequence.txt,/Users/zt25/coding/从 API 知识注入到源码图推理合成：PairCoder/Ollama问题存在性实验/result/simplug_7b_5model_comparison/generations/llama3.1_8b__simplug-T005__B3_oracle_api_sequence_run2.py
2,simplug-T005,B4_gold_pair_rule,llama3.1:8b,7.19,True,True,False,,,"{""plugins_context_args"": [""['beta']""], ""disable_args"": [], ""get_plugin_assigns"": {}, ""get_plugin_bad_arg_vars"": [], ""wrapper_disable_vars"": [], ""hook_receivers"": [""sp"", ""sp""]}",/Users/zt25/coding/从 API 知识注入到源码图推理合成：PairCoder/Ollama问题存在性实验/result/simplug_7b_5model_comparison/prompts/llama3.1_8b__simplug-T005__B4_gold_pair_rule.txt,/Users/zt25/coding/从 API 知识注入到源码图推理合成：PairCoder/Ollama问题存在性实验/result/simplug_7b_5model_comparison/generations/llama3.1_8b__simplug-T005__B4_gold_pair_rule_run2.py
2,simplug-T006,B0_direct,llama3.1:8b,3.20,True,False,True,missing API call,missing sp.disable call,"{""plugins_context_args"": [], ""disable_args"": [], ""get_plugin_assigns"": {}, ""get_plugin_bad_arg_vars"": [], ""wrapper_disable_vars"": [], ""hook_receivers"": [""sp""]}",/Users/zt25/coding/从 API 知识注入到源码图推理合成：PairCoder/Ollama问题存在性实验/result/simplug_7b_5model_comparison/prompts/llama3.1_8b__simplug-T006__B0_direct.txt,/Users/zt25/coding/从 API 知识注入到源码图推理合成：PairCoder/Ollama问题存在性实验/result/simplug_7b_5model_comparison/generations/llama3.1_8b__simplug-T006__B0_direct_run2.py
2,simplug-T006,B1_api_list,llama3.1:8b,3.26,True,False,True,missing API call,missing sp.disable call,"{""plugins_context_args"": [], ""disable_args"": [], ""get_plugin_assigns"": {}, ""get_plugin_bad_arg_vars"": [], ""wrapper_disable_vars"": [], ""hook_receivers"": [""sp""]}",/Users/zt25/coding/从 API 知识注入到源码图推理合成：PairCoder/Ollama问题存在性实验/result/simplug_7b_5model_comparison/prompts/llama3.1_8b__simplug-T006__B1_api_list.txt,/Users/zt25/coding/从 API 知识注入到源码图推理合成：PairCoder/Ollama问题存在性实验/result/simplug_7b_5model_comparison/generations/llama3.1_8b__simplug-T006__B1_api_list_run2.py
2,simplug-T006,B2_raw_api_docs,llama3.1:8b,3.19,True,False,True,missing API call,missing sp.disable call,"{""plugins_context_args"": [], ""disable_args"": [], ""get_plugin_assigns"": {}, ""get_plugin_bad_arg_vars"": [], ""wrapper_disable_vars"": [], ""hook_receivers"": [""sp""]}",/Users/zt25/coding/从 API 知识注入到源码图推理合成：PairCoder/Ollama问题存在性实验/result/simplug_7b_5model_comparison/prompts/llama3.1_8b__simplug-T006__B2_raw_api_docs.txt,/Users/zt25/coding/从 API 知识注入到源码图推理合成：PairCoder/Ollama问题存在性实验/result/simplug_7b_5model_comparison/generations/llama3.1_8b__simplug-T006__B2_raw_api_docs_run2.py
2,simplug-T006,B3_oracle_api_sequence,llama3.1:8b,2.84,True,False,True,wrong parameter semantics,"sp.disable receives plugin object variable instead of name string; sp.disable should receive plugin name strings ['alpha', 'gamma']","{""plugins_context_args"": [], ""disable_args"": [[""sp"", [""alpha""]], [""sp"", [""gamma""]]], ""get_plugin_assigns"": {}, ""get_plugin_bad_arg_vars"": [], ""wrapper_disable_vars"": [], ""hook_receivers"": [""sp""]}",/Users/zt25/coding/从 API 知识注入到源码图推理合成：PairCoder/Ollama问题存在性实验/result/simplug_7b_5model_comparison/prompts/llama3.1_8b__simplug-T006__B3_oracle_api_sequence.txt,/Users/zt25/coding/从 API 知识注入到源码图推理合成：PairCoder/Ollama问题存在性实验/result/simplug_7b_5model_comparison/generations/llama3.1_8b__simplug-T006__B3_oracle_api_sequence_run2.py
2,simplug-T006,B4_gold_pair_rule,llama3.1:8b,4.36,True,False,True,wrong parameter semantics,"sp.disable receives plugin object variable instead of name string; sp.disable should receive plugin name strings ['alpha', 'gamma']","{""plugins_context_args"": [], ""disable_args"": [[""sp"", [""alpha""]], [""sp"", [""gamma""]]], ""get_plugin_assigns"": {}, ""get_plugin_bad_arg_vars"": [], ""wrapper_disable_vars"": [], ""hook_receivers"": [""sp""]}",/Users/zt25/coding/从 API 知识注入到源码图推理合成：PairCoder/Ollama问题存在性实验/result/simplug_7b_5model_comparison/prompts/llama3.1_8b__simplug-T006__B4_gold_pair_rule.txt,/Users/zt25/coding/从 API 知识注入到源码图推理合成：PairCoder/Ollama问题存在性实验/result/simplug_7b_5model_comparison/generations/llama3.1_8b__simplug-T006__B4_gold_pair_rule_run2.py
2,simplug-T001,B0_direct,gemma2:9b,10.81,True,False,True,missing API call,missing sp.plugins_context,"{""plugins_context_args"": [], ""disable_args"": [], ""get_plugin_assigns"": {}, ""get_plugin_bad_arg_vars"": [], ""wrapper_disable_vars"": [], ""hook_receivers"": [""sp""]}",/Users/zt25/coding/从 API 知识注入到源码图推理合成：PairCoder/Ollama问题存在性实验/result/simplug_7b_5model_comparison/prompts/gemma2_9b__simplug-T001__B0_direct.txt,/Users/zt25/coding/从 API 知识注入到源码图推理合成：PairCoder/Ollama问题存在性实验/result/simplug_7b_5model_comparison/generations/gemma2_9b__simplug-T001__B0_direct_run2.py
2,simplug-T001,B1_api_list,gemma2:9b,4.14,True,False,True,wrong parameter semantics,plugins_context should receive plugin name strings ['beta'],"{""plugins_context_args"": [""[sp.get_plugin('beta')]""], ""disable_args"": [], ""get_plugin_assigns"": {}, ""get_plugin_bad_arg_vars"": [], ""wrapper_disable_vars"": [], ""hook_receivers"": [""sp""]}",/Users/zt25/coding/从 API 知识注入到源码图推理合成：PairCoder/Ollama问题存在性实验/result/simplug_7b_5model_comparison/prompts/gemma2_9b__simplug-T001__B1_api_list.txt,/Users/zt25/coding/从 API 知识注入到源码图推理合成：PairCoder/Ollama问题存在性实验/result/simplug_7b_5model_comparison/generations/gemma2_9b__simplug-T001__B1_api_list_run2.py
2,simplug-T001,B2_raw_api_docs,gemma2:9b,4.72,True,False,True,missing API call,missing sp.plugins_context,"{""plugins_context_args"": [], ""disable_args"": [], ""get_plugin_assigns"": {}, ""get_plugin_bad_arg_vars"": [], ""wrapper_disable_vars"": [], ""hook_receivers"": [""sp""]}",/Users/zt25/coding/从 API 知识注入到源码图推理合成：PairCoder/Ollama问题存在性实验/result/simplug_7b_5model_comparison/prompts/gemma2_9b__simplug-T001__B2_raw_api_docs.txt,/Users/zt25/coding/从 API 知识注入到源码图推理合成：PairCoder/Ollama问题存在性实验/result/simplug_7b_5model_comparison/generations/gemma2_9b__simplug-T001__B2_raw_api_docs_run2.py
2,simplug-T001,B3_oracle_api_sequence,gemma2:9b,3.57,True,False,True,wrong parameter semantics,plugins_context receives plugin object variable instead of name string; plugins_context should receive plugin name strings ['beta'],"{""plugins_context_args"": [""[beta]""], ""disable_args"": [], ""get_plugin_assigns"": {}, ""get_plugin_bad_arg_vars"": [], ""wrapper_disable_vars"": [], ""hook_receivers"": [""sp""]}",/Users/zt25/coding/从 API 知识注入到源码图推理合成：PairCoder/Ollama问题存在性实验/result/simplug_7b_5model_comparison/prompts/gemma2_9b__simplug-T001__B3_oracle_api_sequence.txt,/Users/zt25/coding/从 API 知识注入到源码图推理合成：PairCoder/Ollama问题存在性实验/result/simplug_7b_5model_comparison/generations/gemma2_9b__simplug-T001__B3_oracle_api_sequence_run2.py
2,simplug-T001,B4_gold_pair_rule,gemma2:9b,5.82,True,True,False,,,"{""plugins_context_args"": [""['beta']""], ""disable_args"": [], ""get_plugin_assigns"": {}, ""get_plugin_bad_arg_vars"": [], ""wrapper_disable_vars"": [], ""hook_receivers"": [""sp""]}",/Users/zt25/coding/从 API 知识注入到源码图推理合成：PairCoder/Ollama问题存在性实验/result/simplug_7b_5model_comparison/prompts/gemma2_9b__simplug-T001__B4_gold_pair_rule.txt,/Users/zt25/coding/从 API 知识注入到源码图推理合成：PairCoder/Ollama问题存在性实验/result/simplug_7b_5model_comparison/generations/gemma2_9b__simplug-T001__B4_gold_pair_rule_run2.py
2,simplug-T002,B0_direct,gemma2:9b,6.59,True,False,True,missing API call,missing sp.plugins_context,"{""plugins_context_args"": [], ""disable_args"": [], ""get_plugin_assigns"": {}, ""get_plugin_bad_arg_vars"": [], ""wrapper_disable_vars"": [], ""hook_receivers"": [""sp""]}",/Users/zt25/coding/从 API 知识注入到源码图推理合成：PairCoder/Ollama问题存在性实验/result/simplug_7b_5model_comparison/prompts/gemma2_9b__simplug-T002__B0_direct.txt,/Users/zt25/coding/从 API 知识注入到源码图推理合成：PairCoder/Ollama问题存在性实验/result/simplug_7b_5model_comparison/generations/gemma2_9b__simplug-T002__B0_direct_run2.py
2,simplug-T002,B1_api_list,gemma2:9b,8.11,True,False,True,wrong parameter semantics,"plugins_context should receive plugin name strings ['alpha', 'gamma']","{""plugins_context_args"": [""{'alpha': sp.get_plugin('alpha'), 'gamma': sp.get_plugin('gamma')}""], ""disable_args"": [[""sp"", [""*[p for p in sp.plugins if p not in ('alpha', 'gamma')]""]]], ""get_plugin_assigns"": {}, ""get_plugin_bad_arg_vars"": [], ""wrapper_disable_vars"": [], ""hook_receivers"": [""sp""]}",/Users/zt25/coding/从 API 知识注入到源码图推理合成：PairCoder/Ollama问题存在性实验/result/simplug_7b_5model_comparison/prompts/gemma2_9b__simplug-T002__B1_api_list.txt,/Users/zt25/coding/从 API 知识注入到源码图推理合成：PairCoder/Ollama问题存在性实验/result/simplug_7b_5model_comparison/generations/gemma2_9b__simplug-T002__B1_api_list_run2.py
2,simplug-T002,B2_raw_api_docs,gemma2:9b,5.11,True,False,True,missing API call,missing sp.plugins_context,"{""plugins_context_args"": [], ""disable_args"": [], ""get_plugin_assigns"": {}, ""get_plugin_bad_arg_vars"": [], ""wrapper_disable_vars"": [], ""hook_receivers"": [""sp""]}",/Users/zt25/coding/从 API 知识注入到源码图推理合成：PairCoder/Ollama问题存在性实验/result/simplug_7b_5model_comparison/prompts/gemma2_9b__simplug-T002__B2_raw_api_docs.txt,/Users/zt25/coding/从 API 知识注入到源码图推理合成：PairCoder/Ollama问题存在性实验/result/simplug_7b_5model_comparison/generations/gemma2_9b__simplug-T002__B2_raw_api_docs_run2.py
2,simplug-T002,B3_oracle_api_sequence,gemma2:9b,4.69,True,False,True,missing API call,missing sp.plugins_context,"{""plugins_context_args"": [], ""disable_args"": [], ""get_plugin_assigns"": {}, ""get_plugin_bad_arg_vars"": [], ""wrapper_disable_vars"": [], ""hook_receivers"": [""sp""]}",/Users/zt25/coding/从 API 知识注入到源码图推理合成：PairCoder/Ollama问题存在性实验/result/simplug_7b_5model_comparison/prompts/gemma2_9b__simplug-T002__B3_oracle_api_sequence.txt,/Users/zt25/coding/从 API 知识注入到源码图推理合成：PairCoder/Ollama问题存在性实验/result/simplug_7b_5model_comparison/generations/gemma2_9b__simplug-T002__B3_oracle_api_sequence_run2.py
2,simplug-T002,B4_gold_pair_rule,gemma2:9b,6.56,True,True,False,,,"{""plugins_context_args"": [""['alpha', 'gamma']""], ""disable_args"": [], ""get_plugin_assigns"": {}, ""get_plugin_bad_arg_vars"": [], ""wrapper_disable_vars"": [], ""hook_receivers"": [""sp""]}",/Users/zt25/coding/从 API 知识注入到源码图推理合成：PairCoder/Ollama问题存在性实验/result/simplug_7b_5model_comparison/prompts/gemma2_9b__simplug-T002__B4_gold_pair_rule.txt,/Users/zt25/coding/从 API 知识注入到源码图推理合成：PairCoder/Ollama问题存在性实验/result/simplug_7b_5model_comparison/generations/gemma2_9b__simplug-T002__B4_gold_pair_rule_run2.py
2,simplug-T003,B0_direct,gemma2:9b,4.11,True,False,True,missing API call,missing sp.disable call,"{""plugins_context_args"": [], ""disable_args"": [[""sp.hooks"", [""'beta'""]]], ""get_plugin_assigns"": {}, ""get_plugin_bad_arg_vars"": [], ""wrapper_disable_vars"": [], ""hook_receivers"": [""sp""]}",/Users/zt25/coding/从 API 知识注入到源码图推理合成：PairCoder/Ollama问题存在性实验/result/simplug_7b_5model_comparison/prompts/gemma2_9b__simplug-T003__B0_direct.txt,/Users/zt25/coding/从 API 知识注入到源码图推理合成：PairCoder/Ollama问题存在性实验/result/simplug_7b_5model_comparison/generations/gemma2_9b__simplug-T003__B0_direct_run2.py
2,simplug-T003,B1_api_list,gemma2:9b,5.02,True,True,False,,,"{""plugins_context_args"": [], ""disable_args"": [[""sp"", [""'beta'""]]], ""get_plugin_assigns"": {}, ""get_plugin_bad_arg_vars"": [], ""wrapper_disable_vars"": [], ""hook_receivers"": [""sp""]}",/Users/zt25/coding/从 API 知识注入到源码图推理合成：PairCoder/Ollama问题存在性实验/result/simplug_7b_5model_comparison/prompts/gemma2_9b__simplug-T003__B1_api_list.txt,/Users/zt25/coding/从 API 知识注入到源码图推理合成：PairCoder/Ollama问题存在性实验/result/simplug_7b_5model_comparison/generations/gemma2_9b__simplug-T003__B1_api_list_run2.py
2,simplug-T003,B2_raw_api_docs,gemma2:9b,5.12,True,True,False,,,"{""plugins_context_args"": [], ""disable_args"": [[""sp"", [""'beta'""]]], ""get_plugin_assigns"": {}, ""get_plugin_bad_arg_vars"": [], ""wrapper_disable_vars"": [], ""hook_receivers"": [""sp""]}",/Users/zt25/coding/从 API 知识注入到源码图推理合成：PairCoder/Ollama问题存在性实验/result/simplug_7b_5model_comparison/prompts/gemma2_9b__simplug-T003__B2_raw_api_docs.txt,/Users/zt25/coding/从 API 知识注入到源码图推理合成：PairCoder/Ollama问题存在性实验/result/simplug_7b_5model_comparison/generations/gemma2_9b__simplug-T003__B2_raw_api_docs_run2.py
2,simplug-T003,B3_oracle_api_sequence,gemma2:9b,3.85,True,True,False,,,"{""plugins_context_args"": [], ""disable_args"": [[""sp"", [""'beta'""]]], ""get_plugin_assigns"": {}, ""get_plugin_bad_arg_vars"": [], ""wrapper_disable_vars"": [], ""hook_receivers"": [""sp""]}",/Users/zt25/coding/从 API 知识注入到源码图推理合成：PairCoder/Ollama问题存在性实验/result/simplug_7b_5model_comparison/prompts/gemma2_9b__simplug-T003__B3_oracle_api_sequence.txt,/Users/zt25/coding/从 API 知识注入到源码图推理合成：PairCoder/Ollama问题存在性实验/result/simplug_7b_5model_comparison/generations/gemma2_9b__simplug-T003__B3_oracle_api_sequence_run2.py
2,simplug-T003,B4_gold_pair_rule,gemma2:9b,5.91,True,True,False,,,"{""plugins_context_args"": [], ""disable_args"": [[""sp"", [""'beta'""]]], ""get_plugin_assigns"": {}, ""get_plugin_bad_arg_vars"": [], ""wrapper_disable_vars"": [], ""hook_receivers"": [""sp""]}",/Users/zt25/coding/从 API 知识注入到源码图推理合成：PairCoder/Ollama问题存在性实验/result/simplug_7b_5model_comparison/prompts/gemma2_9b__simplug-T003__B4_gold_pair_rule.txt,/Users/zt25/coding/从 API 知识注入到源码图推理合成：PairCoder/Ollama问题存在性实验/result/simplug_7b_5model_comparison/generations/gemma2_9b__simplug-T003__B4_gold_pair_rule_run2.py
2,simplug-T004,B0_direct,gemma2:9b,5.16,True,False,True,broken data flow,missing sp.get_plugin('beta') assignment,"{""plugins_context_args"": [], ""disable_args"": [], ""get_plugin_assigns"": {}, ""get_plugin_bad_arg_vars"": [], ""wrapper_disable_vars"": [], ""hook_receivers"": [""sp""]}",/Users/zt25/coding/从 API 知识注入到源码图推理合成：PairCoder/Ollama问题存在性实验/result/simplug_7b_5model_comparison/prompts/gemma2_9b__simplug-T004__B0_direct.txt,/Users/zt25/coding/从 API 知识注入到源码图推理合成：PairCoder/Ollama问题存在性实验/result/simplug_7b_5model_comparison/generations/gemma2_9b__simplug-T004__B0_direct_run2.py
2,simplug-T004,B1_api_list,gemma2:9b,6.90,True,False,True,wrong parameter semantics,sp.get_plugin called with non-string argument; pass the plugin name string 'beta',"{""plugins_context_args"": [""[beta]""], ""disable_args"": [[""beta_wrapper"", []]], ""get_plugin_assigns"": {}, ""get_plugin_bad_arg_vars"": [""beta_wrapper""], ""wrapper_disable_vars"": [], ""hook_receivers"": [""sp""]}",/Users/zt25/coding/从 API 知识注入到源码图推理合成：PairCoder/Ollama问题存在性实验/result/simplug_7b_5model_comparison/prompts/gemma2_9b__simplug-T004__B1_api_list.txt,/Users/zt25/coding/从 API 知识注入到源码图推理合成：PairCoder/Ollama问题存在性实验/result/simplug_7b_5model_comparison/generations/gemma2_9b__simplug-T004__B1_api_list_run2.py
2,simplug-T004,B2_raw_api_docs,gemma2:9b,7.46,True,True,False,,,"{""plugins_context_args"": [], ""disable_args"": [[""beta_wrapper"", []]], ""get_plugin_assigns"": {""beta_wrapper"": ""beta""}, ""get_plugin_bad_arg_vars"": [], ""wrapper_disable_vars"": [""beta_wrapper""], ""hook_receivers"": [""sp""]}",/Users/zt25/coding/从 API 知识注入到源码图推理合成：PairCoder/Ollama问题存在性实验/result/simplug_7b_5model_comparison/prompts/gemma2_9b__simplug-T004__B2_raw_api_docs.txt,/Users/zt25/coding/从 API 知识注入到源码图推理合成：PairCoder/Ollama问题存在性实验/result/simplug_7b_5model_comparison/generations/gemma2_9b__simplug-T004__B2_raw_api_docs_run2.py
2,simplug-T004,B3_oracle_api_sequence,gemma2:9b,4.48,True,True,False,,,"{""plugins_context_args"": [], ""disable_args"": [[""wrapper"", []]], ""get_plugin_assigns"": {""wrapper"": ""beta""}, ""get_plugin_bad_arg_vars"": [], ""wrapper_disable_vars"": [""wrapper""], ""hook_receivers"": [""sp""]}",/Users/zt25/coding/从 API 知识注入到源码图推理合成：PairCoder/Ollama问题存在性实验/result/simplug_7b_5model_comparison/prompts/gemma2_9b__simplug-T004__B3_oracle_api_sequence.txt,/Users/zt25/coding/从 API 知识注入到源码图推理合成：PairCoder/Ollama问题存在性实验/result/simplug_7b_5model_comparison/generations/gemma2_9b__simplug-T004__B3_oracle_api_sequence_run2.py
2,simplug-T004,B4_gold_pair_rule,gemma2:9b,6.81,True,True,False,,,"{""plugins_context_args"": [], ""disable_args"": [[""wrapper"", []]], ""get_plugin_assigns"": {""wrapper"": ""beta""}, ""get_plugin_bad_arg_vars"": [], ""wrapper_disable_vars"": [""wrapper""], ""hook_receivers"": [""sp""]}",/Users/zt25/coding/从 API 知识注入到源码图推理合成：PairCoder/Ollama问题存在性实验/result/simplug_7b_5model_comparison/prompts/gemma2_9b__simplug-T004__B4_gold_pair_rule.txt,/Users/zt25/coding/从 API 知识注入到源码图推理合成：PairCoder/Ollama问题存在性实验/result/simplug_7b_5model_comparison/generations/gemma2_9b__simplug-T004__B4_gold_pair_rule_run2.py
2,simplug-T005,B0_direct,gemma2:9b,6.90,True,False,True,missing API call,missing sp.plugins_context,"{""plugins_context_args"": [], ""disable_args"": [], ""get_plugin_assigns"": {}, ""get_plugin_bad_arg_vars"": [], ""wrapper_disable_vars"": [], ""hook_receivers"": [""sp"", ""sp""]}",/Users/zt25/coding/从 API 知识注入到源码图推理合成：PairCoder/Ollama问题存在性实验/result/simplug_7b_5model_comparison/prompts/gemma2_9b__simplug-T005__B0_direct.txt,/Users/zt25/coding/从 API 知识注入到源码图推理合成：PairCoder/Ollama问题存在性实验/result/simplug_7b_5model_comparison/generations/gemma2_9b__simplug-T005__B0_direct_run2.py
2,simplug-T005,B1_api_list,gemma2:9b,8.20,True,False,True,wrong parameter semantics,plugins_context should receive plugin name strings ['beta'],"{""plugins_context_args"": [""[sp.get_plugin('beta')]""], ""disable_args"": [], ""get_plugin_assigns"": {}, ""get_plugin_bad_arg_vars"": [], ""wrapper_disable_vars"": [], ""hook_receivers"": [""sp"", ""sp""]}",/Users/zt25/coding/从 API 知识注入到源码图推理合成：PairCoder/Ollama问题存在性实验/result/simplug_7b_5model_comparison/prompts/gemma2_9b__simplug-T005__B1_api_list.txt,/Users/zt25/coding/从 API 知识注入到源码图推理合成：PairCoder/Ollama问题存在性实验/result/simplug_7b_5model_comparison/generations/gemma2_9b__simplug-T005__B1_api_list_run2.py
2,simplug-T005,B2_raw_api_docs,gemma2:9b,7.79,True,False,True,missing API call,missing sp.plugins_context,"{""plugins_context_args"": [], ""disable_args"": [], ""get_plugin_assigns"": {}, ""get_plugin_bad_arg_vars"": [], ""wrapper_disable_vars"": [], ""hook_receivers"": [""sp"", ""sp""]}",/Users/zt25/coding/从 API 知识注入到源码图推理合成：PairCoder/Ollama问题存在性实验/result/simplug_7b_5model_comparison/prompts/gemma2_9b__simplug-T005__B2_raw_api_docs.txt,/Users/zt25/coding/从 API 知识注入到源码图推理合成：PairCoder/Ollama问题存在性实验/result/simplug_7b_5model_comparison/generations/gemma2_9b__simplug-T005__B2_raw_api_docs_run2.py
2,simplug-T005,B3_oracle_api_sequence,gemma2:9b,6.15,True,False,True,missing API call,missing sp.plugins_context,"{""plugins_context_args"": [], ""disable_args"": [], ""get_plugin_assigns"": {}, ""get_plugin_bad_arg_vars"": [], ""wrapper_disable_vars"": [], ""hook_receivers"": [""sp"", ""sp""]}",/Users/zt25/coding/从 API 知识注入到源码图推理合成：PairCoder/Ollama问题存在性实验/result/simplug_7b_5model_comparison/prompts/gemma2_9b__simplug-T005__B3_oracle_api_sequence.txt,/Users/zt25/coding/从 API 知识注入到源码图推理合成：PairCoder/Ollama问题存在性实验/result/simplug_7b_5model_comparison/generations/gemma2_9b__simplug-T005__B3_oracle_api_sequence_run2.py
2,simplug-T005,B4_gold_pair_rule,gemma2:9b,8.83,True,True,False,,,"{""plugins_context_args"": [""['beta']""], ""disable_args"": [[""sp"", [""'beta'""]]], ""get_plugin_assigns"": {}, ""get_plugin_bad_arg_vars"": [], ""wrapper_disable_vars"": [], ""hook_receivers"": [""sp"", ""sp""]}",/Users/zt25/coding/从 API 知识注入到源码图推理合成：PairCoder/Ollama问题存在性实验/result/simplug_7b_5model_comparison/prompts/gemma2_9b__simplug-T005__B4_gold_pair_rule.txt,/Users/zt25/coding/从 API 知识注入到源码图推理合成：PairCoder/Ollama问题存在性实验/result/simplug_7b_5model_comparison/generations/gemma2_9b__simplug-T005__B4_gold_pair_rule_run2.py
2,simplug-T006,B0_direct,gemma2:9b,4.70,True,False,True,missing API call,missing sp.disable call,"{""plugins_context_args"": [], ""disable_args"": [[""sp.hooks"", [""'alpha'""]], [""sp.hooks"", [""'gamma'""]]], ""get_plugin_assigns"": {}, ""get_plugin_bad_arg_vars"": [], ""wrapper_disable_vars"": [], ""hook_receivers"": [""sp""]}",/Users/zt25/coding/从 API 知识注入到源码图推理合成：PairCoder/Ollama问题存在性实验/result/simplug_7b_5model_comparison/prompts/gemma2_9b__simplug-T006__B0_direct.txt,/Users/zt25/coding/从 API 知识注入到源码图推理合成：PairCoder/Ollama问题存在性实验/result/simplug_7b_5model_comparison/generations/gemma2_9b__simplug-T006__B0_direct_run2.py
2,simplug-T006,B1_api_list,gemma2:9b,5.44,True,True,False,,,"{""plugins_context_args"": [], ""disable_args"": [[""sp"", [""'alpha'"", ""'gamma'""]]], ""get_plugin_assigns"": {}, ""get_plugin_bad_arg_vars"": [], ""wrapper_disable_vars"": [], ""hook_receivers"": [""sp""]}",/Users/zt25/coding/从 API 知识注入到源码图推理合成：PairCoder/Ollama问题存在性实验/result/simplug_7b_5model_comparison/prompts/gemma2_9b__simplug-T006__B1_api_list.txt,/Users/zt25/coding/从 API 知识注入到源码图推理合成：PairCoder/Ollama问题存在性实验/result/simplug_7b_5model_comparison/generations/gemma2_9b__simplug-T006__B1_api_list_run2.py
2,simplug-T006,B2_raw_api_docs,gemma2:9b,5.32,True,True,False,,,"{""plugins_context_args"": [], ""disable_args"": [[""sp"", [""'alpha'"", ""'gamma'""]]], ""get_plugin_assigns"": {}, ""get_plugin_bad_arg_vars"": [], ""wrapper_disable_vars"": [], ""hook_receivers"": [""sp""]}",/Users/zt25/coding/从 API 知识注入到源码图推理合成：PairCoder/Ollama问题存在性实验/result/simplug_7b_5model_comparison/prompts/gemma2_9b__simplug-T006__B2_raw_api_docs.txt,/Users/zt25/coding/从 API 知识注入到源码图推理合成：PairCoder/Ollama问题存在性实验/result/simplug_7b_5model_comparison/generations/gemma2_9b__simplug-T006__B2_raw_api_docs_run2.py
2,simplug-T006,B3_oracle_api_sequence,gemma2:9b,4.50,True,True,False,,,"{""plugins_context_args"": [], ""disable_args"": [[""sp"", [""'alpha'""]], [""sp"", [""'gamma'""]]], ""get_plugin_assigns"": {}, ""get_plugin_bad_arg_vars"": [], ""wrapper_disable_vars"": [], ""hook_receivers"": [""sp""]}",/Users/zt25/coding/从 API 知识注入到源码图推理合成：PairCoder/Ollama问题存在性实验/result/simplug_7b_5model_comparison/prompts/gemma2_9b__simplug-T006__B3_oracle_api_sequence.txt,/Users/zt25/coding/从 API 知识注入到源码图推理合成：PairCoder/Ollama问题存在性实验/result/simplug_7b_5model_comparison/generations/gemma2_9b__simplug-T006__B3_oracle_api_sequence_run2.py
2,simplug-T006,B4_gold_pair_rule,gemma2:9b,6.62,True,True,False,,,"{""plugins_context_args"": [], ""disable_args"": [[""sp"", [""'alpha'""]], [""sp"", [""'gamma'""]]], ""get_plugin_assigns"": {}, ""get_plugin_bad_arg_vars"": [], ""wrapper_disable_vars"": [], ""hook_receivers"": [""sp""]}",/Users/zt25/coding/从 API 知识注入到源码图推理合成：PairCoder/Ollama问题存在性实验/result/simplug_7b_5model_comparison/prompts/gemma2_9b__simplug-T006__B4_gold_pair_rule.txt,/Users/zt25/coding/从 API 知识注入到源码图推理合成：PairCoder/Ollama问题存在性实验/result/simplug_7b_5model_comparison/generations/gemma2_9b__simplug-T006__B4_gold_pair_rule_run2.py
2,simplug-T001,B0_direct,mistral:7b,7.76,True,False,True,missing API call,missing sp.plugins_context,"{""plugins_context_args"": [], ""disable_args"": [], ""get_plugin_assigns"": {}, ""get_plugin_bad_arg_vars"": [], ""wrapper_disable_vars"": [], ""hook_receivers"": [""sp""]}",/Users/zt25/coding/从 API 知识注入到源码图推理合成：PairCoder/Ollama问题存在性实验/result/simplug_7b_5model_comparison/prompts/mistral_7b__simplug-T001__B0_direct.txt,/Users/zt25/coding/从 API 知识注入到源码图推理合成：PairCoder/Ollama问题存在性实验/result/simplug_7b_5model_comparison/generations/mistral_7b__simplug-T001__B0_direct_run2.py
2,simplug-T001,B1_api_list,mistral:7b,5.38,True,False,True,wrong parameter semantics,plugins_context receives plugin object variable instead of name string; plugins_context should receive plugin name strings ['beta'],"{""plugins_context_args"": [""[beta]""], ""disable_args"": [[""sp"", [""*[alpha, gamma]""]], [""beta"", []]], ""get_plugin_assigns"": {}, ""get_plugin_bad_arg_vars"": [], ""wrapper_disable_vars"": [], ""hook_receivers"": [""sp""]}",/Users/zt25/coding/从 API 知识注入到源码图推理合成：PairCoder/Ollama问题存在性实验/result/simplug_7b_5model_comparison/prompts/mistral_7b__simplug-T001__B1_api_list.txt,/Users/zt25/coding/从 API 知识注入到源码图推理合成：PairCoder/Ollama问题存在性实验/result/simplug_7b_5model_comparison/generations/mistral_7b__simplug-T001__B1_api_list_run2.py
2,simplug-T001,B2_raw_api_docs,mistral:7b,6.48,True,False,True,missing API call,missing sp.plugins_context,"{""plugins_context_args"": [], ""disable_args"": [[""beta_wrapper"", []]], ""get_plugin_assigns"": {}, ""get_plugin_bad_arg_vars"": [], ""wrapper_disable_vars"": [], ""hook_receivers"": [""sp""]}",/Users/zt25/coding/从 API 知识注入到源码图推理合成：PairCoder/Ollama问题存在性实验/result/simplug_7b_5model_comparison/prompts/mistral_7b__simplug-T001__B2_raw_api_docs.txt,/Users/zt25/coding/从 API 知识注入到源码图推理合成：PairCoder/Ollama问题存在性实验/result/simplug_7b_5model_comparison/generations/mistral_7b__simplug-T001__B2_raw_api_docs_run2.py
2,simplug-T001,B3_oracle_api_sequence,mistral:7b,5.20,True,False,True,missing API call,missing sp.plugins_context,"{""plugins_context_args"": [], ""disable_args"": [[""plugins_context"", [""'beta'""]]], ""get_plugin_assigns"": {}, ""get_plugin_bad_arg_vars"": [], ""wrapper_disable_vars"": [], ""hook_receivers"": [""sp""]}",/Users/zt25/coding/从 API 知识注入到源码图推理合成：PairCoder/Ollama问题存在性实验/result/simplug_7b_5model_comparison/prompts/mistral_7b__simplug-T001__B3_oracle_api_sequence.txt,/Users/zt25/coding/从 API 知识注入到源码图推理合成：PairCoder/Ollama问题存在性实验/result/simplug_7b_5model_comparison/generations/mistral_7b__simplug-T001__B3_oracle_api_sequence_run2.py
2,simplug-T001,B4_gold_pair_rule,mistral:7b,7.14,True,True,False,,,"{""plugins_context_args"": [""['beta']""], ""disable_args"": [[""wrapper"", []]], ""get_plugin_assigns"": {""wrapper"": ""beta""}, ""get_plugin_bad_arg_vars"": [], ""wrapper_disable_vars"": [""wrapper""], ""hook_receivers"": [""sp""]}",/Users/zt25/coding/从 API 知识注入到源码图推理合成：PairCoder/Ollama问题存在性实验/result/simplug_7b_5model_comparison/prompts/mistral_7b__simplug-T001__B4_gold_pair_rule.txt,/Users/zt25/coding/从 API 知识注入到源码图推理合成：PairCoder/Ollama问题存在性实验/result/simplug_7b_5model_comparison/generations/mistral_7b__simplug-T001__B4_gold_pair_rule_run2.py
2,simplug-T002,B0_direct,mistral:7b,6.01,True,False,True,missing API call,missing sp.plugins_context,"{""plugins_context_args"": [], ""disable_args"": [[""sp.hooks"", [""'beta'""]]], ""get_plugin_assigns"": {}, ""get_plugin_bad_arg_vars"": [], ""wrapper_disable_vars"": [], ""hook_receivers"": [""sp""]}",/Users/zt25/coding/从 API 知识注入到源码图推理合成：PairCoder/Ollama问题存在性实验/result/simplug_7b_5model_comparison/prompts/mistral_7b__simplug-T002__B0_direct.txt,/Users/zt25/coding/从 API 知识注入到源码图推理合成：PairCoder/Ollama问题存在性实验/result/simplug_7b_5model_comparison/generations/mistral_7b__simplug-T002__B0_direct_run2.py
2,simplug-T002,B1_api_list,mistral:7b,5.64,True,False,True,wrong parameter semantics,"plugins_context receives plugin object variable instead of name string; plugins_context should receive plugin name strings ['alpha', 'gamma']","{""plugins_context_args"": [""[alpha, gamma]""], ""disable_args"": [[""sp"", [""beta""]]], ""get_plugin_assigns"": {}, ""get_plugin_bad_arg_vars"": [], ""wrapper_disable_vars"": [], ""hook_receivers"": [""sp""]}",/Users/zt25/coding/从 API 知识注入到源码图推理合成：PairCoder/Ollama问题存在性实验/result/simplug_7b_5model_comparison/prompts/mistral_7b__simplug-T002__B1_api_list.txt,/Users/zt25/coding/从 API 知识注入到源码图推理合成：PairCoder/Ollama问题存在性实验/result/simplug_7b_5model_comparison/generations/mistral_7b__simplug-T002__B1_api_list_run2.py
2,simplug-T002,B2_raw_api_docs,mistral:7b,6.92,True,False,True,missing API call,missing sp.plugins_context,"{""plugins_context_args"": [], ""disable_args"": [], ""get_plugin_assigns"": {}, ""get_plugin_bad_arg_vars"": [], ""wrapper_disable_vars"": [], ""hook_receivers"": [""sp"", ""sp""]}",/Users/zt25/coding/从 API 知识注入到源码图推理合成：PairCoder/Ollama问题存在性实验/result/simplug_7b_5model_comparison/prompts/mistral_7b__simplug-T002__B2_raw_api_docs.txt,/Users/zt25/coding/从 API 知识注入到源码图推理合成：PairCoder/Ollama问题存在性实验/result/simplug_7b_5model_comparison/generations/mistral_7b__simplug-T002__B2_raw_api_docs_run2.py
2,simplug-T002,B3_oracle_api_sequence,mistral:7b,5.77,True,False,True,missing API call,missing sp.plugins_context,"{""plugins_context_args"": [], ""disable_args"": [], ""get_plugin_assigns"": {}, ""get_plugin_bad_arg_vars"": [], ""wrapper_disable_vars"": [], ""hook_receivers"": [""sp""]}",/Users/zt25/coding/从 API 知识注入到源码图推理合成：PairCoder/Ollama问题存在性实验/result/simplug_7b_5model_comparison/prompts/mistral_7b__simplug-T002__B3_oracle_api_sequence.txt,/Users/zt25/coding/从 API 知识注入到源码图推理合成：PairCoder/Ollama问题存在性实验/result/simplug_7b_5model_comparison/generations/mistral_7b__simplug-T002__B3_oracle_api_sequence_run2.py
2,simplug-T002,B4_gold_pair_rule,mistral:7b,9.67,True,True,False,,,"{""plugins_context_args"": [""['alpha', 'gamma']""], ""disable_args"": [[""wrapper_alpha"", []], [""wrapper_gamma"", []]], ""get_plugin_assigns"": {""wrapper_alpha"": ""alpha"", ""wrapper_gamma"": ""gamma""}, ""get_plugin_bad_arg_vars"": [], ""wrapper_disable_vars"": [""wrapper_alpha"", ""wrapper_gamma""], ""hook_receivers"": [""sp""]}",/Users/zt25/coding/从 API 知识注入到源码图推理合成：PairCoder/Ollama问题存在性实验/result/simplug_7b_5model_comparison/prompts/mistral_7b__simplug-T002__B4_gold_pair_rule.txt,/Users/zt25/coding/从 API 知识注入到源码图推理合成：PairCoder/Ollama问题存在性实验/result/simplug_7b_5model_comparison/generations/mistral_7b__simplug-T002__B4_gold_pair_rule_run2.py
2,simplug-T003,B0_direct,mistral:7b,5.23,True,False,True,missing API call,missing sp.disable call,"{""plugins_context_args"": [], ""disable_args"": [], ""get_plugin_assigns"": {}, ""get_plugin_bad_arg_vars"": [], ""wrapper_disable_vars"": [], ""hook_receivers"": [""sp""]}",/Users/zt25/coding/从 API 知识注入到源码图推理合成：PairCoder/Ollama问题存在性实验/result/simplug_7b_5model_comparison/prompts/mistral_7b__simplug-T003__B0_direct.txt,/Users/zt25/coding/从 API 知识注入到源码图推理合成：PairCoder/Ollama问题存在性实验/result/simplug_7b_5model_comparison/generations/mistral_7b__simplug-T003__B0_direct_run2.py
2,simplug-T003,B1_api_list,mistral:7b,5.39,True,False,True,missing API call; wrong API pattern,missing sp.disable call; unexpected sp.plugins_context in a disable-by-name task; use sp.disable instead,"{""plugins_context_args"": [""{'beta': False}""], ""disable_args"": [], ""get_plugin_assigns"": {}, ""get_plugin_bad_arg_vars"": [], ""wrapper_disable_vars"": [], ""hook_receivers"": [""sp""]}",/Users/zt25/coding/从 API 知识注入到源码图推理合成：PairCoder/Ollama问题存在性实验/result/simplug_7b_5model_comparison/prompts/mistral_7b__simplug-T003__B1_api_list.txt,/Users/zt25/coding/从 API 知识注入到源码图推理合成：PairCoder/Ollama问题存在性实验/result/simplug_7b_5model_comparison/generations/mistral_7b__simplug-T003__B1_api_list_run2.py
2,simplug-T003,B2_raw_api_docs,mistral:7b,5.55,True,False,True,missing API call,missing sp.disable call,"{""plugins_context_args"": [], ""disable_args"": [[""beta"", []]], ""get_plugin_assigns"": {}, ""get_plugin_bad_arg_vars"": [], ""wrapper_disable_vars"": [], ""hook_receivers"": [""sp""]}",/Users/zt25/coding/从 API 知识注入到源码图推理合成：PairCoder/Ollama问题存在性实验/result/simplug_7b_5model_comparison/prompts/mistral_7b__simplug-T003__B2_raw_api_docs.txt,/Users/zt25/coding/从 API 知识注入到源码图推理合成：PairCoder/Ollama问题存在性实验/result/simplug_7b_5model_comparison/generations/mistral_7b__simplug-T003__B2_raw_api_docs_run2.py
2,simplug-T003,B3_oracle_api_sequence,mistral:7b,5.01,True,True,False,,,"{""plugins_context_args"": [], ""disable_args"": [[""sp"", [""'beta'""]]], ""get_plugin_assigns"": {}, ""get_plugin_bad_arg_vars"": [], ""wrapper_disable_vars"": [], ""hook_receivers"": [""sp""]}",/Users/zt25/coding/从 API 知识注入到源码图推理合成：PairCoder/Ollama问题存在性实验/result/simplug_7b_5model_comparison/prompts/mistral_7b__simplug-T003__B3_oracle_api_sequence.txt,/Users/zt25/coding/从 API 知识注入到源码图推理合成：PairCoder/Ollama问题存在性实验/result/simplug_7b_5model_comparison/generations/mistral_7b__simplug-T003__B3_oracle_api_sequence_run2.py
2,simplug-T003,B4_gold_pair_rule,mistral:7b,7.30,True,False,True,wrong API pattern,unexpected sp.plugins_context in a disable-by-name task; use sp.disable instead,"{""plugins_context_args"": [""['beta']""], ""disable_args"": [[""sp"", [""'beta'""]]], ""get_plugin_assigns"": {}, ""get_plugin_bad_arg_vars"": [], ""wrapper_disable_vars"": [], ""hook_receivers"": [""sp"", ""sp""]}",/Users/zt25/coding/从 API 知识注入到源码图推理合成：PairCoder/Ollama问题存在性实验/result/simplug_7b_5model_comparison/prompts/mistral_7b__simplug-T003__B4_gold_pair_rule.txt,/Users/zt25/coding/从 API 知识注入到源码图推理合成：PairCoder/Ollama问题存在性实验/result/simplug_7b_5model_comparison/generations/mistral_7b__simplug-T003__B4_gold_pair_rule_run2.py
2,simplug-T004,B0_direct,mistral:7b,6.14,True,False,True,broken data flow,missing sp.get_plugin('beta') assignment,"{""plugins_context_args"": [], ""disable_args"": [], ""get_plugin_assigns"": {}, ""get_plugin_bad_arg_vars"": [], ""wrapper_disable_vars"": [], ""hook_receivers"": [""sp""]}",/Users/zt25/coding/从 API 知识注入到源码图推理合成：PairCoder/Ollama问题存在性实验/result/simplug_7b_5model_comparison/prompts/mistral_7b__simplug-T004__B0_direct.txt,/Users/zt25/coding/从 API 知识注入到源码图推理合成：PairCoder/Ollama问题存在性实验/result/simplug_7b_5model_comparison/generations/mistral_7b__simplug-T004__B0_direct_run2.py
2,simplug-T004,B1_api_list,mistral:7b,6.55,True,False,True,wrong parameter semantics,sp.get_plugin called with non-string argument; pass the plugin name string 'beta',"{""plugins_context_args"": [""[beta]""], ""disable_args"": [[""beta_wrapper"", []]], ""get_plugin_assigns"": {}, ""get_plugin_bad_arg_vars"": [""beta_wrapper""], ""wrapper_disable_vars"": [], ""hook_receivers"": [""sp""]}",/Users/zt25/coding/从 API 知识注入到源码图推理合成：PairCoder/Ollama问题存在性实验/result/simplug_7b_5model_comparison/prompts/mistral_7b__simplug-T004__B1_api_list.txt,/Users/zt25/coding/从 API 知识注入到源码图推理合成：PairCoder/Ollama问题存在性实验/result/simplug_7b_5model_comparison/generations/mistral_7b__simplug-T004__B1_api_list_run2.py
2,simplug-T004,B2_raw_api_docs,mistral:7b,7.31,True,False,True,broken data flow,missing sp.get_plugin('beta') assignment,"{""plugins_context_args"": [], ""disable_args"": [[""beta_wrapper"", []]], ""get_plugin_assigns"": {}, ""get_plugin_bad_arg_vars"": [], ""wrapper_disable_vars"": [], ""hook_receivers"": [""sp""]}",/Users/zt25/coding/从 API 知识注入到源码图推理合成：PairCoder/Ollama问题存在性实验/result/simplug_7b_5model_comparison/prompts/mistral_7b__simplug-T004__B2_raw_api_docs.txt,/Users/zt25/coding/从 API 知识注入到源码图推理合成：PairCoder/Ollama问题存在性实验/result/simplug_7b_5model_comparison/generations/mistral_7b__simplug-T004__B2_raw_api_docs_run2.py
2,simplug-T004,B3_oracle_api_sequence,mistral:7b,5.19,True,True,False,,,"{""plugins_context_args"": [], ""disable_args"": [[""beta_wrapper"", []]], ""get_plugin_assigns"": {""beta_wrapper"": ""beta""}, ""get_plugin_bad_arg_vars"": [], ""wrapper_disable_vars"": [""beta_wrapper""], ""hook_receivers"": [""sp""]}",/Users/zt25/coding/从 API 知识注入到源码图推理合成：PairCoder/Ollama问题存在性实验/result/simplug_7b_5model_comparison/prompts/mistral_7b__simplug-T004__B3_oracle_api_sequence.txt,/Users/zt25/coding/从 API 知识注入到源码图推理合成：PairCoder/Ollama问题存在性实验/result/simplug_7b_5model_comparison/generations/mistral_7b__simplug-T004__B3_oracle_api_sequence_run2.py
2,simplug-T004,B4_gold_pair_rule,mistral:7b,6.14,True,True,False,,,"{""plugins_context_args"": [], ""disable_args"": [[""wrapper"", []]], ""get_plugin_assigns"": {""wrapper"": ""beta""}, ""get_plugin_bad_arg_vars"": [], ""wrapper_disable_vars"": [""wrapper""], ""hook_receivers"": [""sp""]}",/Users/zt25/coding/从 API 知识注入到源码图推理合成：PairCoder/Ollama问题存在性实验/result/simplug_7b_5model_comparison/prompts/mistral_7b__simplug-T004__B4_gold_pair_rule.txt,/Users/zt25/coding/从 API 知识注入到源码图推理合成：PairCoder/Ollama问题存在性实验/result/simplug_7b_5model_comparison/generations/mistral_7b__simplug-T004__B4_gold_pair_rule_run2.py
2,simplug-T005,B0_direct,mistral:7b,8.00,True,False,True,missing API call,missing sp.plugins_context,"{""plugins_context_args"": [], ""disable_args"": [], ""get_plugin_assigns"": {}, ""get_plugin_bad_arg_vars"": [], ""wrapper_disable_vars"": [], ""hook_receivers"": [""sp"", ""sp""]}",/Users/zt25/coding/从 API 知识注入到源码图推理合成：PairCoder/Ollama问题存在性实验/result/simplug_7b_5model_comparison/prompts/mistral_7b__simplug-T005__B0_direct.txt,/Users/zt25/coding/从 API 知识注入到源码图推理合成：PairCoder/Ollama问题存在性实验/result/simplug_7b_5model_comparison/generations/mistral_7b__simplug-T005__B0_direct_run2.py
2,simplug-T005,B1_api_list,mistral:7b,8.47,True,False,True,wrong parameter semantics,plugins_context should receive plugin name strings ['beta'],"{""plugins_context_args"": [""[beta.name]""], ""disable_args"": [[""sp"", [""beta.name""]]], ""get_plugin_assigns"": {}, ""get_plugin_bad_arg_vars"": [], ""wrapper_disable_vars"": [], ""hook_receivers"": [""sp"", ""sp""]}",/Users/zt25/coding/从 API 知识注入到源码图推理合成：PairCoder/Ollama问题存在性实验/result/simplug_7b_5model_comparison/prompts/mistral_7b__simplug-T005__B1_api_list.txt,/Users/zt25/coding/从 API 知识注入到源码图推理合成：PairCoder/Ollama问题存在性实验/result/simplug_7b_5model_comparison/generations/mistral_7b__simplug-T005__B1_api_list_run2.py
2,simplug-T005,B2_raw_api_docs,mistral:7b,9.97,True,False,True,missing API call,missing sp.plugins_context,"{""plugins_context_args"": [], ""disable_args"": [[""sp"", [""['alpha', 'gamma']""]], [""sp"", [""['beta']""]]], ""get_plugin_assigns"": {}, ""get_plugin_bad_arg_vars"": [], ""wrapper_disable_vars"": [], ""hook_receivers"": [""sp"", ""sp""]}",/Users/zt25/coding/从 API 知识注入到源码图推理合成：PairCoder/Ollama问题存在性实验/result/simplug_7b_5model_comparison/prompts/mistral_7b__simplug-T005__B2_raw_api_docs.txt,/Users/zt25/coding/从 API 知识注入到源码图推理合成：PairCoder/Ollama问题存在性实验/result/simplug_7b_5model_comparison/generations/mistral_7b__simplug-T005__B2_raw_api_docs_run2.py
2,simplug-T005,B3_oracle_api_sequence,mistral:7b,6.45,True,False,True,wrong parameter semantics,plugins_context should receive plugin name strings ['beta'],"{""plugins_context_args"": [""{'beta': True}""], ""disable_args"": [], ""get_plugin_assigns"": {}, ""get_plugin_bad_arg_vars"": [], ""wrapper_disable_vars"": [], ""hook_receivers"": [""sp"", ""sp""]}",/Users/zt25/coding/从 API 知识注入到源码图推理合成：PairCoder/Ollama问题存在性实验/result/simplug_7b_5model_comparison/prompts/mistral_7b__simplug-T005__B3_oracle_api_sequence.txt,/Users/zt25/coding/从 API 知识注入到源码图推理合成：PairCoder/Ollama问题存在性实验/result/simplug_7b_5model_comparison/generations/mistral_7b__simplug-T005__B3_oracle_api_sequence_run2.py
2,simplug-T005,B4_gold_pair_rule,mistral:7b,9.03,True,False,True,wrong parameter semantics,plugins_context receives plugin object variable instead of name string; plugins_context should receive plugin name strings ['beta'],"{""plugins_context_args"": [""[beta]""], ""disable_args"": [[""sp"", [""'beta'""]]], ""get_plugin_assigns"": {}, ""get_plugin_bad_arg_vars"": [], ""wrapper_disable_vars"": [], ""hook_receivers"": [""sp"", ""sp""]}",/Users/zt25/coding/从 API 知识注入到源码图推理合成：PairCoder/Ollama问题存在性实验/result/simplug_7b_5model_comparison/prompts/mistral_7b__simplug-T005__B4_gold_pair_rule.txt,/Users/zt25/coding/从 API 知识注入到源码图推理合成：PairCoder/Ollama问题存在性实验/result/simplug_7b_5model_comparison/generations/mistral_7b__simplug-T005__B4_gold_pair_rule_run2.py
2,simplug-T006,B0_direct,mistral:7b,5.90,True,False,True,missing API call,missing sp.disable call,"{""plugins_context_args"": [], ""disable_args"": [], ""get_plugin_assigns"": {}, ""get_plugin_bad_arg_vars"": [], ""wrapper_disable_vars"": [], ""hook_receivers"": [""sp""]}",/Users/zt25/coding/从 API 知识注入到源码图推理合成：PairCoder/Ollama问题存在性实验/result/simplug_7b_5model_comparison/prompts/mistral_7b__simplug-T006__B0_direct.txt,/Users/zt25/coding/从 API 知识注入到源码图推理合成：PairCoder/Ollama问题存在性实验/result/simplug_7b_5model_comparison/generations/mistral_7b__simplug-T006__B0_direct_run2.py
2,simplug-T006,B1_api_list,mistral:7b,5.56,True,False,True,missing API call; wrong API pattern,missing sp.disable call; unexpected sp.plugins_context in a disable-by-name task; use sp.disable instead,"{""plugins_context_args"": [""{'alpha': False, 'gamma': False}""], ""disable_args"": [], ""get_plugin_assigns"": {}, ""get_plugin_bad_arg_vars"": [], ""wrapper_disable_vars"": [], ""hook_receivers"": [""sp""]}",/Users/zt25/coding/从 API 知识注入到源码图推理合成：PairCoder/Ollama问题存在性实验/result/simplug_7b_5model_comparison/prompts/mistral_7b__simplug-T006__B1_api_list.txt,/Users/zt25/coding/从 API 知识注入到源码图推理合成：PairCoder/Ollama问题存在性实验/result/simplug_7b_5model_comparison/generations/mistral_7b__simplug-T006__B1_api_list_run2.py
2,simplug-T006,B2_raw_api_docs,mistral:7b,6.67,True,False,True,missing API call,missing sp.disable call,"{""plugins_context_args"": [], ""disable_args"": [[""alpha.wrapper"", []], [""gamma.wrapper"", []]], ""get_plugin_assigns"": {}, ""get_plugin_bad_arg_vars"": [], ""wrapper_disable_vars"": [], ""hook_receivers"": [""sp""]}",/Users/zt25/coding/从 API 知识注入到源码图推理合成：PairCoder/Ollama问题存在性实验/result/simplug_7b_5model_comparison/prompts/mistral_7b__simplug-T006__B2_raw_api_docs.txt,/Users/zt25/coding/从 API 知识注入到源码图推理合成：PairCoder/Ollama问题存在性实验/result/simplug_7b_5model_comparison/generations/mistral_7b__simplug-T006__B2_raw_api_docs_run2.py
2,simplug-T006,B3_oracle_api_sequence,mistral:7b,5.62,True,True,False,,,"{""plugins_context_args"": [], ""disable_args"": [[""sp"", [""'alpha'""]], [""sp"", [""'gamma'""]]], ""get_plugin_assigns"": {}, ""get_plugin_bad_arg_vars"": [], ""wrapper_disable_vars"": [], ""hook_receivers"": [""sp""]}",/Users/zt25/coding/从 API 知识注入到源码图推理合成：PairCoder/Ollama问题存在性实验/result/simplug_7b_5model_comparison/prompts/mistral_7b__simplug-T006__B3_oracle_api_sequence.txt,/Users/zt25/coding/从 API 知识注入到源码图推理合成：PairCoder/Ollama问题存在性实验/result/simplug_7b_5model_comparison/generations/mistral_7b__simplug-T006__B3_oracle_api_sequence_run2.py
2,simplug-T006,B4_gold_pair_rule,mistral:7b,7.05,True,False,True,wrong API pattern; wrong parameter semantics,"sp.disable should receive plugin name strings ['alpha', 'gamma']; unexpected sp.plugins_context in a disable-by-name task; use sp.disable instead","{""plugins_context_args"": [""['beta']""], ""disable_args"": [[""sp"", [""['alpha', 'gamma']""]]], ""get_plugin_assigns"": {}, ""get_plugin_bad_arg_vars"": [], ""wrapper_disable_vars"": [], ""hook_receivers"": [""sp""]}",/Users/zt25/coding/从 API 知识注入到源码图推理合成：PairCoder/Ollama问题存在性实验/result/simplug_7b_5model_comparison/prompts/mistral_7b__simplug-T006__B4_gold_pair_rule.txt,/Users/zt25/coding/从 API 知识注入到源码图推理合成：PairCoder/Ollama问题存在性实验/result/simplug_7b_5model_comparison/generations/mistral_7b__simplug-T006__B4_gold_pair_rule_run2.py
3,simplug-T001,B0_direct,qwen2.5:7b,6.11,True,False,True,missing API call,missing sp.plugins_context,"{""plugins_context_args"": [], ""disable_args"": [], ""get_plugin_assigns"": {}, ""get_plugin_bad_arg_vars"": [], ""wrapper_disable_vars"": [], ""hook_receivers"": [""sp""]}",/Users/zt25/coding/从 API 知识注入到源码图推理合成：PairCoder/Ollama问题存在性实验/result/simplug_7b_5model_comparison/prompts/qwen2.5_7b__simplug-T001__B0_direct.txt,/Users/zt25/coding/从 API 知识注入到源码图推理合成：PairCoder/Ollama问题存在性实验/result/simplug_7b_5model_comparison/generations/qwen2.5_7b__simplug-T001__B0_direct_run3.py
3,simplug-T001,B1_api_list,qwen2.5:7b,2.53,True,False,True,missing API call,missing sp.plugins_context,"{""plugins_context_args"": [], ""disable_args"": [], ""get_plugin_assigns"": {}, ""get_plugin_bad_arg_vars"": [], ""wrapper_disable_vars"": [], ""hook_receivers"": [""sp""]}",/Users/zt25/coding/从 API 知识注入到源码图推理合成：PairCoder/Ollama问题存在性实验/result/simplug_7b_5model_comparison/prompts/qwen2.5_7b__simplug-T001__B1_api_list.txt,/Users/zt25/coding/从 API 知识注入到源码图推理合成：PairCoder/Ollama问题存在性实验/result/simplug_7b_5model_comparison/generations/qwen2.5_7b__simplug-T001__B1_api_list_run3.py
3,simplug-T001,B2_raw_api_docs,qwen2.5:7b,3.40,True,False,True,wrong parameter semantics,plugins_context receives plugin object variable instead of name string; plugins_context should receive plugin name strings ['beta'],"{""plugins_context_args"": [""[beta]""], ""disable_args"": [], ""get_plugin_assigns"": {}, ""get_plugin_bad_arg_vars"": [], ""wrapper_disable_vars"": [], ""hook_receivers"": [""sp""]}",/Users/zt25/coding/从 API 知识注入到源码图推理合成：PairCoder/Ollama问题存在性实验/result/simplug_7b_5model_comparison/prompts/qwen2.5_7b__simplug-T001__B2_raw_api_docs.txt,/Users/zt25/coding/从 API 知识注入到源码图推理合成：PairCoder/Ollama问题存在性实验/result/simplug_7b_5model_comparison/generations/qwen2.5_7b__simplug-T001__B2_raw_api_docs_run3.py
3,simplug-T001,B3_oracle_api_sequence,qwen2.5:7b,2.33,True,False,True,missing API call,missing sp.plugins_context,"{""plugins_context_args"": [], ""disable_args"": [], ""get_plugin_assigns"": {}, ""get_plugin_bad_arg_vars"": [], ""wrapper_disable_vars"": [], ""hook_receivers"": [""sp""]}",/Users/zt25/coding/从 API 知识注入到源码图推理合成：PairCoder/Ollama问题存在性实验/result/simplug_7b_5model_comparison/prompts/qwen2.5_7b__simplug-T001__B3_oracle_api_sequence.txt,/Users/zt25/coding/从 API 知识注入到源码图推理合成：PairCoder/Ollama问题存在性实验/result/simplug_7b_5model_comparison/generations/qwen2.5_7b__simplug-T001__B3_oracle_api_sequence_run3.py
3,simplug-T001,B4_gold_pair_rule,qwen2.5:7b,3.79,True,True,False,,,"{""plugins_context_args"": [""['beta']""], ""disable_args"": [], ""get_plugin_assigns"": {}, ""get_plugin_bad_arg_vars"": [], ""wrapper_disable_vars"": [], ""hook_receivers"": [""sp""]}",/Users/zt25/coding/从 API 知识注入到源码图推理合成：PairCoder/Ollama问题存在性实验/result/simplug_7b_5model_comparison/prompts/qwen2.5_7b__simplug-T001__B4_gold_pair_rule.txt,/Users/zt25/coding/从 API 知识注入到源码图推理合成：PairCoder/Ollama问题存在性实验/result/simplug_7b_5model_comparison/generations/qwen2.5_7b__simplug-T001__B4_gold_pair_rule_run3.py
3,simplug-T002,B0_direct,qwen2.5:7b,2.55,True,False,True,missing API call,missing sp.plugins_context,"{""plugins_context_args"": [], ""disable_args"": [], ""get_plugin_assigns"": {}, ""get_plugin_bad_arg_vars"": [], ""wrapper_disable_vars"": [], ""hook_receivers"": [""sp""]}",/Users/zt25/coding/从 API 知识注入到源码图推理合成：PairCoder/Ollama问题存在性实验/result/simplug_7b_5model_comparison/prompts/qwen2.5_7b__simplug-T002__B0_direct.txt,/Users/zt25/coding/从 API 知识注入到源码图推理合成：PairCoder/Ollama问题存在性实验/result/simplug_7b_5model_comparison/generations/qwen2.5_7b__simplug-T002__B0_direct_run3.py
3,simplug-T002,B1_api_list,qwen2.5:7b,3.12,True,False,True,missing API call,missing sp.plugins_context,"{""plugins_context_args"": [], ""disable_args"": [], ""get_plugin_assigns"": {}, ""get_plugin_bad_arg_vars"": [], ""wrapper_disable_vars"": [], ""hook_receivers"": [""sp""]}",/Users/zt25/coding/从 API 知识注入到源码图推理合成：PairCoder/Ollama问题存在性实验/result/simplug_7b_5model_comparison/prompts/qwen2.5_7b__simplug-T002__B1_api_list.txt,/Users/zt25/coding/从 API 知识注入到源码图推理合成：PairCoder/Ollama问题存在性实验/result/simplug_7b_5model_comparison/generations/qwen2.5_7b__simplug-T002__B1_api_list_run3.py
3,simplug-T002,B2_raw_api_docs,qwen2.5:7b,3.39,True,False,True,missing API call; wrong parameter semantics,"missing sp.hooks.score call; plugins_context receives plugin object variable instead of name string; plugins_context should receive plugin name strings ['alpha', 'gamma']","{""plugins_context_args"": [""[alpha, gamma]""], ""disable_args"": [], ""get_plugin_assigns"": {}, ""get_plugin_bad_arg_vars"": [], ""wrapper_disable_vars"": [], ""hook_receivers"": []}",/Users/zt25/coding/从 API 知识注入到源码图推理合成：PairCoder/Ollama问题存在性实验/result/simplug_7b_5model_comparison/prompts/qwen2.5_7b__simplug-T002__B2_raw_api_docs.txt,/Users/zt25/coding/从 API 知识注入到源码图推理合成：PairCoder/Ollama问题存在性实验/result/simplug_7b_5model_comparison/generations/qwen2.5_7b__simplug-T002__B2_raw_api_docs_run3.py
3,simplug-T002,B3_oracle_api_sequence,qwen2.5:7b,2.66,True,False,True,missing API call,missing sp.plugins_context,"{""plugins_context_args"": [], ""disable_args"": [], ""get_plugin_assigns"": {}, ""get_plugin_bad_arg_vars"": [], ""wrapper_disable_vars"": [], ""hook_receivers"": [""sp""]}",/Users/zt25/coding/从 API 知识注入到源码图推理合成：PairCoder/Ollama问题存在性实验/result/simplug_7b_5model_comparison/prompts/qwen2.5_7b__simplug-T002__B3_oracle_api_sequence.txt,/Users/zt25/coding/从 API 知识注入到源码图推理合成：PairCoder/Ollama问题存在性实验/result/simplug_7b_5model_comparison/generations/qwen2.5_7b__simplug-T002__B3_oracle_api_sequence_run3.py
3,simplug-T002,B4_gold_pair_rule,qwen2.5:7b,3.95,True,True,False,,,"{""plugins_context_args"": [""['alpha', 'gamma']""], ""disable_args"": [], ""get_plugin_assigns"": {}, ""get_plugin_bad_arg_vars"": [], ""wrapper_disable_vars"": [], ""hook_receivers"": [""sp""]}",/Users/zt25/coding/从 API 知识注入到源码图推理合成：PairCoder/Ollama问题存在性实验/result/simplug_7b_5model_comparison/prompts/qwen2.5_7b__simplug-T002__B4_gold_pair_rule.txt,/Users/zt25/coding/从 API 知识注入到源码图推理合成：PairCoder/Ollama问题存在性实验/result/simplug_7b_5model_comparison/generations/qwen2.5_7b__simplug-T002__B4_gold_pair_rule_run3.py
3,simplug-T003,B0_direct,qwen2.5:7b,2.96,True,False,True,missing API call,missing sp.disable call,"{""plugins_context_args"": [], ""disable_args"": [[""sp.hooks"", [""'beta'""]]], ""get_plugin_assigns"": {}, ""get_plugin_bad_arg_vars"": [], ""wrapper_disable_vars"": [], ""hook_receivers"": [""sp""]}",/Users/zt25/coding/从 API 知识注入到源码图推理合成：PairCoder/Ollama问题存在性实验/result/simplug_7b_5model_comparison/prompts/qwen2.5_7b__simplug-T003__B0_direct.txt,/Users/zt25/coding/从 API 知识注入到源码图推理合成：PairCoder/Ollama问题存在性实验/result/simplug_7b_5model_comparison/generations/qwen2.5_7b__simplug-T003__B0_direct_run3.py
3,simplug-T003,B1_api_list,qwen2.5:7b,3.88,True,False,True,wrong API pattern,unexpected sp.plugins_context in a disable-by-name task; use sp.disable instead,"{""plugins_context_args"": [""[sp]""], ""disable_args"": [[""sp"", [""'beta'""]]], ""get_plugin_assigns"": {}, ""get_plugin_bad_arg_vars"": [], ""wrapper_disable_vars"": [], ""hook_receivers"": [""sp""]}",/Users/zt25/coding/从 API 知识注入到源码图推理合成：PairCoder/Ollama问题存在性实验/result/simplug_7b_5model_comparison/prompts/qwen2.5_7b__simplug-T003__B1_api_list.txt,/Users/zt25/coding/从 API 知识注入到源码图推理合成：PairCoder/Ollama问题存在性实验/result/simplug_7b_5model_comparison/generations/qwen2.5_7b__simplug-T003__B1_api_list_run3.py
3,simplug-T003,B2_raw_api_docs,qwen2.5:7b,4.12,True,True,False,,,"{""plugins_context_args"": [], ""disable_args"": [[""sp"", [""'beta'""]]], ""get_plugin_assigns"": {}, ""get_plugin_bad_arg_vars"": [], ""wrapper_disable_vars"": [], ""hook_receivers"": [""sp""]}",/Users/zt25/coding/从 API 知识注入到源码图推理合成：PairCoder/Ollama问题存在性实验/result/simplug_7b_5model_comparison/prompts/qwen2.5_7b__simplug-T003__B2_raw_api_docs.txt,/Users/zt25/coding/从 API 知识注入到源码图推理合成：PairCoder/Ollama问题存在性实验/result/simplug_7b_5model_comparison/generations/qwen2.5_7b__simplug-T003__B2_raw_api_docs_run3.py
3,simplug-T003,B3_oracle_api_sequence,qwen2.5:7b,2.13,True,True,False,,,"{""plugins_context_args"": [], ""disable_args"": [[""sp"", [""'beta'""]]], ""get_plugin_assigns"": {}, ""get_plugin_bad_arg_vars"": [], ""wrapper_disable_vars"": [], ""hook_receivers"": [""sp""]}",/Users/zt25/coding/从 API 知识注入到源码图推理合成：PairCoder/Ollama问题存在性实验/result/simplug_7b_5model_comparison/prompts/qwen2.5_7b__simplug-T003__B3_oracle_api_sequence.txt,/Users/zt25/coding/从 API 知识注入到源码图推理合成：PairCoder/Ollama问题存在性实验/result/simplug_7b_5model_comparison/generations/qwen2.5_7b__simplug-T003__B3_oracle_api_sequence_run3.py
3,simplug-T003,B4_gold_pair_rule,qwen2.5:7b,3.95,True,True,False,,,"{""plugins_context_args"": [], ""disable_args"": [[""sp"", [""'beta'""]]], ""get_plugin_assigns"": {}, ""get_plugin_bad_arg_vars"": [], ""wrapper_disable_vars"": [], ""hook_receivers"": [""sp""]}",/Users/zt25/coding/从 API 知识注入到源码图推理合成：PairCoder/Ollama问题存在性实验/result/simplug_7b_5model_comparison/prompts/qwen2.5_7b__simplug-T003__B4_gold_pair_rule.txt,/Users/zt25/coding/从 API 知识注入到源码图推理合成：PairCoder/Ollama问题存在性实验/result/simplug_7b_5model_comparison/generations/qwen2.5_7b__simplug-T003__B4_gold_pair_rule_run3.py
3,simplug-T004,B0_direct,qwen2.5:7b,3.54,True,False,True,broken data flow,missing sp.get_plugin('beta') assignment,"{""plugins_context_args"": [], ""disable_args"": [], ""get_plugin_assigns"": {}, ""get_plugin_bad_arg_vars"": [], ""wrapper_disable_vars"": [], ""hook_receivers"": [""sp""]}",/Users/zt25/coding/从 API 知识注入到源码图推理合成：PairCoder/Ollama问题存在性实验/result/simplug_7b_5model_comparison/prompts/qwen2.5_7b__simplug-T004__B0_direct.txt,/Users/zt25/coding/从 API 知识注入到源码图推理合成：PairCoder/Ollama问题存在性实验/result/simplug_7b_5model_comparison/generations/qwen2.5_7b__simplug-T004__B0_direct_run3.py
3,simplug-T004,B1_api_list,qwen2.5:7b,4.06,True,True,False,,,"{""plugins_context_args"": [""[alpha, gamma]""], ""disable_args"": [[""beta_wrapper"", []]], ""get_plugin_assigns"": {""beta_wrapper"": ""beta""}, ""get_plugin_bad_arg_vars"": [], ""wrapper_disable_vars"": [""beta_wrapper""], ""hook_receivers"": [""sp""]}",/Users/zt25/coding/从 API 知识注入到源码图推理合成：PairCoder/Ollama问题存在性实验/result/simplug_7b_5model_comparison/prompts/qwen2.5_7b__simplug-T004__B1_api_list.txt,/Users/zt25/coding/从 API 知识注入到源码图推理合成：PairCoder/Ollama问题存在性实验/result/simplug_7b_5model_comparison/generations/qwen2.5_7b__simplug-T004__B1_api_list_run3.py
3,simplug-T004,B2_raw_api_docs,qwen2.5:7b,4.01,True,True,False,,,"{""plugins_context_args"": [], ""disable_args"": [[""beta_wrapper"", []]], ""get_plugin_assigns"": {""beta_wrapper"": ""beta""}, ""get_plugin_bad_arg_vars"": [], ""wrapper_disable_vars"": [""beta_wrapper""], ""hook_receivers"": [""sp""]}",/Users/zt25/coding/从 API 知识注入到源码图推理合成：PairCoder/Ollama问题存在性实验/result/simplug_7b_5model_comparison/prompts/qwen2.5_7b__simplug-T004__B2_raw_api_docs.txt,/Users/zt25/coding/从 API 知识注入到源码图推理合成：PairCoder/Ollama问题存在性实验/result/simplug_7b_5model_comparison/generations/qwen2.5_7b__simplug-T004__B2_raw_api_docs_run3.py
3,simplug-T004,B3_oracle_api_sequence,qwen2.5:7b,3.48,True,False,True,wrong parameter semantics,sp.get_plugin called with non-string argument; pass the plugin name string 'beta',"{""plugins_context_args"": [], ""disable_args"": [[""wrapper"", []]], ""get_plugin_assigns"": {}, ""get_plugin_bad_arg_vars"": [""wrapper""], ""wrapper_disable_vars"": [], ""hook_receivers"": [""sp""]}",/Users/zt25/coding/从 API 知识注入到源码图推理合成：PairCoder/Ollama问题存在性实验/result/simplug_7b_5model_comparison/prompts/qwen2.5_7b__simplug-T004__B3_oracle_api_sequence.txt,/Users/zt25/coding/从 API 知识注入到源码图推理合成：PairCoder/Ollama问题存在性实验/result/simplug_7b_5model_comparison/generations/qwen2.5_7b__simplug-T004__B3_oracle_api_sequence_run3.py
3,simplug-T004,B4_gold_pair_rule,qwen2.5:7b,4.13,True,True,False,,,"{""plugins_context_args"": [], ""disable_args"": [[""wrapper"", []]], ""get_plugin_assigns"": {""wrapper"": ""beta""}, ""get_plugin_bad_arg_vars"": [], ""wrapper_disable_vars"": [""wrapper""], ""hook_receivers"": [""sp""]}",/Users/zt25/coding/从 API 知识注入到源码图推理合成：PairCoder/Ollama问题存在性实验/result/simplug_7b_5model_comparison/prompts/qwen2.5_7b__simplug-T004__B4_gold_pair_rule.txt,/Users/zt25/coding/从 API 知识注入到源码图推理合成：PairCoder/Ollama问题存在性实验/result/simplug_7b_5model_comparison/generations/qwen2.5_7b__simplug-T004__B4_gold_pair_rule_run3.py
3,simplug-T005,B0_direct,qwen2.5:7b,4.68,True,False,True,missing API call,missing sp.plugins_context,"{""plugins_context_args"": [], ""disable_args"": [], ""get_plugin_assigns"": {}, ""get_plugin_bad_arg_vars"": [], ""wrapper_disable_vars"": [], ""hook_receivers"": [""sp"", ""sp""]}",/Users/zt25/coding/从 API 知识注入到源码图推理合成：PairCoder/Ollama问题存在性实验/result/simplug_7b_5model_comparison/prompts/qwen2.5_7b__simplug-T005__B0_direct.txt,/Users/zt25/coding/从 API 知识注入到源码图推理合成：PairCoder/Ollama问题存在性实验/result/simplug_7b_5model_comparison/generations/qwen2.5_7b__simplug-T005__B0_direct_run3.py
3,simplug-T005,B1_api_list,qwen2.5:7b,4.77,True,False,True,missing API call,missing sp.plugins_context,"{""plugins_context_args"": [], ""disable_args"": [], ""get_plugin_assigns"": {}, ""get_plugin_bad_arg_vars"": [], ""wrapper_disable_vars"": [], ""hook_receivers"": [""sp"", ""sp""]}",/Users/zt25/coding/从 API 知识注入到源码图推理合成：PairCoder/Ollama问题存在性实验/result/simplug_7b_5model_comparison/prompts/qwen2.5_7b__simplug-T005__B1_api_list.txt,/Users/zt25/coding/从 API 知识注入到源码图推理合成：PairCoder/Ollama问题存在性实验/result/simplug_7b_5model_comparison/generations/qwen2.5_7b__simplug-T005__B1_api_list_run3.py
3,simplug-T005,B2_raw_api_docs,qwen2.5:7b,5.53,True,False,True,wrong parameter semantics,plugins_context receives plugin object variable instead of name string; plugins_context should receive plugin name strings ['beta'],"{""plugins_context_args"": [""beta""], ""disable_args"": [[""beta_wrapper"", []]], ""get_plugin_assigns"": {}, ""get_plugin_bad_arg_vars"": [""beta_wrapper""], ""wrapper_disable_vars"": [], ""hook_receivers"": [""sp"", ""sp""]}",/Users/zt25/coding/从 API 知识注入到源码图推理合成：PairCoder/Ollama问题存在性实验/result/simplug_7b_5model_comparison/prompts/qwen2.5_7b__simplug-T005__B2_raw_api_docs.txt,/Users/zt25/coding/从 API 知识注入到源码图推理合成：PairCoder/Ollama问题存在性实验/result/simplug_7b_5model_comparison/generations/qwen2.5_7b__simplug-T005__B2_raw_api_docs_run3.py
3,simplug-T005,B3_oracle_api_sequence,qwen2.5:7b,4.13,True,False,True,missing API call,missing sp.plugins_context,"{""plugins_context_args"": [], ""disable_args"": [], ""get_plugin_assigns"": {}, ""get_plugin_bad_arg_vars"": [], ""wrapper_disable_vars"": [], ""hook_receivers"": [""sp"", ""sp""]}",/Users/zt25/coding/从 API 知识注入到源码图推理合成：PairCoder/Ollama问题存在性实验/result/simplug_7b_5model_comparison/prompts/qwen2.5_7b__simplug-T005__B3_oracle_api_sequence.txt,/Users/zt25/coding/从 API 知识注入到源码图推理合成：PairCoder/Ollama问题存在性实验/result/simplug_7b_5model_comparison/generations/qwen2.5_7b__simplug-T005__B3_oracle_api_sequence_run3.py
3,simplug-T005,B4_gold_pair_rule,qwen2.5:7b,5.73,True,True,False,,,"{""plugins_context_args"": [""['beta']""], ""disable_args"": [[""sp"", [""'beta'""]]], ""get_plugin_assigns"": {}, ""get_plugin_bad_arg_vars"": [], ""wrapper_disable_vars"": [], ""hook_receivers"": [""sp"", ""sp""]}",/Users/zt25/coding/从 API 知识注入到源码图推理合成：PairCoder/Ollama问题存在性实验/result/simplug_7b_5model_comparison/prompts/qwen2.5_7b__simplug-T005__B4_gold_pair_rule.txt,/Users/zt25/coding/从 API 知识注入到源码图推理合成：PairCoder/Ollama问题存在性实验/result/simplug_7b_5model_comparison/generations/qwen2.5_7b__simplug-T005__B4_gold_pair_rule_run3.py
3,simplug-T006,B0_direct,qwen2.5:7b,3.69,True,False,True,missing API call,missing sp.disable call,"{""plugins_context_args"": [], ""disable_args"": [[""sp.hooks"", [""'alpha'""]], [""sp.hooks"", [""'gamma'""]]], ""get_plugin_assigns"": {}, ""get_plugin_bad_arg_vars"": [], ""wrapper_disable_vars"": [], ""hook_receivers"": [""sp""]}",/Users/zt25/coding/从 API 知识注入到源码图推理合成：PairCoder/Ollama问题存在性实验/result/simplug_7b_5model_comparison/prompts/qwen2.5_7b__simplug-T006__B0_direct.txt,/Users/zt25/coding/从 API 知识注入到源码图推理合成：PairCoder/Ollama问题存在性实验/result/simplug_7b_5model_comparison/generations/qwen2.5_7b__simplug-T006__B0_direct_run3.py
3,simplug-T006,B1_api_list,qwen2.5:7b,4.48,True,False,True,wrong API pattern,unexpected sp.plugins_context in a disable-by-name task; use sp.disable instead,"{""plugins_context_args"": [""[beta]""], ""disable_args"": [[""sp"", [""'alpha'"", ""'gamma'""]]], ""get_plugin_assigns"": {}, ""get_plugin_bad_arg_vars"": [], ""wrapper_disable_vars"": [], ""hook_receivers"": [""sp""]}",/Users/zt25/coding/从 API 知识注入到源码图推理合成：PairCoder/Ollama问题存在性实验/result/simplug_7b_5model_comparison/prompts/qwen2.5_7b__simplug-T006__B1_api_list.txt,/Users/zt25/coding/从 API 知识注入到源码图推理合成：PairCoder/Ollama问题存在性实验/result/simplug_7b_5model_comparison/generations/qwen2.5_7b__simplug-T006__B1_api_list_run3.py
3,simplug-T006,B2_raw_api_docs,qwen2.5:7b,4.18,True,False,True,missing API call,missing sp.disable call,"{""plugins_context_args"": [], ""disable_args"": [[""sp.hooks"", [""'alpha'"", ""'gamma'""]]], ""get_plugin_assigns"": {}, ""get_plugin_bad_arg_vars"": [], ""wrapper_disable_vars"": [], ""hook_receivers"": [""sp""]}",/Users/zt25/coding/从 API 知识注入到源码图推理合成：PairCoder/Ollama问题存在性实验/result/simplug_7b_5model_comparison/prompts/qwen2.5_7b__simplug-T006__B2_raw_api_docs.txt,/Users/zt25/coding/从 API 知识注入到源码图推理合成：PairCoder/Ollama问题存在性实验/result/simplug_7b_5model_comparison/generations/qwen2.5_7b__simplug-T006__B2_raw_api_docs_run3.py
3,simplug-T006,B3_oracle_api_sequence,qwen2.5:7b,3.27,True,True,False,,,"{""plugins_context_args"": [], ""disable_args"": [[""sp"", [""'alpha'""]], [""sp"", [""'gamma'""]]], ""get_plugin_assigns"": {}, ""get_plugin_bad_arg_vars"": [], ""wrapper_disable_vars"": [], ""hook_receivers"": [""sp""]}",/Users/zt25/coding/从 API 知识注入到源码图推理合成：PairCoder/Ollama问题存在性实验/result/simplug_7b_5model_comparison/prompts/qwen2.5_7b__simplug-T006__B3_oracle_api_sequence.txt,/Users/zt25/coding/从 API 知识注入到源码图推理合成：PairCoder/Ollama问题存在性实验/result/simplug_7b_5model_comparison/generations/qwen2.5_7b__simplug-T006__B3_oracle_api_sequence_run3.py
3,simplug-T006,B4_gold_pair_rule,qwen2.5:7b,4.47,True,False,True,wrong API pattern,unexpected sp.plugins_context in a disable-by-name task; use sp.disable instead,"{""plugins_context_args"": [""['beta']""], ""disable_args"": [[""sp"", [""'alpha'""]], [""sp"", [""'gamma'""]]], ""get_plugin_assigns"": {}, ""get_plugin_bad_arg_vars"": [], ""wrapper_disable_vars"": [], ""hook_receivers"": [""sp""]}",/Users/zt25/coding/从 API 知识注入到源码图推理合成：PairCoder/Ollama问题存在性实验/result/simplug_7b_5model_comparison/prompts/qwen2.5_7b__simplug-T006__B4_gold_pair_rule.txt,/Users/zt25/coding/从 API 知识注入到源码图推理合成：PairCoder/Ollama问题存在性实验/result/simplug_7b_5model_comparison/generations/qwen2.5_7b__simplug-T006__B4_gold_pair_rule_run3.py
3,simplug-T001,B0_direct,qwen2.5-coder:7b,7.43,True,False,True,missing API call,missing sp.plugins_context,"{""plugins_context_args"": [], ""disable_args"": [], ""get_plugin_assigns"": {}, ""get_plugin_bad_arg_vars"": [], ""wrapper_disable_vars"": [], ""hook_receivers"": [""sp"", ""sp""]}",/Users/zt25/coding/从 API 知识注入到源码图推理合成：PairCoder/Ollama问题存在性实验/result/simplug_7b_5model_comparison/prompts/qwen2.5-coder_7b__simplug-T001__B0_direct.txt,/Users/zt25/coding/从 API 知识注入到源码图推理合成：PairCoder/Ollama问题存在性实验/result/simplug_7b_5model_comparison/generations/qwen2.5-coder_7b__simplug-T001__B0_direct_run3.py
3,simplug-T001,B1_api_list,qwen2.5-coder:7b,2.74,True,False,True,wrong parameter semantics,plugins_context receives plugin object variable instead of name string; plugins_context should receive plugin name strings ['beta'],"{""plugins_context_args"": [""[beta]""], ""disable_args"": [], ""get_plugin_assigns"": {}, ""get_plugin_bad_arg_vars"": [], ""wrapper_disable_vars"": [], ""hook_receivers"": [""sp""]}",/Users/zt25/coding/从 API 知识注入到源码图推理合成：PairCoder/Ollama问题存在性实验/result/simplug_7b_5model_comparison/prompts/qwen2.5-coder_7b__simplug-T001__B1_api_list.txt,/Users/zt25/coding/从 API 知识注入到源码图推理合成：PairCoder/Ollama问题存在性实验/result/simplug_7b_5model_comparison/generations/qwen2.5-coder_7b__simplug-T001__B1_api_list_run3.py
3,simplug-T001,B2_raw_api_docs,qwen2.5-coder:7b,3.03,True,False,True,wrong parameter semantics,plugins_context receives plugin object variable instead of name string; plugins_context should receive plugin name strings ['beta'],"{""plugins_context_args"": [""[beta]""], ""disable_args"": [], ""get_plugin_assigns"": {}, ""get_plugin_bad_arg_vars"": [], ""wrapper_disable_vars"": [], ""hook_receivers"": [""sp""]}",/Users/zt25/coding/从 API 知识注入到源码图推理合成：PairCoder/Ollama问题存在性实验/result/simplug_7b_5model_comparison/prompts/qwen2.5-coder_7b__simplug-T001__B2_raw_api_docs.txt,/Users/zt25/coding/从 API 知识注入到源码图推理合成：PairCoder/Ollama问题存在性实验/result/simplug_7b_5model_comparison/generations/qwen2.5-coder_7b__simplug-T001__B2_raw_api_docs_run3.py
3,simplug-T001,B3_oracle_api_sequence,qwen2.5-coder:7b,2.36,True,False,True,missing API call,missing sp.plugins_context,"{""plugins_context_args"": [], ""disable_args"": [], ""get_plugin_assigns"": {}, ""get_plugin_bad_arg_vars"": [], ""wrapper_disable_vars"": [], ""hook_receivers"": [""sp""]}",/Users/zt25/coding/从 API 知识注入到源码图推理合成：PairCoder/Ollama问题存在性实验/result/simplug_7b_5model_comparison/prompts/qwen2.5-coder_7b__simplug-T001__B3_oracle_api_sequence.txt,/Users/zt25/coding/从 API 知识注入到源码图推理合成：PairCoder/Ollama问题存在性实验/result/simplug_7b_5model_comparison/generations/qwen2.5-coder_7b__simplug-T001__B3_oracle_api_sequence_run3.py
3,simplug-T001,B4_gold_pair_rule,qwen2.5-coder:7b,4.00,True,True,False,,,"{""plugins_context_args"": [""['beta']""], ""disable_args"": [], ""get_plugin_assigns"": {}, ""get_plugin_bad_arg_vars"": [], ""wrapper_disable_vars"": [], ""hook_receivers"": [""sp""]}",/Users/zt25/coding/从 API 知识注入到源码图推理合成：PairCoder/Ollama问题存在性实验/result/simplug_7b_5model_comparison/prompts/qwen2.5-coder_7b__simplug-T001__B4_gold_pair_rule.txt,/Users/zt25/coding/从 API 知识注入到源码图推理合成：PairCoder/Ollama问题存在性实验/result/simplug_7b_5model_comparison/generations/qwen2.5-coder_7b__simplug-T001__B4_gold_pair_rule_run3.py
3,simplug-T002,B0_direct,qwen2.5-coder:7b,3.26,True,False,True,missing API call,missing sp.plugins_context,"{""plugins_context_args"": [], ""disable_args"": [], ""get_plugin_assigns"": {}, ""get_plugin_bad_arg_vars"": [], ""wrapper_disable_vars"": [], ""hook_receivers"": [""sp""]}",/Users/zt25/coding/从 API 知识注入到源码图推理合成：PairCoder/Ollama问题存在性实验/result/simplug_7b_5model_comparison/prompts/qwen2.5-coder_7b__simplug-T002__B0_direct.txt,/Users/zt25/coding/从 API 知识注入到源码图推理合成：PairCoder/Ollama问题存在性实验/result/simplug_7b_5model_comparison/generations/qwen2.5-coder_7b__simplug-T002__B0_direct_run3.py
3,simplug-T002,B1_api_list,qwen2.5-coder:7b,3.01,True,False,True,wrong parameter semantics,"plugins_context receives plugin object variable instead of name string; plugins_context should receive plugin name strings ['alpha', 'gamma']","{""plugins_context_args"": [""(alpha, gamma)""], ""disable_args"": [], ""get_plugin_assigns"": {}, ""get_plugin_bad_arg_vars"": [], ""wrapper_disable_vars"": [], ""hook_receivers"": [""sp""]}",/Users/zt25/coding/从 API 知识注入到源码图推理合成：PairCoder/Ollama问题存在性实验/result/simplug_7b_5model_comparison/prompts/qwen2.5-coder_7b__simplug-T002__B1_api_list.txt,/Users/zt25/coding/从 API 知识注入到源码图推理合成：PairCoder/Ollama问题存在性实验/result/simplug_7b_5model_comparison/generations/qwen2.5-coder_7b__simplug-T002__B1_api_list_run3.py
3,simplug-T002,B2_raw_api_docs,qwen2.5-coder:7b,3.08,True,False,True,wrong parameter semantics,"plugins_context receives plugin object variable instead of name string; plugins_context should receive plugin name strings ['alpha', 'gamma']","{""plugins_context_args"": [""[alpha, gamma]""], ""disable_args"": [], ""get_plugin_assigns"": {}, ""get_plugin_bad_arg_vars"": [], ""wrapper_disable_vars"": [], ""hook_receivers"": [""sp""]}",/Users/zt25/coding/从 API 知识注入到源码图推理合成：PairCoder/Ollama问题存在性实验/result/simplug_7b_5model_comparison/prompts/qwen2.5-coder_7b__simplug-T002__B2_raw_api_docs.txt,/Users/zt25/coding/从 API 知识注入到源码图推理合成：PairCoder/Ollama问题存在性实验/result/simplug_7b_5model_comparison/generations/qwen2.5-coder_7b__simplug-T002__B2_raw_api_docs_run3.py
3,simplug-T002,B3_oracle_api_sequence,qwen2.5-coder:7b,3.17,True,False,True,missing API call,missing sp.plugins_context,"{""plugins_context_args"": [], ""disable_args"": [], ""get_plugin_assigns"": {}, ""get_plugin_bad_arg_vars"": [], ""wrapper_disable_vars"": [], ""hook_receivers"": [""sp""]}",/Users/zt25/coding/从 API 知识注入到源码图推理合成：PairCoder/Ollama问题存在性实验/result/simplug_7b_5model_comparison/prompts/qwen2.5-coder_7b__simplug-T002__B3_oracle_api_sequence.txt,/Users/zt25/coding/从 API 知识注入到源码图推理合成：PairCoder/Ollama问题存在性实验/result/simplug_7b_5model_comparison/generations/qwen2.5-coder_7b__simplug-T002__B3_oracle_api_sequence_run3.py
3,simplug-T002,B4_gold_pair_rule,qwen2.5-coder:7b,4.10,True,True,False,,,"{""plugins_context_args"": [""['alpha', 'gamma']""], ""disable_args"": [], ""get_plugin_assigns"": {}, ""get_plugin_bad_arg_vars"": [], ""wrapper_disable_vars"": [], ""hook_receivers"": [""sp""]}",/Users/zt25/coding/从 API 知识注入到源码图推理合成：PairCoder/Ollama问题存在性实验/result/simplug_7b_5model_comparison/prompts/qwen2.5-coder_7b__simplug-T002__B4_gold_pair_rule.txt,/Users/zt25/coding/从 API 知识注入到源码图推理合成：PairCoder/Ollama问题存在性实验/result/simplug_7b_5model_comparison/generations/qwen2.5-coder_7b__simplug-T002__B4_gold_pair_rule_run3.py
3,simplug-T003,B0_direct,qwen2.5-coder:7b,3.11,True,False,True,missing API call,missing sp.disable call,"{""plugins_context_args"": [], ""disable_args"": [[""sp.hooks"", [""'beta'""]]], ""get_plugin_assigns"": {}, ""get_plugin_bad_arg_vars"": [], ""wrapper_disable_vars"": [], ""hook_receivers"": [""sp""]}",/Users/zt25/coding/从 API 知识注入到源码图推理合成：PairCoder/Ollama问题存在性实验/result/simplug_7b_5model_comparison/prompts/qwen2.5-coder_7b__simplug-T003__B0_direct.txt,/Users/zt25/coding/从 API 知识注入到源码图推理合成：PairCoder/Ollama问题存在性实验/result/simplug_7b_5model_comparison/generations/qwen2.5-coder_7b__simplug-T003__B0_direct_run3.py
3,simplug-T003,B1_api_list,qwen2.5-coder:7b,3.83,True,False,True,missing API call; wrong API pattern,missing sp.disable call; unexpected sp.plugins_context in a disable-by-name task; use sp.disable instead,"{""plugins_context_args"": [""[alpha, gamma]""], ""disable_args"": [], ""get_plugin_assigns"": {}, ""get_plugin_bad_arg_vars"": [], ""wrapper_disable_vars"": [], ""hook_receivers"": [""sp""]}",/Users/zt25/coding/从 API 知识注入到源码图推理合成：PairCoder/Ollama问题存在性实验/result/simplug_7b_5model_comparison/prompts/qwen2.5-coder_7b__simplug-T003__B1_api_list.txt,/Users/zt25/coding/从 API 知识注入到源码图推理合成：PairCoder/Ollama问题存在性实验/result/simplug_7b_5model_comparison/generations/qwen2.5-coder_7b__simplug-T003__B1_api_list_run3.py
3,simplug-T003,B2_raw_api_docs,qwen2.5-coder:7b,3.53,True,False,True,missing API call; wrong API pattern,missing sp.disable call; unexpected sp.plugins_context in a disable-by-name task; use sp.disable instead,"{""plugins_context_args"": [""[beta]""], ""disable_args"": [[""beta"", []]], ""get_plugin_assigns"": {}, ""get_plugin_bad_arg_vars"": [], ""wrapper_disable_vars"": [], ""hook_receivers"": [""sp""]}",/Users/zt25/coding/从 API 知识注入到源码图推理合成：PairCoder/Ollama问题存在性实验/result/simplug_7b_5model_comparison/prompts/qwen2.5-coder_7b__simplug-T003__B2_raw_api_docs.txt,/Users/zt25/coding/从 API 知识注入到源码图推理合成：PairCoder/Ollama问题存在性实验/result/simplug_7b_5model_comparison/generations/qwen2.5-coder_7b__simplug-T003__B2_raw_api_docs_run3.py
3,simplug-T003,B3_oracle_api_sequence,qwen2.5-coder:7b,2.98,True,False,True,wrong parameter semantics,sp.disable receives plugin object variable instead of name string; sp.disable should receive plugin name strings ['beta'],"{""plugins_context_args"": [], ""disable_args"": [[""sp"", [""beta""]]], ""get_plugin_assigns"": {}, ""get_plugin_bad_arg_vars"": [], ""wrapper_disable_vars"": [], ""hook_receivers"": [""sp""]}",/Users/zt25/coding/从 API 知识注入到源码图推理合成：PairCoder/Ollama问题存在性实验/result/simplug_7b_5model_comparison/prompts/qwen2.5-coder_7b__simplug-T003__B3_oracle_api_sequence.txt,/Users/zt25/coding/从 API 知识注入到源码图推理合成：PairCoder/Ollama问题存在性实验/result/simplug_7b_5model_comparison/generations/qwen2.5-coder_7b__simplug-T003__B3_oracle_api_sequence_run3.py
3,simplug-T003,B4_gold_pair_rule,qwen2.5-coder:7b,4.55,True,True,False,,,"{""plugins_context_args"": [], ""disable_args"": [[""sp"", [""'beta'""]]], ""get_plugin_assigns"": {}, ""get_plugin_bad_arg_vars"": [], ""wrapper_disable_vars"": [], ""hook_receivers"": [""sp""]}",/Users/zt25/coding/从 API 知识注入到源码图推理合成：PairCoder/Ollama问题存在性实验/result/simplug_7b_5model_comparison/prompts/qwen2.5-coder_7b__simplug-T003__B4_gold_pair_rule.txt,/Users/zt25/coding/从 API 知识注入到源码图推理合成：PairCoder/Ollama问题存在性实验/result/simplug_7b_5model_comparison/generations/qwen2.5-coder_7b__simplug-T003__B4_gold_pair_rule_run3.py
3,simplug-T004,B0_direct,qwen2.5-coder:7b,3.48,True,False,True,broken data flow,missing sp.get_plugin('beta') assignment,"{""plugins_context_args"": [], ""disable_args"": [[""wrapper"", []]], ""get_plugin_assigns"": {}, ""get_plugin_bad_arg_vars"": [], ""wrapper_disable_vars"": [], ""hook_receivers"": [""sp""]}",/Users/zt25/coding/从 API 知识注入到源码图推理合成：PairCoder/Ollama问题存在性实验/result/simplug_7b_5model_comparison/prompts/qwen2.5-coder_7b__simplug-T004__B0_direct.txt,/Users/zt25/coding/从 API 知识注入到源码图推理合成：PairCoder/Ollama问题存在性实验/result/simplug_7b_5model_comparison/generations/qwen2.5-coder_7b__simplug-T004__B0_direct_run3.py
3,simplug-T004,B1_api_list,qwen2.5-coder:7b,4.77,True,False,True,wrong parameter semantics,sp.get_plugin called with non-string argument; pass the plugin name string 'beta',"{""plugins_context_args"": [""[]""], ""disable_args"": [[""wrapper"", []]], ""get_plugin_assigns"": {}, ""get_plugin_bad_arg_vars"": [""wrapper""], ""wrapper_disable_vars"": [], ""hook_receivers"": [""sp""]}",/Users/zt25/coding/从 API 知识注入到源码图推理合成：PairCoder/Ollama问题存在性实验/result/simplug_7b_5model_comparison/prompts/qwen2.5-coder_7b__simplug-T004__B1_api_list.txt,/Users/zt25/coding/从 API 知识注入到源码图推理合成：PairCoder/Ollama问题存在性实验/result/simplug_7b_5model_comparison/generations/qwen2.5-coder_7b__simplug-T004__B1_api_list_run3.py
3,simplug-T004,B2_raw_api_docs,qwen2.5-coder:7b,4.72,True,False,True,broken data flow,missing sp.get_plugin('beta') assignment,"{""plugins_context_args"": [], ""disable_args"": [], ""get_plugin_assigns"": {}, ""get_plugin_bad_arg_vars"": [], ""wrapper_disable_vars"": [], ""hook_receivers"": [""sp""]}",/Users/zt25/coding/从 API 知识注入到源码图推理合成：PairCoder/Ollama问题存在性实验/result/simplug_7b_5model_comparison/prompts/qwen2.5-coder_7b__simplug-T004__B2_raw_api_docs.txt,/Users/zt25/coding/从 API 知识注入到源码图推理合成：PairCoder/Ollama问题存在性实验/result/simplug_7b_5model_comparison/generations/qwen2.5-coder_7b__simplug-T004__B2_raw_api_docs_run3.py
3,simplug-T004,B3_oracle_api_sequence,qwen2.5-coder:7b,3.54,True,False,True,wrong parameter semantics,sp.get_plugin called with non-string argument; pass the plugin name string 'beta',"{""plugins_context_args"": [], ""disable_args"": [[""wrapper"", []]], ""get_plugin_assigns"": {}, ""get_plugin_bad_arg_vars"": [""wrapper""], ""wrapper_disable_vars"": [], ""hook_receivers"": [""sp""]}",/Users/zt25/coding/从 API 知识注入到源码图推理合成：PairCoder/Ollama问题存在性实验/result/simplug_7b_5model_comparison/prompts/qwen2.5-coder_7b__simplug-T004__B3_oracle_api_sequence.txt,/Users/zt25/coding/从 API 知识注入到源码图推理合成：PairCoder/Ollama问题存在性实验/result/simplug_7b_5model_comparison/generations/qwen2.5-coder_7b__simplug-T004__B3_oracle_api_sequence_run3.py
3,simplug-T004,B4_gold_pair_rule,qwen2.5-coder:7b,4.38,True,True,False,,,"{""plugins_context_args"": [], ""disable_args"": [[""wrapper"", []]], ""get_plugin_assigns"": {""wrapper"": ""beta""}, ""get_plugin_bad_arg_vars"": [], ""wrapper_disable_vars"": [""wrapper""], ""hook_receivers"": [""sp""]}",/Users/zt25/coding/从 API 知识注入到源码图推理合成：PairCoder/Ollama问题存在性实验/result/simplug_7b_5model_comparison/prompts/qwen2.5-coder_7b__simplug-T004__B4_gold_pair_rule.txt,/Users/zt25/coding/从 API 知识注入到源码图推理合成：PairCoder/Ollama问题存在性实验/result/simplug_7b_5model_comparison/generations/qwen2.5-coder_7b__simplug-T004__B4_gold_pair_rule_run3.py
3,simplug-T005,B0_direct,qwen2.5-coder:7b,5.54,True,False,True,missing API call,missing sp.plugins_context,"{""plugins_context_args"": [], ""disable_args"": [], ""get_plugin_assigns"": {}, ""get_plugin_bad_arg_vars"": [], ""wrapper_disable_vars"": [], ""hook_receivers"": [""sp"", ""sp""]}",/Users/zt25/coding/从 API 知识注入到源码图推理合成：PairCoder/Ollama问题存在性实验/result/simplug_7b_5model_comparison/prompts/qwen2.5-coder_7b__simplug-T005__B0_direct.txt,/Users/zt25/coding/从 API 知识注入到源码图推理合成：PairCoder/Ollama问题存在性实验/result/simplug_7b_5model_comparison/generations/qwen2.5-coder_7b__simplug-T005__B0_direct_run3.py
3,simplug-T005,B1_api_list,qwen2.5-coder:7b,6.30,True,False,True,wrong parameter semantics,plugins_context receives plugin object variable instead of name string; plugins_context should receive plugin name strings ['beta'],"{""plugins_context_args"": [""[beta]""], ""disable_args"": [], ""get_plugin_assigns"": {}, ""get_plugin_bad_arg_vars"": [], ""wrapper_disable_vars"": [], ""hook_receivers"": [""sp"", ""sp""]}",/Users/zt25/coding/从 API 知识注入到源码图推理合成：PairCoder/Ollama问题存在性实验/result/simplug_7b_5model_comparison/prompts/qwen2.5-coder_7b__simplug-T005__B1_api_list.txt,/Users/zt25/coding/从 API 知识注入到源码图推理合成：PairCoder/Ollama问题存在性实验/result/simplug_7b_5model_comparison/generations/qwen2.5-coder_7b__simplug-T005__B1_api_list_run3.py
3,simplug-T005,B2_raw_api_docs,qwen2.5-coder:7b,6.07,True,False,True,missing API call,missing sp.plugins_context,"{""plugins_context_args"": [], ""disable_args"": [], ""get_plugin_assigns"": {}, ""get_plugin_bad_arg_vars"": [], ""wrapper_disable_vars"": [], ""hook_receivers"": [""sp"", ""sp""]}",/Users/zt25/coding/从 API 知识注入到源码图推理合成：PairCoder/Ollama问题存在性实验/result/simplug_7b_5model_comparison/prompts/qwen2.5-coder_7b__simplug-T005__B2_raw_api_docs.txt,/Users/zt25/coding/从 API 知识注入到源码图推理合成：PairCoder/Ollama问题存在性实验/result/simplug_7b_5model_comparison/generations/qwen2.5-coder_7b__simplug-T005__B2_raw_api_docs_run3.py
3,simplug-T005,B3_oracle_api_sequence,qwen2.5-coder:7b,4.53,True,False,True,missing API call,missing sp.plugins_context,"{""plugins_context_args"": [], ""disable_args"": [], ""get_plugin_assigns"": {}, ""get_plugin_bad_arg_vars"": [], ""wrapper_disable_vars"": [], ""hook_receivers"": [""sp"", ""sp""]}",/Users/zt25/coding/从 API 知识注入到源码图推理合成：PairCoder/Ollama问题存在性实验/result/simplug_7b_5model_comparison/prompts/qwen2.5-coder_7b__simplug-T005__B3_oracle_api_sequence.txt,/Users/zt25/coding/从 API 知识注入到源码图推理合成：PairCoder/Ollama问题存在性实验/result/simplug_7b_5model_comparison/generations/qwen2.5-coder_7b__simplug-T005__B3_oracle_api_sequence_run3.py
3,simplug-T005,B4_gold_pair_rule,qwen2.5-coder:7b,8.51,True,True,False,,,"{""plugins_context_args"": [""['beta']""], ""disable_args"": [[""sp"", [""'alpha'""]], [""sp"", [""'gamma'""]]], ""get_plugin_assigns"": {}, ""get_plugin_bad_arg_vars"": [], ""wrapper_disable_vars"": [], ""hook_receivers"": [""sp"", ""sp""]}",/Users/zt25/coding/从 API 知识注入到源码图推理合成：PairCoder/Ollama问题存在性实验/result/simplug_7b_5model_comparison/prompts/qwen2.5-coder_7b__simplug-T005__B4_gold_pair_rule.txt,/Users/zt25/coding/从 API 知识注入到源码图推理合成：PairCoder/Ollama问题存在性实验/result/simplug_7b_5model_comparison/generations/qwen2.5-coder_7b__simplug-T005__B4_gold_pair_rule_run3.py
3,simplug-T006,B0_direct,qwen2.5-coder:7b,3.69,True,False,True,missing API call,missing sp.disable call,"{""plugins_context_args"": [], ""disable_args"": [[""sp.hooks"", [""alpha""]], [""sp.hooks"", [""gamma""]]], ""get_plugin_assigns"": {}, ""get_plugin_bad_arg_vars"": [], ""wrapper_disable_vars"": [], ""hook_receivers"": [""sp""]}",/Users/zt25/coding/从 API 知识注入到源码图推理合成：PairCoder/Ollama问题存在性实验/result/simplug_7b_5model_comparison/prompts/qwen2.5-coder_7b__simplug-T006__B0_direct.txt,/Users/zt25/coding/从 API 知识注入到源码图推理合成：PairCoder/Ollama问题存在性实验/result/simplug_7b_5model_comparison/generations/qwen2.5-coder_7b__simplug-T006__B0_direct_run3.py
3,simplug-T006,B1_api_list,qwen2.5-coder:7b,3.80,True,False,True,missing API call; wrong API pattern,missing sp.disable call; unexpected sp.plugins_context in a disable-by-name task; use sp.disable instead,"{""plugins_context_args"": [""[beta]""], ""disable_args"": [], ""get_plugin_assigns"": {}, ""get_plugin_bad_arg_vars"": [], ""wrapper_disable_vars"": [], ""hook_receivers"": [""sp""]}",/Users/zt25/coding/从 API 知识注入到源码图推理合成：PairCoder/Ollama问题存在性实验/result/simplug_7b_5model_comparison/prompts/qwen2.5-coder_7b__simplug-T006__B1_api_list.txt,/Users/zt25/coding/从 API 知识注入到源码图推理合成：PairCoder/Ollama问题存在性实验/result/simplug_7b_5model_comparison/generations/qwen2.5-coder_7b__simplug-T006__B1_api_list_run3.py
3,simplug-T006,B2_raw_api_docs,qwen2.5-coder:7b,3.60,True,False,True,missing API call,missing sp.disable call,"{""plugins_context_args"": [], ""disable_args"": [[""alpha"", []], [""gamma"", []]], ""get_plugin_assigns"": {}, ""get_plugin_bad_arg_vars"": [], ""wrapper_disable_vars"": [], ""hook_receivers"": [""sp""]}",/Users/zt25/coding/从 API 知识注入到源码图推理合成：PairCoder/Ollama问题存在性实验/result/simplug_7b_5model_comparison/prompts/qwen2.5-coder_7b__simplug-T006__B2_raw_api_docs.txt,/Users/zt25/coding/从 API 知识注入到源码图推理合成：PairCoder/Ollama问题存在性实验/result/simplug_7b_5model_comparison/generations/qwen2.5-coder_7b__simplug-T006__B2_raw_api_docs_run3.py
3,simplug-T006,B3_oracle_api_sequence,qwen2.5-coder:7b,3.17,True,False,True,wrong parameter semantics,"sp.disable receives plugin object variable instead of name string; sp.disable should receive plugin name strings ['alpha', 'gamma']","{""plugins_context_args"": [], ""disable_args"": [[""sp"", [""alpha""]], [""sp"", [""gamma""]]], ""get_plugin_assigns"": {}, ""get_plugin_bad_arg_vars"": [], ""wrapper_disable_vars"": [], ""hook_receivers"": [""sp""]}",/Users/zt25/coding/从 API 知识注入到源码图推理合成：PairCoder/Ollama问题存在性实验/result/simplug_7b_5model_comparison/prompts/qwen2.5-coder_7b__simplug-T006__B3_oracle_api_sequence.txt,/Users/zt25/coding/从 API 知识注入到源码图推理合成：PairCoder/Ollama问题存在性实验/result/simplug_7b_5model_comparison/generations/qwen2.5-coder_7b__simplug-T006__B3_oracle_api_sequence_run3.py
3,simplug-T006,B4_gold_pair_rule,qwen2.5-coder:7b,4.98,True,True,False,,,"{""plugins_context_args"": [], ""disable_args"": [[""sp"", [""'alpha'""]], [""sp"", [""'gamma'""]]], ""get_plugin_assigns"": {}, ""get_plugin_bad_arg_vars"": [], ""wrapper_disable_vars"": [], ""hook_receivers"": [""sp""]}",/Users/zt25/coding/从 API 知识注入到源码图推理合成：PairCoder/Ollama问题存在性实验/result/simplug_7b_5model_comparison/prompts/qwen2.5-coder_7b__simplug-T006__B4_gold_pair_rule.txt,/Users/zt25/coding/从 API 知识注入到源码图推理合成：PairCoder/Ollama问题存在性实验/result/simplug_7b_5model_comparison/generations/qwen2.5-coder_7b__simplug-T006__B4_gold_pair_rule_run3.py
3,simplug-T001,B0_direct,llama3.1:8b,7.07,True,False,True,missing API call,missing sp.plugins_context,"{""plugins_context_args"": [], ""disable_args"": [], ""get_plugin_assigns"": {}, ""get_plugin_bad_arg_vars"": [], ""wrapper_disable_vars"": [], ""hook_receivers"": [""sp""]}",/Users/zt25/coding/从 API 知识注入到源码图推理合成：PairCoder/Ollama问题存在性实验/result/simplug_7b_5model_comparison/prompts/llama3.1_8b__simplug-T001__B0_direct.txt,/Users/zt25/coding/从 API 知识注入到源码图推理合成：PairCoder/Ollama问题存在性实验/result/simplug_7b_5model_comparison/generations/llama3.1_8b__simplug-T001__B0_direct_run3.py
3,simplug-T001,B1_api_list,llama3.1:8b,2.40,True,False,True,wrong parameter semantics,plugins_context receives plugin object variable instead of name string; plugins_context should receive plugin name strings ['beta'],"{""plugins_context_args"": [""[beta]""], ""disable_args"": [], ""get_plugin_assigns"": {}, ""get_plugin_bad_arg_vars"": [], ""wrapper_disable_vars"": [], ""hook_receivers"": [""sp""]}",/Users/zt25/coding/从 API 知识注入到源码图推理合成：PairCoder/Ollama问题存在性实验/result/simplug_7b_5model_comparison/prompts/llama3.1_8b__simplug-T001__B1_api_list.txt,/Users/zt25/coding/从 API 知识注入到源码图推理合成：PairCoder/Ollama问题存在性实验/result/simplug_7b_5model_comparison/generations/llama3.1_8b__simplug-T001__B1_api_list_run3.py
3,simplug-T001,B2_raw_api_docs,llama3.1:8b,2.94,True,False,True,missing API call,missing sp.plugins_context,"{""plugins_context_args"": [], ""disable_args"": [], ""get_plugin_assigns"": {}, ""get_plugin_bad_arg_vars"": [], ""wrapper_disable_vars"": [], ""hook_receivers"": [""sp""]}",/Users/zt25/coding/从 API 知识注入到源码图推理合成：PairCoder/Ollama问题存在性实验/result/simplug_7b_5model_comparison/prompts/llama3.1_8b__simplug-T001__B2_raw_api_docs.txt,/Users/zt25/coding/从 API 知识注入到源码图推理合成：PairCoder/Ollama问题存在性实验/result/simplug_7b_5model_comparison/generations/llama3.1_8b__simplug-T001__B2_raw_api_docs_run3.py
3,simplug-T001,B3_oracle_api_sequence,llama3.1:8b,2.40,True,False,True,missing API call,missing sp.plugins_context,"{""plugins_context_args"": [], ""disable_args"": [], ""get_plugin_assigns"": {}, ""get_plugin_bad_arg_vars"": [], ""wrapper_disable_vars"": [], ""hook_receivers"": [""sp""]}",/Users/zt25/coding/从 API 知识注入到源码图推理合成：PairCoder/Ollama问题存在性实验/result/simplug_7b_5model_comparison/prompts/llama3.1_8b__simplug-T001__B3_oracle_api_sequence.txt,/Users/zt25/coding/从 API 知识注入到源码图推理合成：PairCoder/Ollama问题存在性实验/result/simplug_7b_5model_comparison/generations/llama3.1_8b__simplug-T001__B3_oracle_api_sequence_run3.py
3,simplug-T001,B4_gold_pair_rule,llama3.1:8b,3.42,True,True,False,,,"{""plugins_context_args"": [""['beta']""], ""disable_args"": [], ""get_plugin_assigns"": {}, ""get_plugin_bad_arg_vars"": [], ""wrapper_disable_vars"": [], ""hook_receivers"": [""sp""]}",/Users/zt25/coding/从 API 知识注入到源码图推理合成：PairCoder/Ollama问题存在性实验/result/simplug_7b_5model_comparison/prompts/llama3.1_8b__simplug-T001__B4_gold_pair_rule.txt,/Users/zt25/coding/从 API 知识注入到源码图推理合成：PairCoder/Ollama问题存在性实验/result/simplug_7b_5model_comparison/generations/llama3.1_8b__simplug-T001__B4_gold_pair_rule_run3.py
3,simplug-T002,B0_direct,llama3.1:8b,4.91,True,False,True,missing API call,missing sp.plugins_context,"{""plugins_context_args"": [], ""disable_args"": [], ""get_plugin_assigns"": {}, ""get_plugin_bad_arg_vars"": [], ""wrapper_disable_vars"": [], ""hook_receivers"": [""sp""]}",/Users/zt25/coding/从 API 知识注入到源码图推理合成：PairCoder/Ollama问题存在性实验/result/simplug_7b_5model_comparison/prompts/llama3.1_8b__simplug-T002__B0_direct.txt,/Users/zt25/coding/从 API 知识注入到源码图推理合成：PairCoder/Ollama问题存在性实验/result/simplug_7b_5model_comparison/generations/llama3.1_8b__simplug-T002__B0_direct_run3.py
3,simplug-T002,B1_api_list,llama3.1:8b,3.11,True,False,True,wrong parameter semantics,"plugins_context receives plugin object variable instead of name string; plugins_context should receive plugin name strings ['alpha', 'gamma']","{""plugins_context_args"": [""[alpha, gamma]""], ""disable_args"": [], ""get_plugin_assigns"": {}, ""get_plugin_bad_arg_vars"": [], ""wrapper_disable_vars"": [], ""hook_receivers"": [""sp""]}",/Users/zt25/coding/从 API 知识注入到源码图推理合成：PairCoder/Ollama问题存在性实验/result/simplug_7b_5model_comparison/prompts/llama3.1_8b__simplug-T002__B1_api_list.txt,/Users/zt25/coding/从 API 知识注入到源码图推理合成：PairCoder/Ollama问题存在性实验/result/simplug_7b_5model_comparison/generations/llama3.1_8b__simplug-T002__B1_api_list_run3.py
3,simplug-T002,B2_raw_api_docs,llama3.1:8b,2.92,True,False,True,missing API call,missing sp.plugins_context,"{""plugins_context_args"": [], ""disable_args"": [], ""get_plugin_assigns"": {}, ""get_plugin_bad_arg_vars"": [], ""wrapper_disable_vars"": [], ""hook_receivers"": [""sp""]}",/Users/zt25/coding/从 API 知识注入到源码图推理合成：PairCoder/Ollama问题存在性实验/result/simplug_7b_5model_comparison/prompts/llama3.1_8b__simplug-T002__B2_raw_api_docs.txt,/Users/zt25/coding/从 API 知识注入到源码图推理合成：PairCoder/Ollama问题存在性实验/result/simplug_7b_5model_comparison/generations/llama3.1_8b__simplug-T002__B2_raw_api_docs_run3.py
3,simplug-T002,B3_oracle_api_sequence,llama3.1:8b,2.35,True,False,True,missing API call,missing sp.plugins_context,"{""plugins_context_args"": [], ""disable_args"": [], ""get_plugin_assigns"": {}, ""get_plugin_bad_arg_vars"": [], ""wrapper_disable_vars"": [], ""hook_receivers"": [""sp""]}",/Users/zt25/coding/从 API 知识注入到源码图推理合成：PairCoder/Ollama问题存在性实验/result/simplug_7b_5model_comparison/prompts/llama3.1_8b__simplug-T002__B3_oracle_api_sequence.txt,/Users/zt25/coding/从 API 知识注入到源码图推理合成：PairCoder/Ollama问题存在性实验/result/simplug_7b_5model_comparison/generations/llama3.1_8b__simplug-T002__B3_oracle_api_sequence_run3.py
3,simplug-T002,B4_gold_pair_rule,llama3.1:8b,3.63,True,True,False,,,"{""plugins_context_args"": [""['alpha', 'gamma']""], ""disable_args"": [], ""get_plugin_assigns"": {}, ""get_plugin_bad_arg_vars"": [], ""wrapper_disable_vars"": [], ""hook_receivers"": [""sp""]}",/Users/zt25/coding/从 API 知识注入到源码图推理合成：PairCoder/Ollama问题存在性实验/result/simplug_7b_5model_comparison/prompts/llama3.1_8b__simplug-T002__B4_gold_pair_rule.txt,/Users/zt25/coding/从 API 知识注入到源码图推理合成：PairCoder/Ollama问题存在性实验/result/simplug_7b_5model_comparison/generations/llama3.1_8b__simplug-T002__B4_gold_pair_rule_run3.py
3,simplug-T003,B0_direct,llama3.1:8b,2.72,True,False,True,missing API call,missing sp.disable call,"{""plugins_context_args"": [], ""disable_args"": [], ""get_plugin_assigns"": {}, ""get_plugin_bad_arg_vars"": [], ""wrapper_disable_vars"": [], ""hook_receivers"": [""sp""]}",/Users/zt25/coding/从 API 知识注入到源码图推理合成：PairCoder/Ollama问题存在性实验/result/simplug_7b_5model_comparison/prompts/llama3.1_8b__simplug-T003__B0_direct.txt,/Users/zt25/coding/从 API 知识注入到源码图推理合成：PairCoder/Ollama问题存在性实验/result/simplug_7b_5model_comparison/generations/llama3.1_8b__simplug-T003__B0_direct_run3.py
3,simplug-T003,B1_api_list,llama3.1:8b,3.16,True,False,True,missing API call,missing sp.disable call,"{""plugins_context_args"": [], ""disable_args"": [], ""get_plugin_assigns"": {}, ""get_plugin_bad_arg_vars"": [], ""wrapper_disable_vars"": [], ""hook_receivers"": [""sp""]}",/Users/zt25/coding/从 API 知识注入到源码图推理合成：PairCoder/Ollama问题存在性实验/result/simplug_7b_5model_comparison/prompts/llama3.1_8b__simplug-T003__B1_api_list.txt,/Users/zt25/coding/从 API 知识注入到源码图推理合成：PairCoder/Ollama问题存在性实验/result/simplug_7b_5model_comparison/generations/llama3.1_8b__simplug-T003__B1_api_list_run3.py
3,simplug-T003,B2_raw_api_docs,llama3.1:8b,3.18,True,False,True,wrong parameter semantics,sp.disable should receive plugin name strings ['beta'],"{""plugins_context_args"": [], ""disable_args"": [[""sp"", [""beta.name""]]], ""get_plugin_assigns"": {}, ""get_plugin_bad_arg_vars"": [], ""wrapper_disable_vars"": [], ""hook_receivers"": [""sp""]}",/Users/zt25/coding/从 API 知识注入到源码图推理合成：PairCoder/Ollama问题存在性实验/result/simplug_7b_5model_comparison/prompts/llama3.1_8b__simplug-T003__B2_raw_api_docs.txt,/Users/zt25/coding/从 API 知识注入到源码图推理合成：PairCoder/Ollama问题存在性实验/result/simplug_7b_5model_comparison/generations/llama3.1_8b__simplug-T003__B2_raw_api_docs_run3.py
3,simplug-T003,B3_oracle_api_sequence,llama3.1:8b,2.77,True,False,True,wrong parameter semantics,sp.disable receives plugin object variable instead of name string; sp.disable should receive plugin name strings ['beta'],"{""plugins_context_args"": [], ""disable_args"": [[""sp"", [""beta""]]], ""get_plugin_assigns"": {}, ""get_plugin_bad_arg_vars"": [], ""wrapper_disable_vars"": [], ""hook_receivers"": [""sp""]}",/Users/zt25/coding/从 API 知识注入到源码图推理合成：PairCoder/Ollama问题存在性实验/result/simplug_7b_5model_comparison/prompts/llama3.1_8b__simplug-T003__B3_oracle_api_sequence.txt,/Users/zt25/coding/从 API 知识注入到源码图推理合成：PairCoder/Ollama问题存在性实验/result/simplug_7b_5model_comparison/generations/llama3.1_8b__simplug-T003__B3_oracle_api_sequence_run3.py
3,simplug-T003,B4_gold_pair_rule,llama3.1:8b,4.24,True,True,False,,,"{""plugins_context_args"": [], ""disable_args"": [[""sp"", [""'beta'""]]], ""get_plugin_assigns"": {}, ""get_plugin_bad_arg_vars"": [], ""wrapper_disable_vars"": [], ""hook_receivers"": [""sp""]}",/Users/zt25/coding/从 API 知识注入到源码图推理合成：PairCoder/Ollama问题存在性实验/result/simplug_7b_5model_comparison/prompts/llama3.1_8b__simplug-T003__B4_gold_pair_rule.txt,/Users/zt25/coding/从 API 知识注入到源码图推理合成：PairCoder/Ollama问题存在性实验/result/simplug_7b_5model_comparison/generations/llama3.1_8b__simplug-T003__B4_gold_pair_rule_run3.py
3,simplug-T004,B0_direct,llama3.1:8b,2.88,True,False,True,broken data flow,missing sp.get_plugin('beta') assignment,"{""plugins_context_args"": [], ""disable_args"": [[""beta_wrapper"", []]], ""get_plugin_assigns"": {""beta_wrapper"": ""score""}, ""get_plugin_bad_arg_vars"": [], ""wrapper_disable_vars"": [""beta_wrapper""], ""hook_receivers"": [""sp""]}",/Users/zt25/coding/从 API 知识注入到源码图推理合成：PairCoder/Ollama问题存在性实验/result/simplug_7b_5model_comparison/prompts/llama3.1_8b__simplug-T004__B0_direct.txt,/Users/zt25/coding/从 API 知识注入到源码图推理合成：PairCoder/Ollama问题存在性实验/result/simplug_7b_5model_comparison/generations/llama3.1_8b__simplug-T004__B0_direct_run3.py
3,simplug-T004,B1_api_list,llama3.1:8b,3.97,True,False,True,broken data flow,missing sp.get_plugin('beta') assignment,"{""plugins_context_args"": [""[beta]""], ""disable_args"": [[""beta"", []]], ""get_plugin_assigns"": {}, ""get_plugin_bad_arg_vars"": [], ""wrapper_disable_vars"": [], ""hook_receivers"": [""sp""]}",/Users/zt25/coding/从 API 知识注入到源码图推理合成：PairCoder/Ollama问题存在性实验/result/simplug_7b_5model_comparison/prompts/llama3.1_8b__simplug-T004__B1_api_list.txt,/Users/zt25/coding/从 API 知识注入到源码图推理合成：PairCoder/Ollama问题存在性实验/result/simplug_7b_5model_comparison/generations/llama3.1_8b__simplug-T004__B1_api_list_run3.py
3,simplug-T004,B2_raw_api_docs,llama3.1:8b,3.79,True,False,True,broken data flow,missing sp.get_plugin('beta') assignment,"{""plugins_context_args"": [], ""disable_args"": [], ""get_plugin_assigns"": {}, ""get_plugin_bad_arg_vars"": [], ""wrapper_disable_vars"": [], ""hook_receivers"": [""sp""]}",/Users/zt25/coding/从 API 知识注入到源码图推理合成：PairCoder/Ollama问题存在性实验/result/simplug_7b_5model_comparison/prompts/llama3.1_8b__simplug-T004__B2_raw_api_docs.txt,/Users/zt25/coding/从 API 知识注入到源码图推理合成：PairCoder/Ollama问题存在性实验/result/simplug_7b_5model_comparison/generations/llama3.1_8b__simplug-T004__B2_raw_api_docs_run3.py
3,simplug-T004,B3_oracle_api_sequence,llama3.1:8b,2.78,True,False,True,wrong parameter semantics,sp.get_plugin called with non-string argument; pass the plugin name string 'beta',"{""plugins_context_args"": [], ""disable_args"": [[""beta_wrapper"", []]], ""get_plugin_assigns"": {}, ""get_plugin_bad_arg_vars"": [""beta_wrapper""], ""wrapper_disable_vars"": [], ""hook_receivers"": [""sp""]}",/Users/zt25/coding/从 API 知识注入到源码图推理合成：PairCoder/Ollama问题存在性实验/result/simplug_7b_5model_comparison/prompts/llama3.1_8b__simplug-T004__B3_oracle_api_sequence.txt,/Users/zt25/coding/从 API 知识注入到源码图推理合成：PairCoder/Ollama问题存在性实验/result/simplug_7b_5model_comparison/generations/llama3.1_8b__simplug-T004__B3_oracle_api_sequence_run3.py
3,simplug-T004,B4_gold_pair_rule,llama3.1:8b,4.66,True,False,True,broken data flow,missing sp.get_plugin('beta') assignment,"{""plugins_context_args"": [], ""disable_args"": [[""wrapper"", []]], ""get_plugin_assigns"": {}, ""get_plugin_bad_arg_vars"": [], ""wrapper_disable_vars"": [], ""hook_receivers"": [""sp""]}",/Users/zt25/coding/从 API 知识注入到源码图推理合成：PairCoder/Ollama问题存在性实验/result/simplug_7b_5model_comparison/prompts/llama3.1_8b__simplug-T004__B4_gold_pair_rule.txt,/Users/zt25/coding/从 API 知识注入到源码图推理合成：PairCoder/Ollama问题存在性实验/result/simplug_7b_5model_comparison/generations/llama3.1_8b__simplug-T004__B4_gold_pair_rule_run3.py
3,simplug-T005,B0_direct,llama3.1:8b,4.15,False,False,True,syntax_error,syntax_error,"expression cannot contain assignment, perhaps you meant ""==""? (<unknown>, line 2)",/Users/zt25/coding/从 API 知识注入到源码图推理合成：PairCoder/Ollama问题存在性实验/result/simplug_7b_5model_comparison/prompts/llama3.1_8b__simplug-T005__B0_direct.txt,/Users/zt25/coding/从 API 知识注入到源码图推理合成：PairCoder/Ollama问题存在性实验/result/simplug_7b_5model_comparison/generations/llama3.1_8b__simplug-T005__B0_direct_run3.py
3,simplug-T005,B1_api_list,llama3.1:8b,5.68,True,False,True,wrong parameter semantics,plugins_context receives plugin object variable instead of name string; plugins_context should receive plugin name strings ['beta'],"{""plugins_context_args"": [""[beta]""], ""disable_args"": [[""sp"", [""alpha"", ""gamma""]]], ""get_plugin_assigns"": {}, ""get_plugin_bad_arg_vars"": [], ""wrapper_disable_vars"": [], ""hook_receivers"": [""sp"", ""sp""]}",/Users/zt25/coding/从 API 知识注入到源码图推理合成：PairCoder/Ollama问题存在性实验/result/simplug_7b_5model_comparison/prompts/llama3.1_8b__simplug-T005__B1_api_list.txt,/Users/zt25/coding/从 API 知识注入到源码图推理合成：PairCoder/Ollama问题存在性实验/result/simplug_7b_5model_comparison/generations/llama3.1_8b__simplug-T005__B1_api_list_run3.py
3,simplug-T005,B2_raw_api_docs,llama3.1:8b,5.17,True,False,True,missing API call,missing sp.plugins_context,"{""plugins_context_args"": [], ""disable_args"": [], ""get_plugin_assigns"": {}, ""get_plugin_bad_arg_vars"": [], ""wrapper_disable_vars"": [], ""hook_receivers"": [""sp"", ""sp""]}",/Users/zt25/coding/从 API 知识注入到源码图推理合成：PairCoder/Ollama问题存在性实验/result/simplug_7b_5model_comparison/prompts/llama3.1_8b__simplug-T005__B2_raw_api_docs.txt,/Users/zt25/coding/从 API 知识注入到源码图推理合成：PairCoder/Ollama问题存在性实验/result/simplug_7b_5model_comparison/generations/llama3.1_8b__simplug-T005__B2_raw_api_docs_run3.py
3,simplug-T005,B3_oracle_api_sequence,llama3.1:8b,4.30,True,False,True,missing API call,missing sp.plugins_context,"{""plugins_context_args"": [], ""disable_args"": [], ""get_plugin_assigns"": {}, ""get_plugin_bad_arg_vars"": [], ""wrapper_disable_vars"": [], ""hook_receivers"": [""sp"", ""sp""]}",/Users/zt25/coding/从 API 知识注入到源码图推理合成：PairCoder/Ollama问题存在性实验/result/simplug_7b_5model_comparison/prompts/llama3.1_8b__simplug-T005__B3_oracle_api_sequence.txt,/Users/zt25/coding/从 API 知识注入到源码图推理合成：PairCoder/Ollama问题存在性实验/result/simplug_7b_5model_comparison/generations/llama3.1_8b__simplug-T005__B3_oracle_api_sequence_run3.py
3,simplug-T005,B4_gold_pair_rule,llama3.1:8b,6.39,True,True,False,,,"{""plugins_context_args"": [""['beta']""], ""disable_args"": [[""sp"", [""'beta'""]]], ""get_plugin_assigns"": {}, ""get_plugin_bad_arg_vars"": [], ""wrapper_disable_vars"": [], ""hook_receivers"": [""sp"", ""sp""]}",/Users/zt25/coding/从 API 知识注入到源码图推理合成：PairCoder/Ollama问题存在性实验/result/simplug_7b_5model_comparison/prompts/llama3.1_8b__simplug-T005__B4_gold_pair_rule.txt,/Users/zt25/coding/从 API 知识注入到源码图推理合成：PairCoder/Ollama问题存在性实验/result/simplug_7b_5model_comparison/generations/llama3.1_8b__simplug-T005__B4_gold_pair_rule_run3.py
3,simplug-T006,B0_direct,llama3.1:8b,3.38,True,False,True,missing API call,missing sp.disable call,"{""plugins_context_args"": [], ""disable_args"": [], ""get_plugin_assigns"": {}, ""get_plugin_bad_arg_vars"": [], ""wrapper_disable_vars"": [], ""hook_receivers"": [""sp""]}",/Users/zt25/coding/从 API 知识注入到源码图推理合成：PairCoder/Ollama问题存在性实验/result/simplug_7b_5model_comparison/prompts/llama3.1_8b__simplug-T006__B0_direct.txt,/Users/zt25/coding/从 API 知识注入到源码图推理合成：PairCoder/Ollama问题存在性实验/result/simplug_7b_5model_comparison/generations/llama3.1_8b__simplug-T006__B0_direct_run3.py
3,simplug-T006,B1_api_list,llama3.1:8b,3.92,True,False,True,missing API call,missing sp.disable call,"{""plugins_context_args"": [], ""disable_args"": [], ""get_plugin_assigns"": {}, ""get_plugin_bad_arg_vars"": [], ""wrapper_disable_vars"": [], ""hook_receivers"": [""sp""]}",/Users/zt25/coding/从 API 知识注入到源码图推理合成：PairCoder/Ollama问题存在性实验/result/simplug_7b_5model_comparison/prompts/llama3.1_8b__simplug-T006__B1_api_list.txt,/Users/zt25/coding/从 API 知识注入到源码图推理合成：PairCoder/Ollama问题存在性实验/result/simplug_7b_5model_comparison/generations/llama3.1_8b__simplug-T006__B1_api_list_run3.py
3,simplug-T006,B2_raw_api_docs,llama3.1:8b,3.94,True,False,True,wrong parameter semantics,"sp.disable should receive plugin name strings ['alpha', 'gamma']","{""plugins_context_args"": [], ""disable_args"": [[""sp"", [""alpha.name"", ""gamma.name""]]], ""get_plugin_assigns"": {}, ""get_plugin_bad_arg_vars"": [], ""wrapper_disable_vars"": [], ""hook_receivers"": [""sp""]}",/Users/zt25/coding/从 API 知识注入到源码图推理合成：PairCoder/Ollama问题存在性实验/result/simplug_7b_5model_comparison/prompts/llama3.1_8b__simplug-T006__B2_raw_api_docs.txt,/Users/zt25/coding/从 API 知识注入到源码图推理合成：PairCoder/Ollama问题存在性实验/result/simplug_7b_5model_comparison/generations/llama3.1_8b__simplug-T006__B2_raw_api_docs_run3.py
3,simplug-T006,B3_oracle_api_sequence,llama3.1:8b,3.20,True,False,True,wrong parameter semantics,"sp.disable receives plugin object variable instead of name string; sp.disable should receive plugin name strings ['alpha', 'gamma']","{""plugins_context_args"": [], ""disable_args"": [[""sp"", [""alpha""]], [""sp"", [""gamma""]]], ""get_plugin_assigns"": {}, ""get_plugin_bad_arg_vars"": [], ""wrapper_disable_vars"": [], ""hook_receivers"": [""sp""]}",/Users/zt25/coding/从 API 知识注入到源码图推理合成：PairCoder/Ollama问题存在性实验/result/simplug_7b_5model_comparison/prompts/llama3.1_8b__simplug-T006__B3_oracle_api_sequence.txt,/Users/zt25/coding/从 API 知识注入到源码图推理合成：PairCoder/Ollama问题存在性实验/result/simplug_7b_5model_comparison/generations/llama3.1_8b__simplug-T006__B3_oracle_api_sequence_run3.py
3,simplug-T006,B4_gold_pair_rule,llama3.1:8b,4.40,True,False,True,wrong parameter semantics,"sp.disable should receive plugin name strings ['alpha', 'gamma']","{""plugins_context_args"": [], ""disable_args"": [[""sp"", [""alpha.name""]], [""sp"", [""gamma.name""]]], ""get_plugin_assigns"": {}, ""get_plugin_bad_arg_vars"": [], ""wrapper_disable_vars"": [], ""hook_receivers"": [""sp""]}",/Users/zt25/coding/从 API 知识注入到源码图推理合成：PairCoder/Ollama问题存在性实验/result/simplug_7b_5model_comparison/prompts/llama3.1_8b__simplug-T006__B4_gold_pair_rule.txt,/Users/zt25/coding/从 API 知识注入到源码图推理合成：PairCoder/Ollama问题存在性实验/result/simplug_7b_5model_comparison/generations/llama3.1_8b__simplug-T006__B4_gold_pair_rule_run3.py
3,simplug-T001,B0_direct,gemma2:9b,10.85,True,False,True,missing API call,missing sp.plugins_context,"{""plugins_context_args"": [], ""disable_args"": [], ""get_plugin_assigns"": {}, ""get_plugin_bad_arg_vars"": [], ""wrapper_disable_vars"": [], ""hook_receivers"": [""sp""]}",/Users/zt25/coding/从 API 知识注入到源码图推理合成：PairCoder/Ollama问题存在性实验/result/simplug_7b_5model_comparison/prompts/gemma2_9b__simplug-T001__B0_direct.txt,/Users/zt25/coding/从 API 知识注入到源码图推理合成：PairCoder/Ollama问题存在性实验/result/simplug_7b_5model_comparison/generations/gemma2_9b__simplug-T001__B0_direct_run3.py
3,simplug-T001,B1_api_list,gemma2:9b,4.27,True,False,True,wrong parameter semantics,plugins_context should receive plugin name strings ['beta'],"{""plugins_context_args"": [""[sp.get_plugin('beta')]""], ""disable_args"": [], ""get_plugin_assigns"": {}, ""get_plugin_bad_arg_vars"": [], ""wrapper_disable_vars"": [], ""hook_receivers"": [""sp""]}",/Users/zt25/coding/从 API 知识注入到源码图推理合成：PairCoder/Ollama问题存在性实验/result/simplug_7b_5model_comparison/prompts/gemma2_9b__simplug-T001__B1_api_list.txt,/Users/zt25/coding/从 API 知识注入到源码图推理合成：PairCoder/Ollama问题存在性实验/result/simplug_7b_5model_comparison/generations/gemma2_9b__simplug-T001__B1_api_list_run3.py
3,simplug-T001,B2_raw_api_docs,gemma2:9b,4.79,True,False,True,missing API call,missing sp.plugins_context,"{""plugins_context_args"": [], ""disable_args"": [], ""get_plugin_assigns"": {}, ""get_plugin_bad_arg_vars"": [], ""wrapper_disable_vars"": [], ""hook_receivers"": [""sp""]}",/Users/zt25/coding/从 API 知识注入到源码图推理合成：PairCoder/Ollama问题存在性实验/result/simplug_7b_5model_comparison/prompts/gemma2_9b__simplug-T001__B2_raw_api_docs.txt,/Users/zt25/coding/从 API 知识注入到源码图推理合成：PairCoder/Ollama问题存在性实验/result/simplug_7b_5model_comparison/generations/gemma2_9b__simplug-T001__B2_raw_api_docs_run3.py
3,simplug-T001,B3_oracle_api_sequence,gemma2:9b,3.71,True,False,True,wrong parameter semantics,plugins_context receives plugin object variable instead of name string; plugins_context should receive plugin name strings ['beta'],"{""plugins_context_args"": [""[beta]""], ""disable_args"": [], ""get_plugin_assigns"": {}, ""get_plugin_bad_arg_vars"": [], ""wrapper_disable_vars"": [], ""hook_receivers"": [""sp""]}",/Users/zt25/coding/从 API 知识注入到源码图推理合成：PairCoder/Ollama问题存在性实验/result/simplug_7b_5model_comparison/prompts/gemma2_9b__simplug-T001__B3_oracle_api_sequence.txt,/Users/zt25/coding/从 API 知识注入到源码图推理合成：PairCoder/Ollama问题存在性实验/result/simplug_7b_5model_comparison/generations/gemma2_9b__simplug-T001__B3_oracle_api_sequence_run3.py
3,simplug-T001,B4_gold_pair_rule,gemma2:9b,6.09,True,True,False,,,"{""plugins_context_args"": [""['beta']""], ""disable_args"": [], ""get_plugin_assigns"": {}, ""get_plugin_bad_arg_vars"": [], ""wrapper_disable_vars"": [], ""hook_receivers"": [""sp""]}",/Users/zt25/coding/从 API 知识注入到源码图推理合成：PairCoder/Ollama问题存在性实验/result/simplug_7b_5model_comparison/prompts/gemma2_9b__simplug-T001__B4_gold_pair_rule.txt,/Users/zt25/coding/从 API 知识注入到源码图推理合成：PairCoder/Ollama问题存在性实验/result/simplug_7b_5model_comparison/generations/gemma2_9b__simplug-T001__B4_gold_pair_rule_run3.py
3,simplug-T002,B0_direct,gemma2:9b,5.49,True,False,True,missing API call,missing sp.plugins_context,"{""plugins_context_args"": [], ""disable_args"": [[""sp.hooks"", [""['alpha', 'gamma']""]]], ""get_plugin_assigns"": {}, ""get_plugin_bad_arg_vars"": [], ""wrapper_disable_vars"": [], ""hook_receivers"": [""sp""]}",/Users/zt25/coding/从 API 知识注入到源码图推理合成：PairCoder/Ollama问题存在性实验/result/simplug_7b_5model_comparison/prompts/gemma2_9b__simplug-T002__B0_direct.txt,/Users/zt25/coding/从 API 知识注入到源码图推理合成：PairCoder/Ollama问题存在性实验/result/simplug_7b_5model_comparison/generations/gemma2_9b__simplug-T002__B0_direct_run3.py
3,simplug-T002,B1_api_list,gemma2:9b,8.46,True,False,True,wrong parameter semantics,"plugins_context should receive plugin name strings ['alpha', 'gamma']","{""plugins_context_args"": [""{'alpha': sp.get_plugin('alpha'), 'gamma': sp.get_plugin('gamma')}""], ""disable_args"": [[""sp"", [""*[p for p in sp.plugins if p not in ('alpha', 'gamma')]""]]], ""get_plugin_assigns"": {}, ""get_plugin_bad_arg_vars"": [], ""wrapper_disable_vars"": [], ""hook_receivers"": [""sp""]}",/Users/zt25/coding/从 API 知识注入到源码图推理合成：PairCoder/Ollama问题存在性实验/result/simplug_7b_5model_comparison/prompts/gemma2_9b__simplug-T002__B1_api_list.txt,/Users/zt25/coding/从 API 知识注入到源码图推理合成：PairCoder/Ollama问题存在性实验/result/simplug_7b_5model_comparison/generations/gemma2_9b__simplug-T002__B1_api_list_run3.py
3,simplug-T002,B2_raw_api_docs,gemma2:9b,5.40,True,False,True,missing API call,missing sp.plugins_context,"{""plugins_context_args"": [], ""disable_args"": [], ""get_plugin_assigns"": {}, ""get_plugin_bad_arg_vars"": [], ""wrapper_disable_vars"": [], ""hook_receivers"": [""sp""]}",/Users/zt25/coding/从 API 知识注入到源码图推理合成：PairCoder/Ollama问题存在性实验/result/simplug_7b_5model_comparison/prompts/gemma2_9b__simplug-T002__B2_raw_api_docs.txt,/Users/zt25/coding/从 API 知识注入到源码图推理合成：PairCoder/Ollama问题存在性实验/result/simplug_7b_5model_comparison/generations/gemma2_9b__simplug-T002__B2_raw_api_docs_run3.py
3,simplug-T002,B3_oracle_api_sequence,gemma2:9b,4.91,True,False,True,missing API call,missing sp.plugins_context,"{""plugins_context_args"": [], ""disable_args"": [], ""get_plugin_assigns"": {}, ""get_plugin_bad_arg_vars"": [], ""wrapper_disable_vars"": [], ""hook_receivers"": [""sp""]}",/Users/zt25/coding/从 API 知识注入到源码图推理合成：PairCoder/Ollama问题存在性实验/result/simplug_7b_5model_comparison/prompts/gemma2_9b__simplug-T002__B3_oracle_api_sequence.txt,/Users/zt25/coding/从 API 知识注入到源码图推理合成：PairCoder/Ollama问题存在性实验/result/simplug_7b_5model_comparison/generations/gemma2_9b__simplug-T002__B3_oracle_api_sequence_run3.py
3,simplug-T002,B4_gold_pair_rule,gemma2:9b,6.73,True,True,False,,,"{""plugins_context_args"": [""['alpha', 'gamma']""], ""disable_args"": [], ""get_plugin_assigns"": {}, ""get_plugin_bad_arg_vars"": [], ""wrapper_disable_vars"": [], ""hook_receivers"": [""sp""]}",/Users/zt25/coding/从 API 知识注入到源码图推理合成：PairCoder/Ollama问题存在性实验/result/simplug_7b_5model_comparison/prompts/gemma2_9b__simplug-T002__B4_gold_pair_rule.txt,/Users/zt25/coding/从 API 知识注入到源码图推理合成：PairCoder/Ollama问题存在性实验/result/simplug_7b_5model_comparison/generations/gemma2_9b__simplug-T002__B4_gold_pair_rule_run3.py
3,simplug-T003,B0_direct,gemma2:9b,4.31,True,False,True,missing API call,missing sp.disable call,"{""plugins_context_args"": [], ""disable_args"": [[""sp.hooks"", [""'beta'""]]], ""get_plugin_assigns"": {}, ""get_plugin_bad_arg_vars"": [], ""wrapper_disable_vars"": [], ""hook_receivers"": [""sp""]}",/Users/zt25/coding/从 API 知识注入到源码图推理合成：PairCoder/Ollama问题存在性实验/result/simplug_7b_5model_comparison/prompts/gemma2_9b__simplug-T003__B0_direct.txt,/Users/zt25/coding/从 API 知识注入到源码图推理合成：PairCoder/Ollama问题存在性实验/result/simplug_7b_5model_comparison/generations/gemma2_9b__simplug-T003__B0_direct_run3.py
3,simplug-T003,B1_api_list,gemma2:9b,5.36,True,True,False,,,"{""plugins_context_args"": [], ""disable_args"": [[""sp"", [""'beta'""]]], ""get_plugin_assigns"": {}, ""get_plugin_bad_arg_vars"": [], ""wrapper_disable_vars"": [], ""hook_receivers"": [""sp""]}",/Users/zt25/coding/从 API 知识注入到源码图推理合成：PairCoder/Ollama问题存在性实验/result/simplug_7b_5model_comparison/prompts/gemma2_9b__simplug-T003__B1_api_list.txt,/Users/zt25/coding/从 API 知识注入到源码图推理合成：PairCoder/Ollama问题存在性实验/result/simplug_7b_5model_comparison/generations/gemma2_9b__simplug-T003__B1_api_list_run3.py
3,simplug-T003,B2_raw_api_docs,gemma2:9b,5.43,True,True,False,,,"{""plugins_context_args"": [], ""disable_args"": [[""sp"", [""'beta'""]]], ""get_plugin_assigns"": {}, ""get_plugin_bad_arg_vars"": [], ""wrapper_disable_vars"": [], ""hook_receivers"": [""sp""]}",/Users/zt25/coding/从 API 知识注入到源码图推理合成：PairCoder/Ollama问题存在性实验/result/simplug_7b_5model_comparison/prompts/gemma2_9b__simplug-T003__B2_raw_api_docs.txt,/Users/zt25/coding/从 API 知识注入到源码图推理合成：PairCoder/Ollama问题存在性实验/result/simplug_7b_5model_comparison/generations/gemma2_9b__simplug-T003__B2_raw_api_docs_run3.py
3,simplug-T003,B3_oracle_api_sequence,gemma2:9b,4.21,True,True,False,,,"{""plugins_context_args"": [], ""disable_args"": [[""sp"", [""'beta'""]]], ""get_plugin_assigns"": {}, ""get_plugin_bad_arg_vars"": [], ""wrapper_disable_vars"": [], ""hook_receivers"": [""sp""]}",/Users/zt25/coding/从 API 知识注入到源码图推理合成：PairCoder/Ollama问题存在性实验/result/simplug_7b_5model_comparison/prompts/gemma2_9b__simplug-T003__B3_oracle_api_sequence.txt,/Users/zt25/coding/从 API 知识注入到源码图推理合成：PairCoder/Ollama问题存在性实验/result/simplug_7b_5model_comparison/generations/gemma2_9b__simplug-T003__B3_oracle_api_sequence_run3.py
3,simplug-T003,B4_gold_pair_rule,gemma2:9b,6.38,True,True,False,,,"{""plugins_context_args"": [], ""disable_args"": [[""sp"", [""'beta'""]]], ""get_plugin_assigns"": {}, ""get_plugin_bad_arg_vars"": [], ""wrapper_disable_vars"": [], ""hook_receivers"": [""sp""]}",/Users/zt25/coding/从 API 知识注入到源码图推理合成：PairCoder/Ollama问题存在性实验/result/simplug_7b_5model_comparison/prompts/gemma2_9b__simplug-T003__B4_gold_pair_rule.txt,/Users/zt25/coding/从 API 知识注入到源码图推理合成：PairCoder/Ollama问题存在性实验/result/simplug_7b_5model_comparison/generations/gemma2_9b__simplug-T003__B4_gold_pair_rule_run3.py
3,simplug-T004,B0_direct,gemma2:9b,5.60,True,False,True,broken data flow,missing sp.get_plugin('beta') assignment,"{""plugins_context_args"": [], ""disable_args"": [], ""get_plugin_assigns"": {}, ""get_plugin_bad_arg_vars"": [], ""wrapper_disable_vars"": [], ""hook_receivers"": [""sp""]}",/Users/zt25/coding/从 API 知识注入到源码图推理合成：PairCoder/Ollama问题存在性实验/result/simplug_7b_5model_comparison/prompts/gemma2_9b__simplug-T004__B0_direct.txt,/Users/zt25/coding/从 API 知识注入到源码图推理合成：PairCoder/Ollama问题存在性实验/result/simplug_7b_5model_comparison/generations/gemma2_9b__simplug-T004__B0_direct_run3.py
3,simplug-T004,B1_api_list,gemma2:9b,7.29,True,False,True,wrong parameter semantics,sp.get_plugin called with non-string argument; pass the plugin name string 'beta',"{""plugins_context_args"": [""[beta]""], ""disable_args"": [[""beta_wrapper"", []]], ""get_plugin_assigns"": {}, ""get_plugin_bad_arg_vars"": [""beta_wrapper""], ""wrapper_disable_vars"": [], ""hook_receivers"": [""sp""]}",/Users/zt25/coding/从 API 知识注入到源码图推理合成：PairCoder/Ollama问题存在性实验/result/simplug_7b_5model_comparison/prompts/gemma2_9b__simplug-T004__B1_api_list.txt,/Users/zt25/coding/从 API 知识注入到源码图推理合成：PairCoder/Ollama问题存在性实验/result/simplug_7b_5model_comparison/generations/gemma2_9b__simplug-T004__B1_api_list_run3.py
3,simplug-T004,B2_raw_api_docs,gemma2:9b,7.94,True,True,False,,,"{""plugins_context_args"": [], ""disable_args"": [[""beta_wrapper"", []]], ""get_plugin_assigns"": {""beta_wrapper"": ""beta""}, ""get_plugin_bad_arg_vars"": [], ""wrapper_disable_vars"": [""beta_wrapper""], ""hook_receivers"": [""sp""]}",/Users/zt25/coding/从 API 知识注入到源码图推理合成：PairCoder/Ollama问题存在性实验/result/simplug_7b_5model_comparison/prompts/gemma2_9b__simplug-T004__B2_raw_api_docs.txt,/Users/zt25/coding/从 API 知识注入到源码图推理合成：PairCoder/Ollama问题存在性实验/result/simplug_7b_5model_comparison/generations/gemma2_9b__simplug-T004__B2_raw_api_docs_run3.py
3,simplug-T004,B3_oracle_api_sequence,gemma2:9b,4.57,True,True,False,,,"{""plugins_context_args"": [], ""disable_args"": [[""wrapper"", []]], ""get_plugin_assigns"": {""wrapper"": ""beta""}, ""get_plugin_bad_arg_vars"": [], ""wrapper_disable_vars"": [""wrapper""], ""hook_receivers"": [""sp""]}",/Users/zt25/coding/从 API 知识注入到源码图推理合成：PairCoder/Ollama问题存在性实验/result/simplug_7b_5model_comparison/prompts/gemma2_9b__simplug-T004__B3_oracle_api_sequence.txt,/Users/zt25/coding/从 API 知识注入到源码图推理合成：PairCoder/Ollama问题存在性实验/result/simplug_7b_5model_comparison/generations/gemma2_9b__simplug-T004__B3_oracle_api_sequence_run3.py
3,simplug-T004,B4_gold_pair_rule,gemma2:9b,7.31,True,True,False,,,"{""plugins_context_args"": [], ""disable_args"": [[""wrapper"", []]], ""get_plugin_assigns"": {""wrapper"": ""beta""}, ""get_plugin_bad_arg_vars"": [], ""wrapper_disable_vars"": [""wrapper""], ""hook_receivers"": [""sp""]}",/Users/zt25/coding/从 API 知识注入到源码图推理合成：PairCoder/Ollama问题存在性实验/result/simplug_7b_5model_comparison/prompts/gemma2_9b__simplug-T004__B4_gold_pair_rule.txt,/Users/zt25/coding/从 API 知识注入到源码图推理合成：PairCoder/Ollama问题存在性实验/result/simplug_7b_5model_comparison/generations/gemma2_9b__simplug-T004__B4_gold_pair_rule_run3.py
3,simplug-T005,B0_direct,gemma2:9b,7.20,True,False,True,missing API call,missing sp.plugins_context,"{""plugins_context_args"": [], ""disable_args"": [], ""get_plugin_assigns"": {}, ""get_plugin_bad_arg_vars"": [], ""wrapper_disable_vars"": [], ""hook_receivers"": [""sp"", ""sp""]}",/Users/zt25/coding/从 API 知识注入到源码图推理合成：PairCoder/Ollama问题存在性实验/result/simplug_7b_5model_comparison/prompts/gemma2_9b__simplug-T005__B0_direct.txt,/Users/zt25/coding/从 API 知识注入到源码图推理合成：PairCoder/Ollama问题存在性实验/result/simplug_7b_5model_comparison/generations/gemma2_9b__simplug-T005__B0_direct_run3.py
3,simplug-T005,B1_api_list,gemma2:9b,8.65,True,False,True,wrong parameter semantics,plugins_context should receive plugin name strings ['beta'],"{""plugins_context_args"": [""[sp.get_plugin('beta')]""], ""disable_args"": [], ""get_plugin_assigns"": {}, ""get_plugin_bad_arg_vars"": [], ""wrapper_disable_vars"": [], ""hook_receivers"": [""sp"", ""sp""]}",/Users/zt25/coding/从 API 知识注入到源码图推理合成：PairCoder/Ollama问题存在性实验/result/simplug_7b_5model_comparison/prompts/gemma2_9b__simplug-T005__B1_api_list.txt,/Users/zt25/coding/从 API 知识注入到源码图推理合成：PairCoder/Ollama问题存在性实验/result/simplug_7b_5model_comparison/generations/gemma2_9b__simplug-T005__B1_api_list_run3.py
3,simplug-T005,B2_raw_api_docs,gemma2:9b,7.43,True,False,True,missing API call,missing sp.plugins_context,"{""plugins_context_args"": [], ""disable_args"": [], ""get_plugin_assigns"": {}, ""get_plugin_bad_arg_vars"": [], ""wrapper_disable_vars"": [], ""hook_receivers"": [""sp"", ""sp""]}",/Users/zt25/coding/从 API 知识注入到源码图推理合成：PairCoder/Ollama问题存在性实验/result/simplug_7b_5model_comparison/prompts/gemma2_9b__simplug-T005__B2_raw_api_docs.txt,/Users/zt25/coding/从 API 知识注入到源码图推理合成：PairCoder/Ollama问题存在性实验/result/simplug_7b_5model_comparison/generations/gemma2_9b__simplug-T005__B2_raw_api_docs_run3.py
3,simplug-T005,B3_oracle_api_sequence,gemma2:9b,7.47,True,False,True,missing API call,missing sp.plugins_context,"{""plugins_context_args"": [], ""disable_args"": [], ""get_plugin_assigns"": {}, ""get_plugin_bad_arg_vars"": [], ""wrapper_disable_vars"": [], ""hook_receivers"": [""sp"", ""sp""]}",/Users/zt25/coding/从 API 知识注入到源码图推理合成：PairCoder/Ollama问题存在性实验/result/simplug_7b_5model_comparison/prompts/gemma2_9b__simplug-T005__B3_oracle_api_sequence.txt,/Users/zt25/coding/从 API 知识注入到源码图推理合成：PairCoder/Ollama问题存在性实验/result/simplug_7b_5model_comparison/generations/gemma2_9b__simplug-T005__B3_oracle_api_sequence_run3.py
3,simplug-T005,B4_gold_pair_rule,gemma2:9b,9.54,True,True,False,,,"{""plugins_context_args"": [""['beta']""], ""disable_args"": [[""sp"", [""'beta'""]]], ""get_plugin_assigns"": {}, ""get_plugin_bad_arg_vars"": [], ""wrapper_disable_vars"": [], ""hook_receivers"": [""sp"", ""sp""]}",/Users/zt25/coding/从 API 知识注入到源码图推理合成：PairCoder/Ollama问题存在性实验/result/simplug_7b_5model_comparison/prompts/gemma2_9b__simplug-T005__B4_gold_pair_rule.txt,/Users/zt25/coding/从 API 知识注入到源码图推理合成：PairCoder/Ollama问题存在性实验/result/simplug_7b_5model_comparison/generations/gemma2_9b__simplug-T005__B4_gold_pair_rule_run3.py
3,simplug-T006,B0_direct,gemma2:9b,4.93,True,False,True,missing API call,missing sp.disable call,"{""plugins_context_args"": [], ""disable_args"": [[""sp.hooks"", [""'alpha'""]], [""sp.hooks"", [""'gamma'""]]], ""get_plugin_assigns"": {}, ""get_plugin_bad_arg_vars"": [], ""wrapper_disable_vars"": [], ""hook_receivers"": [""sp""]}",/Users/zt25/coding/从 API 知识注入到源码图推理合成：PairCoder/Ollama问题存在性实验/result/simplug_7b_5model_comparison/prompts/gemma2_9b__simplug-T006__B0_direct.txt,/Users/zt25/coding/从 API 知识注入到源码图推理合成：PairCoder/Ollama问题存在性实验/result/simplug_7b_5model_comparison/generations/gemma2_9b__simplug-T006__B0_direct_run3.py
3,simplug-T006,B1_api_list,gemma2:9b,5.59,True,True,False,,,"{""plugins_context_args"": [], ""disable_args"": [[""sp"", [""'alpha'"", ""'gamma'""]]], ""get_plugin_assigns"": {}, ""get_plugin_bad_arg_vars"": [], ""wrapper_disable_vars"": [], ""hook_receivers"": [""sp""]}",/Users/zt25/coding/从 API 知识注入到源码图推理合成：PairCoder/Ollama问题存在性实验/result/simplug_7b_5model_comparison/prompts/gemma2_9b__simplug-T006__B1_api_list.txt,/Users/zt25/coding/从 API 知识注入到源码图推理合成：PairCoder/Ollama问题存在性实验/result/simplug_7b_5model_comparison/generations/gemma2_9b__simplug-T006__B1_api_list_run3.py
3,simplug-T006,B2_raw_api_docs,gemma2:9b,5.66,True,True,False,,,"{""plugins_context_args"": [], ""disable_args"": [[""sp"", [""'alpha'"", ""'gamma'""]]], ""get_plugin_assigns"": {}, ""get_plugin_bad_arg_vars"": [], ""wrapper_disable_vars"": [], ""hook_receivers"": [""sp""]}",/Users/zt25/coding/从 API 知识注入到源码图推理合成：PairCoder/Ollama问题存在性实验/result/simplug_7b_5model_comparison/prompts/gemma2_9b__simplug-T006__B2_raw_api_docs.txt,/Users/zt25/coding/从 API 知识注入到源码图推理合成：PairCoder/Ollama问题存在性实验/result/simplug_7b_5model_comparison/generations/gemma2_9b__simplug-T006__B2_raw_api_docs_run3.py
3,simplug-T006,B3_oracle_api_sequence,gemma2:9b,4.78,True,True,False,,,"{""plugins_context_args"": [], ""disable_args"": [[""sp"", [""'alpha'""]], [""sp"", [""'gamma'""]]], ""get_plugin_assigns"": {}, ""get_plugin_bad_arg_vars"": [], ""wrapper_disable_vars"": [], ""hook_receivers"": [""sp""]}",/Users/zt25/coding/从 API 知识注入到源码图推理合成：PairCoder/Ollama问题存在性实验/result/simplug_7b_5model_comparison/prompts/gemma2_9b__simplug-T006__B3_oracle_api_sequence.txt,/Users/zt25/coding/从 API 知识注入到源码图推理合成：PairCoder/Ollama问题存在性实验/result/simplug_7b_5model_comparison/generations/gemma2_9b__simplug-T006__B3_oracle_api_sequence_run3.py
3,simplug-T006,B4_gold_pair_rule,gemma2:9b,7.00,True,True,False,,,"{""plugins_context_args"": [], ""disable_args"": [[""sp"", [""'alpha'""]], [""sp"", [""'gamma'""]]], ""get_plugin_assigns"": {}, ""get_plugin_bad_arg_vars"": [], ""wrapper_disable_vars"": [], ""hook_receivers"": [""sp""]}",/Users/zt25/coding/从 API 知识注入到源码图推理合成：PairCoder/Ollama问题存在性实验/result/simplug_7b_5model_comparison/prompts/gemma2_9b__simplug-T006__B4_gold_pair_rule.txt,/Users/zt25/coding/从 API 知识注入到源码图推理合成：PairCoder/Ollama问题存在性实验/result/simplug_7b_5model_comparison/generations/gemma2_9b__simplug-T006__B4_gold_pair_rule_run3.py
3,simplug-T001,B0_direct,mistral:7b,7.99,True,False,True,missing API call,missing sp.plugins_context,"{""plugins_context_args"": [], ""disable_args"": [], ""get_plugin_assigns"": {}, ""get_plugin_bad_arg_vars"": [], ""wrapper_disable_vars"": [], ""hook_receivers"": [""sp""]}",/Users/zt25/coding/从 API 知识注入到源码图推理合成：PairCoder/Ollama问题存在性实验/result/simplug_7b_5model_comparison/prompts/mistral_7b__simplug-T001__B0_direct.txt,/Users/zt25/coding/从 API 知识注入到源码图推理合成：PairCoder/Ollama问题存在性实验/result/simplug_7b_5model_comparison/generations/mistral_7b__simplug-T001__B0_direct_run3.py
3,simplug-T001,B1_api_list,mistral:7b,6.16,True,False,True,wrong parameter semantics,plugins_context receives plugin object variable instead of name string; plugins_context should receive plugin name strings ['beta'],"{""plugins_context_args"": [""[beta]""], ""disable_args"": [[""sp"", [""*[alpha, gamma]""]]], ""get_plugin_assigns"": {}, ""get_plugin_bad_arg_vars"": [], ""wrapper_disable_vars"": [], ""hook_receivers"": [""sp""]}",/Users/zt25/coding/从 API 知识注入到源码图推理合成：PairCoder/Ollama问题存在性实验/result/simplug_7b_5model_comparison/prompts/mistral_7b__simplug-T001__B1_api_list.txt,/Users/zt25/coding/从 API 知识注入到源码图推理合成：PairCoder/Ollama问题存在性实验/result/simplug_7b_5model_comparison/generations/mistral_7b__simplug-T001__B1_api_list_run3.py
3,simplug-T001,B2_raw_api_docs,mistral:7b,6.94,True,False,True,missing API call,missing sp.plugins_context,"{""plugins_context_args"": [], ""disable_args"": [[""beta_wrapper"", []]], ""get_plugin_assigns"": {}, ""get_plugin_bad_arg_vars"": [], ""wrapper_disable_vars"": [], ""hook_receivers"": [""sp""]}",/Users/zt25/coding/从 API 知识注入到源码图推理合成：PairCoder/Ollama问题存在性实验/result/simplug_7b_5model_comparison/prompts/mistral_7b__simplug-T001__B2_raw_api_docs.txt,/Users/zt25/coding/从 API 知识注入到源码图推理合成：PairCoder/Ollama问题存在性实验/result/simplug_7b_5model_comparison/generations/mistral_7b__simplug-T001__B2_raw_api_docs_run3.py
3,simplug-T001,B3_oracle_api_sequence,mistral:7b,5.41,True,False,True,missing API call,missing sp.plugins_context,"{""plugins_context_args"": [], ""disable_args"": [], ""get_plugin_assigns"": {}, ""get_plugin_bad_arg_vars"": [], ""wrapper_disable_vars"": [], ""hook_receivers"": [""sp""]}",/Users/zt25/coding/从 API 知识注入到源码图推理合成：PairCoder/Ollama问题存在性实验/result/simplug_7b_5model_comparison/prompts/mistral_7b__simplug-T001__B3_oracle_api_sequence.txt,/Users/zt25/coding/从 API 知识注入到源码图推理合成：PairCoder/Ollama问题存在性实验/result/simplug_7b_5model_comparison/generations/mistral_7b__simplug-T001__B3_oracle_api_sequence_run3.py
3,simplug-T001,B4_gold_pair_rule,mistral:7b,6.48,True,True,False,,,"{""plugins_context_args"": [""['beta']""], ""disable_args"": [[""sp"", [""'beta'""]]], ""get_plugin_assigns"": {}, ""get_plugin_bad_arg_vars"": [], ""wrapper_disable_vars"": [], ""hook_receivers"": [""sp""]}",/Users/zt25/coding/从 API 知识注入到源码图推理合成：PairCoder/Ollama问题存在性实验/result/simplug_7b_5model_comparison/prompts/mistral_7b__simplug-T001__B4_gold_pair_rule.txt,/Users/zt25/coding/从 API 知识注入到源码图推理合成：PairCoder/Ollama问题存在性实验/result/simplug_7b_5model_comparison/generations/mistral_7b__simplug-T001__B4_gold_pair_rule_run3.py
3,simplug-T002,B0_direct,mistral:7b,7.01,True,False,True,missing API call,missing sp.plugins_context,"{""plugins_context_args"": [], ""disable_args"": [[""sp.hooks"", [""'beta'""]]], ""get_plugin_assigns"": {}, ""get_plugin_bad_arg_vars"": [], ""wrapper_disable_vars"": [], ""hook_receivers"": [""sp""]}",/Users/zt25/coding/从 API 知识注入到源码图推理合成：PairCoder/Ollama问题存在性实验/result/simplug_7b_5model_comparison/prompts/mistral_7b__simplug-T002__B0_direct.txt,/Users/zt25/coding/从 API 知识注入到源码图推理合成：PairCoder/Ollama问题存在性实验/result/simplug_7b_5model_comparison/generations/mistral_7b__simplug-T002__B0_direct_run3.py
3,simplug-T002,B1_api_list,mistral:7b,6.64,True,False,True,wrong parameter semantics,"plugins_context receives plugin object variable instead of name string; plugins_context should receive plugin name strings ['alpha', 'gamma']","{""plugins_context_args"": [""[alpha, gamma]""], ""disable_args"": [[""sp"", [""beta""]]], ""get_plugin_assigns"": {}, ""get_plugin_bad_arg_vars"": [], ""wrapper_disable_vars"": [], ""hook_receivers"": [""sp""]}",/Users/zt25/coding/从 API 知识注入到源码图推理合成：PairCoder/Ollama问题存在性实验/result/simplug_7b_5model_comparison/prompts/mistral_7b__simplug-T002__B1_api_list.txt,/Users/zt25/coding/从 API 知识注入到源码图推理合成：PairCoder/Ollama问题存在性实验/result/simplug_7b_5model_comparison/generations/mistral_7b__simplug-T002__B1_api_list_run3.py
3,simplug-T002,B2_raw_api_docs,mistral:7b,12.60,True,False,True,missing API call,missing sp.plugins_context,"{""plugins_context_args"": [], ""disable_args"": [[""plugin"", []]], ""get_plugin_assigns"": {}, ""get_plugin_bad_arg_vars"": [], ""wrapper_disable_vars"": [], ""hook_receivers"": [""sp"", ""sp""]}",/Users/zt25/coding/从 API 知识注入到源码图推理合成：PairCoder/Ollama问题存在性实验/result/simplug_7b_5model_comparison/prompts/mistral_7b__simplug-T002__B2_raw_api_docs.txt,/Users/zt25/coding/从 API 知识注入到源码图推理合成：PairCoder/Ollama问题存在性实验/result/simplug_7b_5model_comparison/generations/mistral_7b__simplug-T002__B2_raw_api_docs_run3.py
3,simplug-T002,B3_oracle_api_sequence,mistral:7b,6.17,True,False,True,missing API call,missing sp.plugins_context,"{""plugins_context_args"": [], ""disable_args"": [], ""get_plugin_assigns"": {}, ""get_plugin_bad_arg_vars"": [], ""wrapper_disable_vars"": [], ""hook_receivers"": [""sp""]}",/Users/zt25/coding/从 API 知识注入到源码图推理合成：PairCoder/Ollama问题存在性实验/result/simplug_7b_5model_comparison/prompts/mistral_7b__simplug-T002__B3_oracle_api_sequence.txt,/Users/zt25/coding/从 API 知识注入到源码图推理合成：PairCoder/Ollama问题存在性实验/result/simplug_7b_5model_comparison/generations/mistral_7b__simplug-T002__B3_oracle_api_sequence_run3.py
3,simplug-T002,B4_gold_pair_rule,mistral:7b,12.39,True,True,False,,,"{""plugins_context_args"": [""['alpha', 'gamma']""], ""disable_args"": [[""wrapper_alpha"", []], [""wrapper_gamma"", []]], ""get_plugin_assigns"": {}, ""get_plugin_bad_arg_vars"": [""wrapper_alpha"", ""wrapper_gamma""], ""wrapper_disable_vars"": [], ""hook_receivers"": [""sp"", ""sp"", ""sp""]}",/Users/zt25/coding/从 API 知识注入到源码图推理合成：PairCoder/Ollama问题存在性实验/result/simplug_7b_5model_comparison/prompts/mistral_7b__simplug-T002__B4_gold_pair_rule.txt,/Users/zt25/coding/从 API 知识注入到源码图推理合成：PairCoder/Ollama问题存在性实验/result/simplug_7b_5model_comparison/generations/mistral_7b__simplug-T002__B4_gold_pair_rule_run3.py
3,simplug-T003,B0_direct,mistral:7b,5.53,True,False,True,missing API call,missing sp.disable call,"{""plugins_context_args"": [], ""disable_args"": [], ""get_plugin_assigns"": {}, ""get_plugin_bad_arg_vars"": [], ""wrapper_disable_vars"": [], ""hook_receivers"": [""sp""]}",/Users/zt25/coding/从 API 知识注入到源码图推理合成：PairCoder/Ollama问题存在性实验/result/simplug_7b_5model_comparison/prompts/mistral_7b__simplug-T003__B0_direct.txt,/Users/zt25/coding/从 API 知识注入到源码图推理合成：PairCoder/Ollama问题存在性实验/result/simplug_7b_5model_comparison/generations/mistral_7b__simplug-T003__B0_direct_run3.py
3,simplug-T003,B1_api_list,mistral:7b,5.87,True,False,True,missing API call; wrong API pattern,missing sp.disable call; unexpected sp.plugins_context in a disable-by-name task; use sp.disable instead,"{""plugins_context_args"": [""[plugin for plugin in sp.plugins if plugin.name != 'beta']""], ""disable_args"": [], ""get_plugin_assigns"": {}, ""get_plugin_bad_arg_vars"": [], ""wrapper_disable_vars"": [], ""hook_receivers"": [""sp""]}",/Users/zt25/coding/从 API 知识注入到源码图推理合成：PairCoder/Ollama问题存在性实验/result/simplug_7b_5model_comparison/prompts/mistral_7b__simplug-T003__B1_api_list.txt,/Users/zt25/coding/从 API 知识注入到源码图推理合成：PairCoder/Ollama问题存在性实验/result/simplug_7b_5model_comparison/generations/mistral_7b__simplug-T003__B1_api_list_run3.py
3,simplug-T003,B2_raw_api_docs,mistral:7b,5.63,True,False,True,missing API call,missing sp.disable call,"{""plugins_context_args"": [], ""disable_args"": [[""beta"", []]], ""get_plugin_assigns"": {}, ""get_plugin_bad_arg_vars"": [], ""wrapper_disable_vars"": [], ""hook_receivers"": [""sp""]}",/Users/zt25/coding/从 API 知识注入到源码图推理合成：PairCoder/Ollama问题存在性实验/result/simplug_7b_5model_comparison/prompts/mistral_7b__simplug-T003__B2_raw_api_docs.txt,/Users/zt25/coding/从 API 知识注入到源码图推理合成：PairCoder/Ollama问题存在性实验/result/simplug_7b_5model_comparison/generations/mistral_7b__simplug-T003__B2_raw_api_docs_run3.py
3,simplug-T003,B3_oracle_api_sequence,mistral:7b,5.08,True,True,False,,,"{""plugins_context_args"": [], ""disable_args"": [[""sp"", [""'beta'""]]], ""get_plugin_assigns"": {}, ""get_plugin_bad_arg_vars"": [], ""wrapper_disable_vars"": [], ""hook_receivers"": [""sp""]}",/Users/zt25/coding/从 API 知识注入到源码图推理合成：PairCoder/Ollama问题存在性实验/result/simplug_7b_5model_comparison/prompts/mistral_7b__simplug-T003__B3_oracle_api_sequence.txt,/Users/zt25/coding/从 API 知识注入到源码图推理合成：PairCoder/Ollama问题存在性实验/result/simplug_7b_5model_comparison/generations/mistral_7b__simplug-T003__B3_oracle_api_sequence_run3.py
3,simplug-T003,B4_gold_pair_rule,mistral:7b,6.93,True,False,True,wrong API pattern,unexpected sp.plugins_context in a disable-by-name task; use sp.disable instead,"{""plugins_context_args"": [""['beta']""], ""disable_args"": [[""sp"", [""'beta'""]]], ""get_plugin_assigns"": {}, ""get_plugin_bad_arg_vars"": [], ""wrapper_disable_vars"": [], ""hook_receivers"": [""sp""]}",/Users/zt25/coding/从 API 知识注入到源码图推理合成：PairCoder/Ollama问题存在性实验/result/simplug_7b_5model_comparison/prompts/mistral_7b__simplug-T003__B4_gold_pair_rule.txt,/Users/zt25/coding/从 API 知识注入到源码图推理合成：PairCoder/Ollama问题存在性实验/result/simplug_7b_5model_comparison/generations/mistral_7b__simplug-T003__B4_gold_pair_rule_run3.py
3,simplug-T004,B0_direct,mistral:7b,5.08,True,False,True,broken data flow,missing sp.get_plugin('beta') assignment,"{""plugins_context_args"": [], ""disable_args"": [[""beta_wrapper"", []]], ""get_plugin_assigns"": {}, ""get_plugin_bad_arg_vars"": [], ""wrapper_disable_vars"": [], ""hook_receivers"": [""sp""]}",/Users/zt25/coding/从 API 知识注入到源码图推理合成：PairCoder/Ollama问题存在性实验/result/simplug_7b_5model_comparison/prompts/mistral_7b__simplug-T004__B0_direct.txt,/Users/zt25/coding/从 API 知识注入到源码图推理合成：PairCoder/Ollama问题存在性实验/result/simplug_7b_5model_comparison/generations/mistral_7b__simplug-T004__B0_direct_run3.py
3,simplug-T004,B1_api_list,mistral:7b,7.56,True,False,True,wrong parameter semantics,sp.get_plugin called with non-string argument; pass the plugin name string 'beta',"{""plugins_context_args"": [""[beta]""], ""disable_args"": [[""beta_wrapper"", []]], ""get_plugin_assigns"": {}, ""get_plugin_bad_arg_vars"": [""beta_wrapper""], ""wrapper_disable_vars"": [], ""hook_receivers"": [""sp""]}",/Users/zt25/coding/从 API 知识注入到源码图推理合成：PairCoder/Ollama问题存在性实验/result/simplug_7b_5model_comparison/prompts/mistral_7b__simplug-T004__B1_api_list.txt,/Users/zt25/coding/从 API 知识注入到源码图推理合成：PairCoder/Ollama问题存在性实验/result/simplug_7b_5model_comparison/generations/mistral_7b__simplug-T004__B1_api_list_run3.py
3,simplug-T004,B2_raw_api_docs,mistral:7b,6.35,True,False,True,broken data flow,missing sp.get_plugin('beta') assignment,"{""plugins_context_args"": [], ""disable_args"": [[""beta_wrapper"", []]], ""get_plugin_assigns"": {}, ""get_plugin_bad_arg_vars"": [], ""wrapper_disable_vars"": [], ""hook_receivers"": [""sp""]}",/Users/zt25/coding/从 API 知识注入到源码图推理合成：PairCoder/Ollama问题存在性实验/result/simplug_7b_5model_comparison/prompts/mistral_7b__simplug-T004__B2_raw_api_docs.txt,/Users/zt25/coding/从 API 知识注入到源码图推理合成：PairCoder/Ollama问题存在性实验/result/simplug_7b_5model_comparison/generations/mistral_7b__simplug-T004__B2_raw_api_docs_run3.py
3,simplug-T004,B3_oracle_api_sequence,mistral:7b,4.61,True,True,False,,,"{""plugins_context_args"": [], ""disable_args"": [[""beta_wrapper"", []]], ""get_plugin_assigns"": {""beta_wrapper"": ""beta""}, ""get_plugin_bad_arg_vars"": [], ""wrapper_disable_vars"": [""beta_wrapper""], ""hook_receivers"": [""sp""]}",/Users/zt25/coding/从 API 知识注入到源码图推理合成：PairCoder/Ollama问题存在性实验/result/simplug_7b_5model_comparison/prompts/mistral_7b__simplug-T004__B3_oracle_api_sequence.txt,/Users/zt25/coding/从 API 知识注入到源码图推理合成：PairCoder/Ollama问题存在性实验/result/simplug_7b_5model_comparison/generations/mistral_7b__simplug-T004__B3_oracle_api_sequence_run3.py
3,simplug-T004,B4_gold_pair_rule,mistral:7b,7.32,True,True,False,,,"{""plugins_context_args"": [], ""disable_args"": [[""wrapper"", []]], ""get_plugin_assigns"": {""wrapper"": ""beta""}, ""get_plugin_bad_arg_vars"": [], ""wrapper_disable_vars"": [""wrapper""], ""hook_receivers"": [""sp""]}",/Users/zt25/coding/从 API 知识注入到源码图推理合成：PairCoder/Ollama问题存在性实验/result/simplug_7b_5model_comparison/prompts/mistral_7b__simplug-T004__B4_gold_pair_rule.txt,/Users/zt25/coding/从 API 知识注入到源码图推理合成：PairCoder/Ollama问题存在性实验/result/simplug_7b_5model_comparison/generations/mistral_7b__simplug-T004__B4_gold_pair_rule_run3.py
3,simplug-T005,B0_direct,mistral:7b,8.66,True,False,True,missing API call,missing sp.plugins_context,"{""plugins_context_args"": [], ""disable_args"": [[""sp.hooks"", [""'beta'""]]], ""get_plugin_assigns"": {}, ""get_plugin_bad_arg_vars"": [], ""wrapper_disable_vars"": [], ""hook_receivers"": [""sp"", ""sp"", ""sp""]}",/Users/zt25/coding/从 API 知识注入到源码图推理合成：PairCoder/Ollama问题存在性实验/result/simplug_7b_5model_comparison/prompts/mistral_7b__simplug-T005__B0_direct.txt,/Users/zt25/coding/从 API 知识注入到源码图推理合成：PairCoder/Ollama问题存在性实验/result/simplug_7b_5model_comparison/generations/mistral_7b__simplug-T005__B0_direct_run3.py
3,simplug-T005,B1_api_list,mistral:7b,8.33,True,False,True,wrong parameter semantics,plugins_context receives plugin object variable instead of name string; plugins_context should receive plugin name strings ['beta'],"{""plugins_context_args"": [""[beta]""], ""disable_args"": [[""sp"", [""beta""]]], ""get_plugin_assigns"": {}, ""get_plugin_bad_arg_vars"": [], ""wrapper_disable_vars"": [], ""hook_receivers"": [""sp"", ""sp""]}",/Users/zt25/coding/从 API 知识注入到源码图推理合成：PairCoder/Ollama问题存在性实验/result/simplug_7b_5model_comparison/prompts/mistral_7b__simplug-T005__B1_api_list.txt,/Users/zt25/coding/从 API 知识注入到源码图推理合成：PairCoder/Ollama问题存在性实验/result/simplug_7b_5model_comparison/generations/mistral_7b__simplug-T005__B1_api_list_run3.py
3,simplug-T005,B2_raw_api_docs,mistral:7b,10.09,True,False,True,wrong parameter semantics,plugins_context should receive plugin name strings ['beta'],"{""plugins_context_args"": [""[sp.get_plugin('beta')]""], ""disable_args"": [[""sp"", [""['alpha', 'gamma']""]], [""sp"", [""['beta']""]]], ""get_plugin_assigns"": {}, ""get_plugin_bad_arg_vars"": [], ""wrapper_disable_vars"": [], ""hook_receivers"": [""sp"", ""sp""]}",/Users/zt25/coding/从 API 知识注入到源码图推理合成：PairCoder/Ollama问题存在性实验/result/simplug_7b_5model_comparison/prompts/mistral_7b__simplug-T005__B2_raw_api_docs.txt,/Users/zt25/coding/从 API 知识注入到源码图推理合成：PairCoder/Ollama问题存在性实验/result/simplug_7b_5model_comparison/generations/mistral_7b__simplug-T005__B2_raw_api_docs_run3.py
3,simplug-T005,B3_oracle_api_sequence,mistral:7b,7.38,True,False,True,wrong parameter semantics,plugins_context should receive plugin name strings ['beta'],"{""plugins_context_args"": [""{'beta': True}""], ""disable_args"": [], ""get_plugin_assigns"": {}, ""get_plugin_bad_arg_vars"": [], ""wrapper_disable_vars"": [], ""hook_receivers"": [""sp"", ""sp""]}",/Users/zt25/coding/从 API 知识注入到源码图推理合成：PairCoder/Ollama问题存在性实验/result/simplug_7b_5model_comparison/prompts/mistral_7b__simplug-T005__B3_oracle_api_sequence.txt,/Users/zt25/coding/从 API 知识注入到源码图推理合成：PairCoder/Ollama问题存在性实验/result/simplug_7b_5model_comparison/generations/mistral_7b__simplug-T005__B3_oracle_api_sequence_run3.py
3,simplug-T005,B4_gold_pair_rule,mistral:7b,9.69,True,False,True,wrong parameter semantics,plugins_context should receive plugin name strings ['beta'],"{""plugins_context_args"": [""[beta.name]""], ""disable_args"": [[""sp"", [""beta.name""]]], ""get_plugin_assigns"": {}, ""get_plugin_bad_arg_vars"": [], ""wrapper_disable_vars"": [], ""hook_receivers"": [""sp"", ""sp""]}",/Users/zt25/coding/从 API 知识注入到源码图推理合成：PairCoder/Ollama问题存在性实验/result/simplug_7b_5model_comparison/prompts/mistral_7b__simplug-T005__B4_gold_pair_rule.txt,/Users/zt25/coding/从 API 知识注入到源码图推理合成：PairCoder/Ollama问题存在性实验/result/simplug_7b_5model_comparison/generations/mistral_7b__simplug-T005__B4_gold_pair_rule_run3.py
3,simplug-T006,B0_direct,mistral:7b,6.13,True,False,True,missing API call,missing sp.disable call,"{""plugins_context_args"": [], ""disable_args"": [], ""get_plugin_assigns"": {}, ""get_plugin_bad_arg_vars"": [], ""wrapper_disable_vars"": [], ""hook_receivers"": [""sp""]}",/Users/zt25/coding/从 API 知识注入到源码图推理合成：PairCoder/Ollama问题存在性实验/result/simplug_7b_5model_comparison/prompts/mistral_7b__simplug-T006__B0_direct.txt,/Users/zt25/coding/从 API 知识注入到源码图推理合成：PairCoder/Ollama问题存在性实验/result/simplug_7b_5model_comparison/generations/mistral_7b__simplug-T006__B0_direct_run3.py
3,simplug-T006,B1_api_list,mistral:7b,6.93,False,False,True,syntax_error,syntax_error,"invalid syntax (<unknown>, line 2)",/Users/zt25/coding/从 API 知识注入到源码图推理合成：PairCoder/Ollama问题存在性实验/result/simplug_7b_5model_comparison/prompts/mistral_7b__simplug-T006__B1_api_list.txt,/Users/zt25/coding/从 API 知识注入到源码图推理合成：PairCoder/Ollama问题存在性实验/result/simplug_7b_5model_comparison/generations/mistral_7b__simplug-T006__B1_api_list_run3.py
3,simplug-T006,B2_raw_api_docs,mistral:7b,6.73,True,False,True,missing API call,missing sp.disable call,"{""plugins_context_args"": [], ""disable_args"": [[""alpha"", []], [""gamma"", []]], ""get_plugin_assigns"": {}, ""get_plugin_bad_arg_vars"": [], ""wrapper_disable_vars"": [], ""hook_receivers"": [""sp""]}",/Users/zt25/coding/从 API 知识注入到源码图推理合成：PairCoder/Ollama问题存在性实验/result/simplug_7b_5model_comparison/prompts/mistral_7b__simplug-T006__B2_raw_api_docs.txt,/Users/zt25/coding/从 API 知识注入到源码图推理合成：PairCoder/Ollama问题存在性实验/result/simplug_7b_5model_comparison/generations/mistral_7b__simplug-T006__B2_raw_api_docs_run3.py
3,simplug-T006,B3_oracle_api_sequence,mistral:7b,5.72,True,True,False,,,"{""plugins_context_args"": [], ""disable_args"": [[""sp"", [""'alpha'""]], [""sp"", [""'gamma'""]]], ""get_plugin_assigns"": {}, ""get_plugin_bad_arg_vars"": [], ""wrapper_disable_vars"": [], ""hook_receivers"": [""sp""]}",/Users/zt25/coding/从 API 知识注入到源码图推理合成：PairCoder/Ollama问题存在性实验/result/simplug_7b_5model_comparison/prompts/mistral_7b__simplug-T006__B3_oracle_api_sequence.txt,/Users/zt25/coding/从 API 知识注入到源码图推理合成：PairCoder/Ollama问题存在性实验/result/simplug_7b_5model_comparison/generations/mistral_7b__simplug-T006__B3_oracle_api_sequence_run3.py
3,simplug-T006,B4_gold_pair_rule,mistral:7b,7.32,True,False,True,wrong API pattern; wrong parameter semantics,"sp.disable should receive plugin name strings ['alpha', 'gamma']; unexpected sp.plugins_context in a disable-by-name task; use sp.disable instead","{""plugins_context_args"": [""['beta']""], ""disable_args"": [[""sp"", [""['alpha', 'gamma']""]]], ""get_plugin_assigns"": {}, ""get_plugin_bad_arg_vars"": [], ""wrapper_disable_vars"": [], ""hook_receivers"": [""sp""]}",/Users/zt25/coding/从 API 知识注入到源码图推理合成：PairCoder/Ollama问题存在性实验/result/simplug_7b_5model_comparison/prompts/mistral_7b__simplug-T006__B4_gold_pair_rule.txt,/Users/zt25/coding/从 API 知识注入到源码图推理合成：PairCoder/Ollama问题存在性实验/result/simplug_7b_5model_comparison/generations/mistral_7b__simplug-T006__B4_gold_pair_rule_run3.py
