[e2e] 300 mixed instances (300 to run); k=5 cap=30 topk=10 workers=20 file_loc=arise coverage=False file_rerank=0
[WARN] --coverage OFF: the DYNAMIC half is DORMANT ¡ª this is a STATIC-only run, NOT the full dynamic+static method. Pass --coverage for the real method.
<unknown>:51: SyntaxWarning: "\*" is an invalid escape sequence. Such sequences will not work in the future. Did you mean "\\*"? A raw string is also an option.
<unknown>:62: SyntaxWarning: "\*" is an invalid escape sequence. Such sequences will not work in the future. Did you mean "\\*"? A raw string is also an option.
<unknown>:73: SyntaxWarning: "\*" is an invalid escape sequence. Such sequences will not work in the future. Did you mean "\\*"? A raw string is also an option.
<unknown>:85: SyntaxWarning: "\*" is an invalid escape sequence. Such sequences will not work in the future. Did you mean "\\*"? A raw string is also an option.
<unknown>:96: SyntaxWarning: "\*" is an invalid escape sequence. Such sequences will not work in the future. Did you mean "\\*"? A raw string is also an option.
<unknown>:107: SyntaxWarning: "\*" is an invalid escape sequence. Such sequences will not work in the future. Did you mean "\\*"? A raw string is also an option.
<unknown>:117: SyntaxWarning: "\*" is an invalid escape sequence. Such sequences will not work in the future. Did you mean "\\*"? A raw string is also an option.
<unknown>:755: SyntaxWarning: "\*" is an invalid escape sequence. Such sequences will not work in the future. Did you mean "\\*"? A raw string is also an option.
<unknown>:469: SyntaxWarning: "\*" is an invalid escape sequence. Such sequences will not work in the future. Did you mean "\\*"? A raw string is also an option.
<unknown>:479: SyntaxWarning: "\*" is an invalid escape sequence. Such sequences will not work in the future. Did you mean "\\*"? A raw string is also an option.
<unknown>:489: SyntaxWarning: "\*" is an invalid escape sequence. Such sequences will not work in the future. Did you mean "\\*"? A raw string is also an option.
<unknown>:500: SyntaxWarning: "\*" is an invalid escape sequence. Such sequences will not work in the future. Did you mean "\\*"? A raw string is also an option.
<unknown>:510: SyntaxWarning: "\*" is an invalid escape sequence. Such sequences will not work in the future. Did you mean "\\*"? A raw string is also an option.
<unknown>:520: SyntaxWarning: "\*" is an invalid escape sequence. Such sequences will not work in the future. Did you mean "\\*"? A raw string is also an option.
<unknown>:529: SyntaxWarning: "\*" is an invalid escape sequence. Such sequences will not work in the future. Did you mean "\\*"? A raw string is also an option.
<unknown>:134: SyntaxWarning: "\*" is an invalid escape sequence. Such sequences will not work in the future. Did you mean "\\*"? A raw string is also an option.
<unknown>:479: SyntaxWarning: "\*" is an invalid escape sequence. Such sequences will not work in the future. Did you mean "\\*"? A raw string is also an option.
<unknown>:743: SyntaxWarning: "\*" is an invalid escape sequence. Such sequences will not work in the future. Did you mean "\\*"? A raw string is also an option.
<unknown>:44: SyntaxWarning: "\*" is an invalid escape sequence. Such sequences will not work in the future. Did you mean "\\*"? A raw string is also an option.
<unknown>:23: SyntaxWarning: "\S" is an invalid escape sequence. Such sequences will not work in the future. Did you mean "\\S"? A raw string is also an option.
<unknown>:22: SyntaxWarning: "\S" is an invalid escape sequence. Such sequences will not work in the future. Did you mean "\\S"? A raw string is also an option.
<unknown>:4: SyntaxWarning: "\m" is an invalid escape sequence. Such sequences will not work in the future. Did you mean "\\m"? A raw string is also an option.
<unknown>:16: SyntaxWarning: "\m" is an invalid escape sequence. Such sequences will not work in the future. Did you mean "\\m"? A raw string is also an option.
<unknown>:47: SyntaxWarning: "\m" is an invalid escape sequence. Such sequences will not work in the future. Did you mean "\\m"? A raw string is also an option.
<unknown>:121: SyntaxWarning: "\s" is an invalid escape sequence. Such sequences will not work in the future. Did you mean "\\s"? A raw string is also an option.
<unknown>:130: SyntaxWarning: "\s" is an invalid escape sequence. Such sequences will not work in the future. Did you mean "\\s"? A raw string is also an option.
<unknown>:287: SyntaxWarning: "\w" is an invalid escape sequence. Such sequences will not work in the future. Did you mean "\\w"? A raw string is also an option.
<unknown>:341: SyntaxWarning: "\*" is an invalid escape sequence. Such sequences will not work in the future. Did you mean "\\*"? A raw string is also an option.
<unknown>:469: SyntaxWarning: "\*" is an invalid escape sequence. Such sequences will not work in the future. Did you mean "\\*"? A raw string is also an option.
<unknown>:487: SyntaxWarning: "\*" is an invalid escape sequence. Such sequences will not work in the future. Did you mean "\\*"? A raw string is also an option.
<unknown>:755: SyntaxWarning: "\*" is an invalid escape sequence. Such sequences will not work in the future. Did you mean "\\*"? A raw string is also an option.
[1/300] sympy__sympy-13895             file_rec=0.0 cov=0 line_R@5 arise=0 ours=0
<unknown>:755: SyntaxWarning: "\*" is an invalid escape sequence. Such sequences will not work in the future. Did you mean "\\*"? A raw string is also an option.
[2/300] psf__requests-2148             file_rec=1.0 cov=0 line_R@5 arise=0 ours=1
[3/300] pallets__flask-5063            file_rec=1.0 cov=0 line_R@5 arise=0 ours=1
[4/300] pytest-dev__pytest-7373        file_rec=1.0 cov=0 line_R@5 arise=1 ours=1
[5/300] scikit-learn__scikit-learn-11281 file_rec=1.0 cov=0 line_R@5 arise=1 ours=0
[6/300] pydata__xarray-4094            file_rec=1.0 cov=0 line_R@5 arise=0 ours=0
[7/300] sphinx-doc__sphinx-8627        file_rec=0.0 cov=0 line_R@5 arise=0 ours=0
[8/300] mwaskom__seaborn-2848          file_rec=0.0 cov=0 line_R@5 arise=0 ours=0
[9/300] matplotlib__matplotlib-26020   file_rec=0.0 cov=0 line_R@5 arise=0 ours=0
[10/300] sphinx-doc__sphinx-7738        file_rec=1.0 cov=0 line_R@5 arise=0 ours=1
[11/300] django__django-15252           file_rec=1.0 cov=0 line_R@5 arise=1 ours=1
[12/300] sympy__sympy-20154             file_rec=1.0 cov=0 line_R@5 arise=0 ours=1
[13/300] astropy__astropy-14995         file_rec=1.0 cov=0 line_R@5 arise=1 ours=1
[14/300] matplotlib__matplotlib-23563   file_rec=0.0 cov=0 line_R@5 arise=0 ours=0
[15/300] sympy__sympy-23117             file_rec=1.0 cov=0 line_R@5 arise=1 ours=0
[16/300] sympy__sympy-21171             file_rec=1.0 cov=0 line_R@5 arise=0 ours=0
[17/300] scikit-learn__scikit-learn-10297 file_rec=0.0 cov=0 line_R@5 arise=0 ours=0
[18/300] django__django-13401           file_rec=1.0 cov=0 line_R@5 arise=1 ours=1
[19/300] django__django-15996           file_rec=1.0 cov=0 line_R@5 arise=0 ours=1
[20/300] django__django-12308           file_rec=1.0 cov=0 line_R@5 arise=0 ours=0
[21/300] django__django-13551           file_rec=1.0 cov=0 line_R@5 arise=1 ours=1
[22/300] django__django-15851           file_rec=0.0 cov=0 line_R@5 arise=0 ours=0
[23/300] pytest-dev__pytest-11143       file_rec=1.0 cov=0 line_R@5 arise=0 ours=1
[24/300] sympy__sympy-23262             file_rec=1.0 cov=0 line_R@5 arise=0 ours=0
[25/300] sympy__sympy-24909             file_rec=1.0 cov=0 line_R@5 arise=0 ours=1
[26/300] django__django-11133           file_rec=1.0 cov=0 line_R@5 arise=0 ours=1
[27/300] django__django-14787           file_rec=1.0 cov=0 line_R@5 arise=0 ours=1
[28/300] django__django-15814           file_rec=1.0 cov=0 line_R@5 arise=1 ours=1
[29/300] django__django-16527           file_rec=0.0 cov=0 line_R@5 arise=0 ours=0
[30/300] sphinx-doc__sphinx-8474        file_rec=0.0 cov=0 line_R@5 arise=0 ours=0
[31/300] matplotlib__matplotlib-25332   file_rec=1.0 cov=0 line_R@5 arise=0 ours=0
<unknown>:289: SyntaxWarning: "\w" is an invalid escape sequence. Such sequences will not work in the future. Did you mean "\\w"? A raw string is also an option.
<unknown>:343: SyntaxWarning: "\*" is an invalid escape sequence. Such sequences will not work in the future. Did you mean "\\*"? A raw string is also an option.
<unknown>:468: SyntaxWarning: "\*" is an invalid escape sequence. Such sequences will not work in the future. Did you mean "\\*"? A raw string is also an option.
<unknown>:486: SyntaxWarning: "\*" is an invalid escape sequence. Such sequences will not work in the future. Did you mean "\\*"? A raw string is also an option.
<unknown>:8: SyntaxWarning: "\[" is an invalid escape sequence. Such sequences will not work in the future. Did you mean "\\["? A raw string is also an option.
<unknown>:9: SyntaxWarning: "\/" is an invalid escape sequence. Such sequences will not work in the future. Did you mean "\\/"? A raw string is also an option.
<unknown>:10: SyntaxWarning: "\`" is an invalid escape sequence. Such sequences will not work in the future. Did you mean "\\`"? A raw string is also an option.
<unknown>:17: SyntaxWarning: "\o" is an invalid escape sequence. Such sequences will not work in the future. Did you mean "\\o"? A raw string is also an option.
<unknown>:19: SyntaxWarning: "\8" is an invalid escape sequence. Such sequences will not work in the future. Did you mean "\\8"? A raw string is also an option.
<unknown>:32: SyntaxWarning: "\P" is an invalid escape sequence. Such sequences will not work in the future. Did you mean "\\P"? A raw string is also an option.
[32/300] django__django-14752           file_rec=1.0 cov=0 line_R@5 arise=0 ours=1
[33/300] django__django-16873           file_rec=1.0 cov=0 line_R@5 arise=0 ours=1
[34/300] sympy__sympy-23191             file_rec=0.0 cov=0 line_R@5 arise=0 ours=0
[35/300] sympy__sympy-20049             file_rec=1.0 cov=0 line_R@5 arise=0 ours=0
[36/300] django__django-13768           file_rec=1.0 cov=0 line_R@5 arise=0 ours=1
[37/300] django__django-13028           file_rec=1.0 cov=0 line_R@5 arise=0 ours=1
[38/300] sympy__sympy-22714             file_rec=1.0 cov=0 line_R@5 arise=1 ours=1
[39/300] pylint-dev__pylint-7080        file_rec=0.0 cov=0 line_R@5 arise=0 ours=0
[40/300] astropy__astropy-14365         file_rec=1.0 cov=0 line_R@5 arise=0 ours=1
<unknown>:23: SyntaxWarning: "\S" is an invalid escape sequence. Such sequences will not work in the future. Did you mean "\\S"? A raw string is also an option.
<unknown>:22: SyntaxWarning: "\S" is an invalid escape sequence. Such sequences will not work in the future. Did you mean "\\S"? A raw string is also an option.
<unknown>:4: SyntaxWarning: "\m" is an invalid escape sequence. Such sequences will not work in the future. Did you mean "\\m"? A raw string is also an option.
<unknown>:16: SyntaxWarning: "\m" is an invalid escape sequence. Such sequences will not work in the future. Did you mean "\\m"? A raw string is also an option.
<unknown>:47: SyntaxWarning: "\m" is an invalid escape sequence. Such sequences will not work in the future. Did you mean "\\m"? A raw string is also an option.
<unknown>:121: SyntaxWarning: "\s" is an invalid escape sequence. Such sequences will not work in the future. Did you mean "\\s"? A raw string is also an option.
<unknown>:130: SyntaxWarning: "\s" is an invalid escape sequence. Such sequences will not work in the future. Did you mean "\\s"? A raw string is also an option.
<unknown>:290: SyntaxWarning: "\w" is an invalid escape sequence. Such sequences will not work in the future. Did you mean "\\w"? A raw string is also an option.
<unknown>:344: SyntaxWarning: "\*" is an invalid escape sequence. Such sequences will not work in the future. Did you mean "\\*"? A raw string is also an option.
<unknown>:472: SyntaxWarning: "\*" is an invalid escape sequence. Such sequences will not work in the future. Did you mean "\\*"? A raw string is also an option.
<unknown>:490: SyntaxWarning: "\*" is an invalid escape sequence. Such sequences will not work in the future. Did you mean "\\*"? A raw string is also an option.
<unknown>:63: SyntaxWarning: "\*" is an invalid escape sequence. Such sequences will not work in the future. Did you mean "\\*"? A raw string is also an option.
<unknown>:76: SyntaxWarning: "\*" is an invalid escape sequence. Such sequences will not work in the future. Did you mean "\\*"? A raw string is also an option.
<unknown>:89: SyntaxWarning: "\*" is an invalid escape sequence. Such sequences will not work in the future. Did you mean "\\*"? A raw string is also an option.
<unknown>:104: SyntaxWarning: "\*" is an invalid escape sequence. Such sequences will not work in the future. Did you mean "\\*"? A raw string is also an option.
<unknown>:117: SyntaxWarning: "\*" is an invalid escape sequence. Such sequences will not work in the future. Did you mean "\\*"? A raw string is also an option.
<unknown>:130: SyntaxWarning: "\*" is an invalid escape sequence. Such sequences will not work in the future. Did you mean "\\*"? A raw string is also an option.
<unknown>:142: SyntaxWarning: "\*" is an invalid escape sequence. Such sequences will not work in the future. Did you mean "\\*"? A raw string is also an option.
<unknown>:785: SyntaxWarning: "\*" is an invalid escape sequence. Such sequences will not work in the future. Did you mean "\\*"? A raw string is also an option.
<unknown>:473: SyntaxWarning: "\*" is an invalid escape sequence. Such sequences will not work in the future. Did you mean "\\*"? A raw string is also an option.
<unknown>:483: SyntaxWarning: "\*" is an invalid escape sequence. Such sequences will not work in the future. Did you mean "\\*"? A raw string is also an option.
<unknown>:493: SyntaxWarning: "\*" is an invalid escape sequence. Such sequences will not work in the future. Did you mean "\\*"? A raw string is also an option.
<unknown>:505: SyntaxWarning: "\*" is an invalid escape sequence. Such sequences will not work in the future. Did you mean "\\*"? A raw string is also an option.
<unknown>:515: SyntaxWarning: "\*" is an invalid escape sequence. Such sequences will not work in the future. Did you mean "\\*"? A raw string is also an option.
<unknown>:525: SyntaxWarning: "\*" is an invalid escape sequence. Such sequences will not work in the future. Did you mean "\\*"? A raw string is also an option.
<unknown>:534: SyntaxWarning: "\*" is an invalid escape sequence. Such sequences will not work in the future. Did you mean "\\*"? A raw string is also an option.
<unknown>:149: SyntaxWarning: "\*" is an invalid escape sequence. Such sequences will not work in the future. Did you mean "\\*"? A raw string is also an option.
<unknown>:500: SyntaxWarning: "\*" is an invalid escape sequence. Such sequences will not work in the future. Did you mean "\\*"? A raw string is also an option.
<unknown>:781: SyntaxWarning: "\*" is an invalid escape sequence. Such sequences will not work in the future. Did you mean "\\*"? A raw string is also an option.
<unknown>:44: SyntaxWarning: "\*" is an invalid escape sequence. Such sequences will not work in the future. Did you mean "\\*"? A raw string is also an option.
[41/300] sphinx-doc__sphinx-11445       file_rec=1.0 cov=0 line_R@5 arise=0 ours=1
<unknown>:425: SyntaxWarning: "\*" is an invalid escape sequence. Such sequences will not work in the future. Did you mean "\\*"? A raw string is also an option.
<unknown>:469: SyntaxWarning: "\l" is an invalid escape sequence. Such sequences will not work in the future. Did you mean "\\l"? A raw string is also an option.
<unknown>:864: SyntaxWarning: "\l" is an invalid escape sequence. Such sequences will not work in the future. Did you mean "\\l"? A raw string is also an option.
<unknown>:1127: SyntaxWarning: "\i" is an invalid escape sequence. Such sequences will not work in the future. Did you mean "\\i"? A raw string is also an option.
<unknown>:1624: SyntaxWarning: "\{" is an invalid escape sequence. Such sequences will not work in the future. Did you mean "\\{"? A raw string is also an option.
<unknown>:2841: SyntaxWarning: "\{" is an invalid escape sequence. Such sequences will not work in the future. Did you mean "\\{"? A raw string is also an option.
<unknown>:3125: SyntaxWarning: "\O" is an invalid escape sequence. Such sequences will not work in the future. Did you mean "\\O"? A raw string is also an option.
<unknown>:124: SyntaxWarning: "\i" is an invalid escape sequence. Such sequences will not work in the future. Did you mean "\\i"? A raw string is also an option.
<unknown>:19: SyntaxWarning: "\m" is an invalid escape sequence. Such sequences will not work in the future. Did you mean "\\m"? A raw string is also an option.
<unknown>:1465: SyntaxWarning: "\*" is an invalid escape sequence. Such sequences will not work in the future. Did you mean "\\*"? A raw string is also an option.
<unknown>:2232: SyntaxWarning: "\*" is an invalid escape sequence. Such sequences will not work in the future. Did you mean "\\*"? A raw string is also an option.
<unknown>:34: SyntaxWarning: "\_" is an invalid escape sequence. Such sequences will not work in the future. Did you mean "\\_"? A raw string is also an option.
<unknown>:1986: SyntaxWarning: "\s" is an invalid escape sequence. Such sequences will not work in the future. Did you mean "\\s"? A raw string is also an option.
<unknown>:425: SyntaxWarning: "\," is an invalid escape sequence. Such sequences will not work in the future. Did you mean "\\,"? A raw string is also an option.
<unknown>:453: SyntaxWarning: "\," is an invalid escape sequence. Such sequences will not work in the future. Did you mean "\\,"? A raw string is also an option.
<unknown>:453: SyntaxWarning: "\:" is an invalid escape sequence. Such sequences will not work in the future. Did you mean "\\:"? A raw string is also an option.
<unknown>:453: SyntaxWarning: "\ " is an invalid escape sequence. Such sequences will not work in the future. Did you mean "\\ "? A raw string is also an option.
<unknown>:394: SyntaxWarning: "\9" is an invalid escape sequence. Such sequences will not work in the future. Did you mean "\\9"? A raw string is also an option.
<unknown>:1750: SyntaxWarning: "\e" is an invalid escape sequence. Such sequences will not work in the future. Did you mean "\\e"? A raw string is also an option.
<unknown>:1824: SyntaxWarning: "\e" is an invalid escape sequence. Such sequences will not work in the future. Did you mean "\\e"? A raw string is also an option.
<unknown>:1922: SyntaxWarning: "\p" is an invalid escape sequence. Such sequences will not work in the future. Did you mean "\\p"? A raw string is also an option.
<unknown>:709: SyntaxWarning: "\|" is an invalid escape sequence. Such sequences will not work in the future. Did you mean "\\|"? A raw string is also an option.
[42/300] matplotlib__matplotlib-24149   file_rec=1.0 cov=0 line_R@5 arise=0 ours=0
<unknown>:1865: SyntaxWarning: "\c" is an invalid escape sequence. Such sequences will not work in the future. Did you mean "\\c"? A raw string is also an option.
<unknown>:723: SyntaxWarning: "\i" is an invalid escape sequence. Such sequences will not work in the future. Did you mean "\\i"? A raw string is also an option.
<unknown>:838: SyntaxWarning: "\i" is an invalid escape sequence. Such sequences will not work in the future. Did you mean "\\i"? A raw string is also an option.
<unknown>:2010: SyntaxWarning: "\i" is an invalid escape sequence. Such sequences will not work in the future. Did you mean "\\i"? A raw string is also an option.
<unknown>:592: SyntaxWarning: "\ " is an invalid escape sequence. Such sequences will not work in the future. Did you mean "\\ "? A raw string is also an option.
<unknown>:699: SyntaxWarning: "\ " is an invalid escape sequence. Such sequences will not work in the future. Did you mean "\\ "? A raw string is also an option.
<unknown>:181: SyntaxWarning: "\ " is an invalid escape sequence. Such sequences will not work in the future. Did you mean "\\ "? A raw string is also an option.
<unknown>:310: SyntaxWarning: "\ " is an invalid escape sequence. Such sequences will not work in the future. Did you mean "\\ "? A raw string is also an option.
<unknown>:1718: SyntaxWarning: "\i" is an invalid escape sequence. Such sequences will not work in the future. Did you mean "\\i"? A raw string is also an option.
<unknown>:323: SyntaxWarning: "\/" is an invalid escape sequence. Such sequences will not work in the future. Did you mean "\\/"? A raw string is also an option.
<unknown>:385: SyntaxWarning: "\/" is an invalid escape sequence. Such sequences will not work in the future. Did you mean "\\/"? A raw string is also an option.
<unknown>:1156: SyntaxWarning: "\*" is an invalid escape sequence. Such sequences will not work in the future. Did you mean "\\*"? A raw string is also an option.
<unknown>:2079: SyntaxWarning: "\m" is an invalid escape sequence. Such sequences will not work in the future. Did you mean "\\m"? A raw string is also an option.
<unknown>:1532: SyntaxWarning: "\p" is an invalid escape sequence. Such sequences will not work in the future. Did you mean "\\p"? A raw string is also an option.
<unknown>:1575: SyntaxWarning: "\l" is an invalid escape sequence. Such sequences will not work in the future. Did you mean "\\l"? A raw string is also an option.
<unknown>:1621: SyntaxWarning: "\s" is an invalid escape sequence. Such sequences will not work in the future. Did you mean "\\s"? A raw string is also an option.
<unknown>:1694: SyntaxWarning: "\p" is an invalid escape sequence. Such sequences will not work in the future. Did you mean "\\p"? A raw string is also an option.
<unknown>:1784: SyntaxWarning: "\s" is an invalid escape sequence. Such sequences will not work in the future. Did you mean "\\s"? A raw string is also an option.
<unknown>:33: SyntaxWarning: "\^" is an invalid escape sequence. Such sequences will not work in the future. Did you mean "\\^"? A raw string is also an option.
<unknown>:47: SyntaxWarning: "\s" is an invalid escape sequence. Such sequences will not work in the future. Did you mean "\\s"? A raw string is also an option.
<unknown>:83: SyntaxWarning: "\l" is an invalid escape sequence. Such sequences will not work in the future. Did you mean "\\l"? A raw string is also an option.
<unknown>:107: SyntaxWarning: "\m" is an invalid escape sequence. Such sequences will not work in the future. Did you mean "\\m"? A raw string is also an option.
<unknown>:135: SyntaxWarning: "\l" is an invalid escape sequence. Such sequences will not work in the future. Did you mean "\\l"? A raw string is also an option.
<unknown>:405: SyntaxWarning: "\d" is an invalid escape sequence. Such sequences will not work in the future. Did you mean "\\d"? A raw string is also an option.
<unknown>:406: SyntaxWarning: "\d" is an invalid escape sequence. Such sequences will not work in the future. Did you mean "\\d"? A raw string is also an option.
<unknown>:407: SyntaxWarning: "\(" is an invalid escape sequence. Such sequences will not work in the future. Did you mean "\\("? A raw string is also an option.
<unknown>:408: SyntaxWarning: "\[" is an invalid escape sequence. Such sequences will not work in the future. Did you mean "\\["? A raw string is also an option.
<unknown>:409: SyntaxWarning: "\(" is an invalid escape sequence. Such sequences will not work in the future. Did you mean "\\("? A raw string is also an option.
<unknown>:410: SyntaxWarning: "\<" is an invalid escape sequence. Such sequences will not work in the future. Did you mean "\\<"? A raw string is also an option.
<unknown>:565: SyntaxWarning: "\_" is an invalid escape sequence. Such sequences will not work in the future. Did you mean "\\_"? A raw string is also an option.
<unknown>:584: SyntaxWarning: "\_" is an invalid escape sequence. Such sequences will not work in the future. Did you mean "\\_"? A raw string is also an option.
<unknown>:794: SyntaxWarning: "\_" is an invalid escape sequence. Such sequences will not work in the future. Did you mean "\\_"? A raw string is also an option.
<unknown>:849: SyntaxWarning: "\_" is an invalid escape sequence. Such sequences will not work in the future. Did you mean "\\_"? A raw string is also an option.
<unknown>:1082: SyntaxWarning: "\_" is an invalid escape sequence. Such sequences will not work in the future. Did you mean "\\_"? A raw string is also an option.
<unknown>:1266: SyntaxWarning: "\_" is an invalid escape sequence. Such sequences will not work in the future. Did you mean "\\_"? A raw string is also an option.
<unknown>:1526: SyntaxWarning: "\_" is an invalid escape sequence. Such sequences will not work in the future. Did you mean "\\_"? A raw string is also an option.
<unknown>:1663: SyntaxWarning: "\_" is an invalid escape sequence. Such sequences will not work in the future. Did you mean "\\_"? A raw string is also an option.
<unknown>:662: SyntaxWarning: "\o" is an invalid escape sequence. Such sequences will not work in the future. Did you mean "\\o"? A raw string is also an option.
<unknown>:678: SyntaxWarning: "\s" is an invalid escape sequence. Such sequences will not work in the future. Did you mean "\\s"? A raw string is also an option.
<unknown>:1394: SyntaxWarning: "\d" is an invalid escape sequence. Such sequences will not work in the future. Did you mean "\\d"? A raw string is also an option.
<unknown>:1424: SyntaxWarning: "\c" is an invalid escape sequence. Such sequences will not work in the future. Did you mean "\\c"? A raw string is also an option.
<unknown>:1603: SyntaxWarning: "\l" is an invalid escape sequence. Such sequences will not work in the future. Did you mean "\\l"? A raw string is also an option.
<unknown>:1607: SyntaxWarning: "\l" is an invalid escape sequence. Such sequences will not work in the future. Did you mean "\\l"? A raw string is also an option.
<unknown>:1696: SyntaxWarning: "\l" is an invalid escape sequence. Such sequences will not work in the future. Did you mean "\\l"? A raw string is also an option.
<unknown>:680: SyntaxWarning: "\ " is an invalid escape sequence. Such sequences will not work in the future. Did you mean "\\ "? A raw string is also an option.
<unknown>:31: SyntaxWarning: "\e" is an invalid escape sequence. Such sequences will not work in the future. Did you mean "\\e"? A raw string is also an option.
<unknown>:192: SyntaxWarning: "\s" is an invalid escape sequence. Such sequences will not work in the future. Did you mean "\\s"? A raw string is also an option.
<unknown>:329: SyntaxWarning: "\*" is an invalid escape sequence. Such sequences will not work in the future. Did you mean "\\*"? A raw string is also an option.
<unknown>:299: SyntaxWarning: "\l" is an invalid escape sequence. Such sequences will not work in the future. Did you mean "\\l"? A raw string is also an option.
<unknown>:921: SyntaxWarning: "\*" is an invalid escape sequence. Such sequences will not work in the future. Did you mean "\\*"? A raw string is also an option.
<unknown>:182: SyntaxWarning: "\ " is an invalid escape sequence. Such sequences will not work in the future. Did you mean "\\ "? A raw string is also an option.
<unknown>:1587: SyntaxWarning: "\{" is an invalid escape sequence. Such sequences will not work in the future. Did you mean "\\{"? A raw string is also an option.
<unknown>:671: SyntaxWarning: "\/" is an invalid escape sequence. Such sequences will not work in the future. Did you mean "\\/"? A raw string is also an option.
<unknown>:119: SyntaxWarning: "\e" is an invalid escape sequence. Such sequences will not work in the future. Did you mean "\\e"? A raw string is also an option.
<unknown>:1289: SyntaxWarning: "\g" is an invalid escape sequence. Such sequences will not work in the future. Did you mean "\\g"? A raw string is also an option.
<unknown>:1354: SyntaxWarning: "\s" is an invalid escape sequence. Such sequences will not work in the future. Did you mean "\\s"? A raw string is also an option.
<unknown>:1417: SyntaxWarning: "\s" is an invalid escape sequence. Such sequences will not work in the future. Did you mean "\\s"? A raw string is also an option.
<unknown>:1538: SyntaxWarning: "\s" is an invalid escape sequence. Such sequences will not work in the future. Did you mean "\\s"? A raw string is also an option.
<unknown>:2275: SyntaxWarning: "\ " is an invalid escape sequence. Such sequences will not work in the future. Did you mean "\\ "? A raw string is also an option.
<unknown>:2439: SyntaxWarning: "\e" is an invalid escape sequence. Such sequences will not work in the future. Did you mean "\\e"? A raw string is also an option.
<unknown>:2481: SyntaxWarning: "\e" is an invalid escape sequence. Such sequences will not work in the future. Did you mean "\\e"? A raw string is also an option.
<unknown>:2491: SyntaxWarning: "\c" is an invalid escape sequence. Such sequences will not work in the future. Did you mean "\\c"? A raw string is also an option.
<unknown>:2501: SyntaxWarning: "\g" is an invalid escape sequence. Such sequences will not work in the future. Did you mean "\\g"? A raw string is also an option.
<unknown>:2642: SyntaxWarning: "\i" is an invalid escape sequence. Such sequences will not work in the future. Did you mean "\\i"? A raw string is also an option.
<unknown>:2856: SyntaxWarning: "\g" is an invalid escape sequence. Such sequences will not work in the future. Did you mean "\\g"? A raw string is also an option.
<unknown>:2936: SyntaxWarning: "\g" is an invalid escape sequence. Such sequences will not work in the future. Did you mean "\\g"? A raw string is also an option.
<unknown>:24: SyntaxWarning: "\l" is an invalid escape sequence. Such sequences will not work in the future. Did you mean "\\l"? A raw string is also an option.
<unknown>:73: SyntaxWarning: "\o" is an invalid escape sequence. Such sequences will not work in the future. Did you mean "\\o"? A raw string is also an option.
<unknown>:351: SyntaxWarning: "\o" is an invalid escape sequence. Such sequences will not work in the future. Did you mean "\\o"? A raw string is also an option.
<unknown>:462: SyntaxWarning: "\o" is an invalid escape sequence. Such sequences will not work in the future. Did you mean "\\o"? A raw string is also an option.
<unknown>:666: SyntaxWarning: "\o" is an invalid escape sequence. Such sequences will not work in the future. Did you mean "\\o"? A raw string is also an option.
<unknown>:557: SyntaxWarning: "\ " is an invalid escape sequence. Such sequences will not work in the future. Did you mean "\\ "? A raw string is also an option.
<unknown>:62: SyntaxWarning: "\_" is an invalid escape sequence. Such sequences will not work in the future. Did you mean "\\_"? A raw string is also an option.
<unknown>:808: SyntaxWarning: "\_" is an invalid escape sequence. Such sequences will not work in the future. Did you mean "\\_"? A raw string is also an option.
<unknown>:12: SyntaxWarning: "\s" is an invalid escape sequence. Such sequences will not work in the future. Did you mean "\\s"? A raw string is also an option.
<unknown>:498: SyntaxWarning: "\/" is an invalid escape sequence. Such sequences will not work in the future. Did you mean "\\/"? A raw string is also an option.
<unknown>:11: SyntaxWarning: "\_" is an invalid escape sequence. Such sequences will not work in the future. Did you mean "\\_"? A raw string is also an option.
<unknown>:47: SyntaxWarning: "\ " is an invalid escape sequence. Such sequences will not work in the future. Did you mean "\\ "? A raw string is also an option.
<unknown>:531: SyntaxWarning: "\*" is an invalid escape sequence. Such sequences will not work in the future. Did you mean "\\*"? A raw string is also an option.
<unknown>:1318: SyntaxWarning: "\*" is an invalid escape sequence. Such sequences will not work in the future. Did you mean "\\*"? A raw string is also an option.
<unknown>:1564: SyntaxWarning: "\d" is an invalid escape sequence. Such sequences will not work in the future. Did you mean "\\d"? A raw string is also an option.
<unknown>:1772: SyntaxWarning: "\s" is an invalid escape sequence. Such sequences will not work in the future. Did you mean "\\s"? A raw string is also an option.
<unknown>:1776: SyntaxWarning: "\s" is an invalid escape sequence. Such sequences will not work in the future. Did you mean "\\s"? A raw string is also an option.
<unknown>:260: SyntaxWarning: "\m" is an invalid escape sequence. Such sequences will not work in the future. Did you mean "\\m"? A raw string is also an option.
<unknown>:453: SyntaxWarning: "\m" is an invalid escape sequence. Such sequences will not work in the future. Did you mean "\\m"? A raw string is also an option.
<unknown>:490: SyntaxWarning: "\%" is an invalid escape sequence. Such sequences will not work in the future. Did you mean "\\%"? A raw string is also an option.
<unknown>:1625: SyntaxWarning: "\ " is an invalid escape sequence. Such sequences will not work in the future. Did you mean "\\ "? A raw string is also an option.
<unknown>:576: SyntaxWarning: "\_" is an invalid escape sequence. Such sequences will not work in the future. Did you mean "\\_"? A raw string is also an option.
<unknown>:859: SyntaxWarning: "\:" is an invalid escape sequence. Such sequences will not work in the future. Did you mean "\\:"? A raw string is also an option.
<unknown>:861: SyntaxWarning: "\:" is an invalid escape sequence. Such sequences will not work in the future. Did you mean "\\:"? A raw string is also an option.
<unknown>:948: SyntaxWarning: "\," is an invalid escape sequence. Such sequences will not work in the future. Did you mean "\\,"? A raw string is also an option.
<unknown>:952: SyntaxWarning: "\," is an invalid escape sequence. Such sequences will not work in the future. Did you mean "\\,"? A raw string is also an option.
<unknown>:1215: SyntaxWarning: "\m" is an invalid escape sequence. Such sequences will not work in the future. Did you mean "\\m"? A raw string is also an option.
<unknown>:1218: SyntaxWarning: "\e" is an invalid escape sequence. Such sequences will not work in the future. Did you mean "\\e"? A raw string is also an option.
<unknown>:736: SyntaxWarning: "\ " is an invalid escape sequence. Such sequences will not work in the future. Did you mean "\\ "? A raw string is also an option.
<unknown>:1472: SyntaxWarning: "\k" is an invalid escape sequence. Such sequences will not work in the future. Did you mean "\\k"? A raw string is also an option.
<unknown>:1489: SyntaxWarning: "\ " is an invalid escape sequence. Such sequences will not work in the future. Did you mean "\\ "? A raw string is also an option.
<unknown>:1507: SyntaxWarning: "\k" is an invalid escape sequence. Such sequences will not work in the future. Did you mean "\\k"? A raw string is also an option.
<unknown>:1752: SyntaxWarning: "\y" is an invalid escape sequence. Such sequences will not work in the future. Did you mean "\\y"? A raw string is also an option.
<unknown>:1768: SyntaxWarning: "\y" is an invalid escape sequence. Such sequences will not work in the future. Did you mean "\\y"? A raw string is also an option.
<unknown>:1826: SyntaxWarning: "\/" is an invalid escape sequence. Such sequences will not work in the future. Did you mean "\\/"? A raw string is also an option.
<unknown>:1837: SyntaxWarning: "\/" is an invalid escape sequence. Such sequences will not work in the future. Did you mean "\\/"? A raw string is also an option.
<unknown>:1851: SyntaxWarning: "\/" is an invalid escape sequence. Such sequences will not work in the future. Did you mean "\\/"? A raw string is also an option.
<unknown>:1866: SyntaxWarning: "\/" is an invalid escape sequence. Such sequences will not work in the future. Did you mean "\\/"? A raw string is also an option.
<unknown>:1882: SyntaxWarning: "\/" is an invalid escape sequence. Such sequences will not work in the future. Did you mean "\\/"? A raw string is also an option.
<unknown>:1896: SyntaxWarning: "\/" is an invalid escape sequence. Such sequences will not work in the future. Did you mean "\\/"? A raw string is also an option.
<unknown>:1910: SyntaxWarning: "\/" is an invalid escape sequence. Such sequences will not work in the future. Did you mean "\\/"? A raw string is also an option.
<unknown>:1926: SyntaxWarning: "\/" is an invalid escape sequence. Such sequences will not work in the future. Did you mean "\\/"? A raw string is also an option.
<unknown>:2013: SyntaxWarning: "\9" is an invalid escape sequence. Such sequences will not work in the future. Did you mean "\\9"? A raw string is also an option.
<unknown>:2041: SyntaxWarning: "\9" is an invalid escape sequence. Such sequences will not work in the future. Did you mean "\\9"? A raw string is also an option.
<unknown>:2278: SyntaxWarning: "\l" is an invalid escape sequence. Such sequences will not work in the future. Did you mean "\\l"? A raw string is also an option.
<unknown>:2487: SyntaxWarning: "\ " is an invalid escape sequence. Such sequences will not work in the future. Did you mean "\\ "? A raw string is also an option.
<unknown>:2884: SyntaxWarning: "\[" is an invalid escape sequence. Such sequences will not work in the future. Did you mean "\\["? A raw string is also an option.
<unknown>:2894: SyntaxWarning: "\ " is an invalid escape sequence. Such sequences will not work in the future. Did you mean "\\ "? A raw string is also an option.
<unknown>:2954: SyntaxWarning: "\ " is an invalid escape sequence. Such sequences will not work in the future. Did you mean "\\ "? A raw string is also an option.
<unknown>:2991: SyntaxWarning: "\ " is an invalid escape sequence. Such sequences will not work in the future. Did you mean "\\ "? A raw string is also an option.
<unknown>:3020: SyntaxWarning: "\ " is an invalid escape sequence. Such sequences will not work in the future. Did you mean "\\ "? A raw string is also an option.
<unknown>:3068: SyntaxWarning: "\ " is an invalid escape sequence. Such sequences will not work in the future. Did you mean "\\ "? A raw string is also an option.
<unknown>:3097: SyntaxWarning: "\ " is an invalid escape sequence. Such sequences will not work in the future. Did you mean "\\ "? A raw string is also an option.
<unknown>:3129: SyntaxWarning: "\ " is an invalid escape sequence. Such sequences will not work in the future. Did you mean "\\ "? A raw string is also an option.
<unknown>:3154: SyntaxWarning: "\ " is an invalid escape sequence. Such sequences will not work in the future. Did you mean "\\ "? A raw string is also an option.
<unknown>:3615: SyntaxWarning: "\ " is an invalid escape sequence. Such sequences will not work in the future. Did you mean "\\ "? A raw string is also an option.
<unknown>:4185: SyntaxWarning: "\ " is an invalid escape sequence. Such sequences will not work in the future. Did you mean "\\ "? A raw string is also an option.
<unknown>:4235: SyntaxWarning: "\ " is an invalid escape sequence. Such sequences will not work in the future. Did you mean "\\ "? A raw string is also an option.
<unknown>:4826: SyntaxWarning: "\_" is an invalid escape sequence. Such sequences will not work in the future. Did you mean "\\_"? A raw string is also an option.
<unknown>:4845: SyntaxWarning: "\_" is an invalid escape sequence. Such sequences will not work in the future. Did you mean "\\_"? A raw string is also an option.
<unknown>:4861: SyntaxWarning: "\_" is an invalid escape sequence. Such sequences will not work in the future. Did you mean "\\_"? A raw string is also an option.
<unknown>:4890: SyntaxWarning: "\_" is an invalid escape sequence. Such sequences will not work in the future. Did you mean "\\_"? A raw string is also an option.
<unknown>:4925: SyntaxWarning: "\_" is an invalid escape sequence. Such sequences will not work in the future. Did you mean "\\_"? A raw string is also an option.
<unknown>:5057: SyntaxWarning: "\z" is an invalid escape sequence. Such sequences will not work in the future. Did you mean "\\z"? A raw string is also an option.
<unknown>:5073: SyntaxWarning: "\ " is an invalid escape sequence. Such sequences will not work in the future. Did you mean "\\ "? A raw string is also an option.
<unknown>:5089: SyntaxWarning: "\z" is an invalid escape sequence. Such sequences will not work in the future. Did you mean "\\z"? A raw string is also an option.
<unknown>:5105: SyntaxWarning: "\ " is an invalid escape sequence. Such sequences will not work in the future. Did you mean "\\ "? A raw string is also an option.
<unknown>:5121: SyntaxWarning: "\ " is an invalid escape sequence. Such sequences will not work in the future. Did you mean "\\ "? A raw string is also an option.
<unknown>:5137: SyntaxWarning: "\ " is an invalid escape sequence. Such sequences will not work in the future. Did you mean "\\ "? A raw string is also an option.
<unknown>:5186: SyntaxWarning: "\ " is an invalid escape sequence. Such sequences will not work in the future. Did you mean "\\ "? A raw string is also an option.
<unknown>:5269: SyntaxWarning: "\/" is an invalid escape sequence. Such sequences will not work in the future. Did you mean "\\/"? A raw string is also an option.
<unknown>:5554: SyntaxWarning: "\ " is an invalid escape sequence. Such sequences will not work in the future. Did you mean "\\ "? A raw string is also an option.
<unknown>:5555: SyntaxWarning: "\ " is an invalid escape sequence. Such sequences will not work in the future. Did you mean "\\ "? A raw string is also an option.
<unknown>:5556: SyntaxWarning: "\ " is an invalid escape sequence. Such sequences will not work in the future. Did you mean "\\ "? A raw string is also an option.
<unknown>:5557: SyntaxWarning: "\ " is an invalid escape sequence. Such sequences will not work in the future. Did you mean "\\ "? A raw string is also an option.
<unknown>:5683: SyntaxWarning: "\ " is an invalid escape sequence. Such sequences will not work in the future. Did you mean "\\ "? A raw string is also an option.
<unknown>:5687: SyntaxWarning: "\ " is an invalid escape sequence. Such sequences will not work in the future. Did you mean "\\ "? A raw string is also an option.
<unknown>:423: SyntaxWarning: "\l" is an invalid escape sequence. Such sequences will not work in the future. Did you mean "\\l"? A raw string is also an option.
<unknown>:207: SyntaxWarning: "\i" is an invalid escape sequence. Such sequences will not work in the future. Did you mean "\\i"? A raw string is also an option.
<unknown>:388: SyntaxWarning: "\l" is an invalid escape sequence. Such sequences will not work in the future. Did you mean "\\l"? A raw string is also an option.
<unknown>:24: SyntaxWarning: "\ " is an invalid escape sequence. Such sequences will not work in the future. Did you mean "\\ "? A raw string is also an option.
<unknown>:121: SyntaxWarning: "\ " is an invalid escape sequence. Such sequences will not work in the future. Did you mean "\\ "? A raw string is also an option.
<unknown>:159: SyntaxWarning: "\l" is an invalid escape sequence. Such sequences will not work in the future. Did you mean "\\l"? A raw string is also an option.
<unknown>:694: SyntaxWarning: "\g" is an invalid escape sequence. Such sequences will not work in the future. Did you mean "\\g"? A raw string is also an option.
<unknown>:938: SyntaxWarning: "\p" is an invalid escape sequence. Such sequences will not work in the future. Did you mean "\\p"? A raw string is also an option.
<unknown>:539: SyntaxWarning: "\d" is an invalid escape sequence. Such sequences will not work in the future. Did you mean "\\d"? A raw string is also an option.
<unknown>:812: SyntaxWarning: "\d" is an invalid escape sequence. Such sequences will not work in the future. Did you mean "\\d"? A raw string is also an option.
<unknown>:870: SyntaxWarning: "\L" is an invalid escape sequence. Such sequences will not work in the future. Did you mean "\\L"? A raw string is also an option.
<unknown>:35: SyntaxWarning: "\s" is an invalid escape sequence. Such sequences will not work in the future. Did you mean "\\s"? A raw string is also an option.
<unknown>:458: SyntaxWarning: "\l" is an invalid escape sequence. Such sequences will not work in the future. Did you mean "\\l"? A raw string is also an option.
<unknown>:480: SyntaxWarning: "\l" is an invalid escape sequence. Such sequences will not work in the future. Did you mean "\\l"? A raw string is also an option.
<unknown>:574: SyntaxWarning: "\l" is an invalid escape sequence. Such sequences will not work in the future. Did you mean "\\l"? A raw string is also an option.
<unknown>:755: SyntaxWarning: "\e" is an invalid escape sequence. Such sequences will not work in the future. Did you mean "\\e"? A raw string is also an option.
<unknown>:2433: SyntaxWarning: "\s" is an invalid escape sequence. Such sequences will not work in the future. Did you mean "\\s"? A raw string is also an option.
<unknown>:228: SyntaxWarning: "\d" is an invalid escape sequence. Such sequences will not work in the future. Did you mean "\\d"? A raw string is also an option.
<unknown>:229: SyntaxWarning: "\d" is an invalid escape sequence. Such sequences will not work in the future. Did you mean "\\d"? A raw string is also an option.
<unknown>:5: SyntaxWarning: "\i" is an invalid escape sequence. Such sequences will not work in the future. Did you mean "\\i"? A raw string is also an option.
<unknown>:28: SyntaxWarning: "\s" is an invalid escape sequence. Such sequences will not work in the future. Did you mean "\\s"? A raw string is also an option.
<unknown>:304: SyntaxWarning: "\," is an invalid escape sequence. Such sequences will not work in the future. Did you mean "\\,"? A raw string is also an option.
<unknown>:23: SyntaxWarning: "\S" is an invalid escape sequence. Such sequences will not work in the future. Did you mean "\\S"? A raw string is also an option.
<unknown>:22: SyntaxWarning: "\S" is an invalid escape sequence. Such sequences will not work in the future. Did you mean "\\S"? A raw string is also an option.
<unknown>:4: SyntaxWarning: "\m" is an invalid escape sequence. Such sequences will not work in the future. Did you mean "\\m"? A raw string is also an option.
<unknown>:16: SyntaxWarning: "\m" is an invalid escape sequence. Such sequences will not work in the future. Did you mean "\\m"? A raw string is also an option.
<unknown>:47: SyntaxWarning: "\m" is an invalid escape sequence. Such sequences will not work in the future. Did you mean "\\m"? A raw string is also an option.
<unknown>:121: SyntaxWarning: "\s" is an invalid escape sequence. Such sequences will not work in the future. Did you mean "\\s"? A raw string is also an option.
<unknown>:130: SyntaxWarning: "\s" is an invalid escape sequence. Such sequences will not work in the future. Did you mean "\\s"? A raw string is also an option.
<unknown>:287: SyntaxWarning: "\w" is an invalid escape sequence. Such sequences will not work in the future. Did you mean "\\w"? A raw string is also an option.
<unknown>:341: SyntaxWarning: "\*" is an invalid escape sequence. Such sequences will not work in the future. Did you mean "\\*"? A raw string is also an option.
<unknown>:469: SyntaxWarning: "\*" is an invalid escape sequence. Such sequences will not work in the future. Did you mean "\\*"? A raw string is also an option.
<unknown>:487: SyntaxWarning: "\*" is an invalid escape sequence. Such sequences will not work in the future. Did you mean "\\*"? A raw string is also an option.
[43/300] scikit-learn__scikit-learn-13241 file_rec=0.0 cov=0 line_R@5 arise=0 ours=0
[44/300] django__django-16400           file_rec=0.0 cov=0 line_R@5 arise=0 ours=0
[45/300] sympy__sympy-21614             file_rec=1.0 cov=0 line_R@5 arise=0 ours=0
<unknown>:23: SyntaxWarning: "\S" is an invalid escape sequence. Such sequences will not work in the future. Did you mean "\\S"? A raw string is also an option.
<unknown>:22: SyntaxWarning: "\S" is an invalid escape sequence. Such sequences will not work in the future. Did you mean "\\S"? A raw string is also an option.
<unknown>:4: SyntaxWarning: "\m" is an invalid escape sequence. Such sequences will not work in the future. Did you mean "\\m"? A raw string is also an option.
<unknown>:16: SyntaxWarning: "\m" is an invalid escape sequence. Such sequences will not work in the future. Did you mean "\\m"? A raw string is also an option.
<unknown>:47: SyntaxWarning: "\m" is an invalid escape sequence. Such sequences will not work in the future. Did you mean "\\m"? A raw string is also an option.
<unknown>:121: SyntaxWarning: "\s" is an invalid escape sequence. Such sequences will not work in the future. Did you mean "\\s"? A raw string is also an option.
<unknown>:130: SyntaxWarning: "\s" is an invalid escape sequence. Such sequences will not work in the future. Did you mean "\\s"? A raw string is also an option.
<unknown>:290: SyntaxWarning: "\w" is an invalid escape sequence. Such sequences will not work in the future. Did you mean "\\w"? A raw string is also an option.
<unknown>:344: SyntaxWarning: "\*" is an invalid escape sequence. Such sequences will not work in the future. Did you mean "\\*"? A raw string is also an option.
<unknown>:472: SyntaxWarning: "\*" is an invalid escape sequence. Such sequences will not work in the future. Did you mean "\\*"? A raw string is also an option.
<unknown>:490: SyntaxWarning: "\*" is an invalid escape sequence. Such sequences will not work in the future. Did you mean "\\*"? A raw string is also an option.
<unknown>:785: SyntaxWarning: "\*" is an invalid escape sequence. Such sequences will not work in the future. Did you mean "\\*"? A raw string is also an option.
[46/300] pytest-dev__pytest-8906        file_rec=0.0 cov=0 line_R@5 arise=0 ours=0
[47/300] django__django-14730           file_rec=1.0 cov=0 line_R@5 arise=0 ours=0
[48/300] sympy__sympy-18835             file_rec=1.0 cov=0 line_R@5 arise=0 ours=1
<unknown>:662: SyntaxWarning: "\o" is an invalid escape sequence. Such sequences will not work in the future. Did you mean "\\o"? A raw string is also an option.
<unknown>:678: SyntaxWarning: "\s" is an invalid escape sequence. Such sequences will not work in the future. Did you mean "\\s"? A raw string is also an option.
<unknown>:1394: SyntaxWarning: "\d" is an invalid escape sequence. Such sequences will not work in the future. Did you mean "\\d"? A raw string is also an option.
<unknown>:1424: SyntaxWarning: "\c" is an invalid escape sequence. Such sequences will not work in the future. Did you mean "\\c"? A raw string is also an option.
<unknown>:1603: SyntaxWarning: "\l" is an invalid escape sequence. Such sequences will not work in the future. Did you mean "\\l"? A raw string is also an option.
<unknown>:1607: SyntaxWarning: "\l" is an invalid escape sequence. Such sequences will not work in the future. Did you mean "\\l"? A raw string is also an option.
<unknown>:1696: SyntaxWarning: "\l" is an invalid escape sequence. Such sequences will not work in the future. Did you mean "\\l"? A raw string is also an option.
[49/300] scikit-learn__scikit-learn-15512 file_rec=0.0 cov=0 line_R@5 arise=0 ours=0
[50/300] django__django-14017           file_rec=1.0 cov=0 line_R@5 arise=1 ours=1
[51/300] django__django-15400           file_rec=1.0 cov=0 line_R@5 arise=0 ours=0
<unknown>:662: SyntaxWarning: "\o" is an invalid escape sequence. Such sequences will not work in the future. Did you mean "\\o"? A raw string is also an option.
<unknown>:678: SyntaxWarning: "\s" is an invalid escape sequence. Such sequences will not work in the future. Did you mean "\\s"? A raw string is also an option.
<unknown>:1394: SyntaxWarning: "\d" is an invalid escape sequence. Such sequences will not work in the future. Did you mean "\\d"? A raw string is also an option.
<unknown>:1424: SyntaxWarning: "\c" is an invalid escape sequence. Such sequences will not work in the future. Did you mean "\\c"? A raw string is also an option.
<unknown>:1603: SyntaxWarning: "\l" is an invalid escape sequence. Such sequences will not work in the future. Did you mean "\\l"? A raw string is also an option.
<unknown>:1607: SyntaxWarning: "\l" is an invalid escape sequence. Such sequences will not work in the future. Did you mean "\\l"? A raw string is also an option.
<unknown>:1696: SyntaxWarning: "\l" is an invalid escape sequence. Such sequences will not work in the future. Did you mean "\\l"? A raw string is also an option.
<unknown>:23: SyntaxWarning: "\S" is an invalid escape sequence. Such sequences will not work in the future. Did you mean "\\S"? A raw string is also an option.
<unknown>:22: SyntaxWarning: "\S" is an invalid escape sequence. Such sequences will not work in the future. Did you mean "\\S"? A raw string is also an option.
<unknown>:4: SyntaxWarning: "\m" is an invalid escape sequence. Such sequences will not work in the future. Did you mean "\\m"? A raw string is also an option.
<unknown>:16: SyntaxWarning: "\m" is an invalid escape sequence. Such sequences will not work in the future. Did you mean "\\m"? A raw string is also an option.
<unknown>:47: SyntaxWarning: "\m" is an invalid escape sequence. Such sequences will not work in the future. Did you mean "\\m"? A raw string is also an option.
<unknown>:121: SyntaxWarning: "\s" is an invalid escape sequence. Such sequences will not work in the future. Did you mean "\\s"? A raw string is also an option.
<unknown>:130: SyntaxWarning: "\s" is an invalid escape sequence. Such sequences will not work in the future. Did you mean "\\s"? A raw string is also an option.
<unknown>:290: SyntaxWarning: "\w" is an invalid escape sequence. Such sequences will not work in the future. Did you mean "\\w"? A raw string is also an option.
<unknown>:344: SyntaxWarning: "\*" is an invalid escape sequence. Such sequences will not work in the future. Did you mean "\\*"? A raw string is also an option.
<unknown>:472: SyntaxWarning: "\*" is an invalid escape sequence. Such sequences will not work in the future. Did you mean "\\*"? A raw string is also an option.
<unknown>:490: SyntaxWarning: "\*" is an invalid escape sequence. Such sequences will not work in the future. Did you mean "\\*"? A raw string is also an option.
[52/300] django__django-11179           file_rec=1.0 cov=0 line_R@5 arise=0 ours=1
<unknown>:23: SyntaxWarning: "\S" is an invalid escape sequence. Such sequences will not work in the future. Did you mean "\\S"? A raw string is also an option.
<unknown>:22: SyntaxWarning: "\S" is an invalid escape sequence. Such sequences will not work in the future. Did you mean "\\S"? A raw string is also an option.
<unknown>:4: SyntaxWarning: "\m" is an invalid escape sequence. Such sequences will not work in the future. Did you mean "\\m"? A raw string is also an option.
<unknown>:16: SyntaxWarning: "\m" is an invalid escape sequence. Such sequences will not work in the future. Did you mean "\\m"? A raw string is also an option.
<unknown>:47: SyntaxWarning: "\m" is an invalid escape sequence. Such sequences will not work in the future. Did you mean "\\m"? A raw string is also an option.
<unknown>:121: SyntaxWarning: "\s" is an invalid escape sequence. Such sequences will not work in the future. Did you mean "\\s"? A raw string is also an option.
<unknown>:130: SyntaxWarning: "\s" is an invalid escape sequence. Such sequences will not work in the future. Did you mean "\\s"? A raw string is also an option.
<unknown>:290: SyntaxWarning: "\w" is an invalid escape sequence. Such sequences will not work in the future. Did you mean "\\w"? A raw string is also an option.
<unknown>:344: SyntaxWarning: "\*" is an invalid escape sequence. Such sequences will not work in the future. Did you mean "\\*"? A raw string is also an option.
<unknown>:472: SyntaxWarning: "\*" is an invalid escape sequence. Such sequences will not work in the future. Did you mean "\\*"? A raw string is also an option.
<unknown>:490: SyntaxWarning: "\*" is an invalid escape sequence. Such sequences will not work in the future. Did you mean "\\*"? A raw string is also an option.
<unknown>:387: SyntaxWarning: "\s" is an invalid escape sequence. Such sequences will not work in the future. Did you mean "\\s"? A raw string is also an option.
[53/300] django__django-11999           file_rec=1.0 cov=0 line_R@5 arise=0 ours=1
<unknown>:23: SyntaxWarning: "\S" is an invalid escape sequence. Such sequences will not work in the future. Did you mean "\\S"? A raw string is also an option.
<unknown>:22: SyntaxWarning: "\S" is an invalid escape sequence. Such sequences will not work in the future. Did you mean "\\S"? A raw string is also an option.
<unknown>:4: SyntaxWarning: "\m" is an invalid escape sequence. Such sequences will not work in the future. Did you mean "\\m"? A raw string is also an option.
<unknown>:16: SyntaxWarning: "\m" is an invalid escape sequence. Such sequences will not work in the future. Did you mean "\\m"? A raw string is also an option.
<unknown>:47: SyntaxWarning: "\m" is an invalid escape sequence. Such sequences will not work in the future. Did you mean "\\m"? A raw string is also an option.
<unknown>:121: SyntaxWarning: "\s" is an invalid escape sequence. Such sequences will not work in the future. Did you mean "\\s"? A raw string is also an option.
<unknown>:130: SyntaxWarning: "\s" is an invalid escape sequence. Such sequences will not work in the future. Did you mean "\\s"? A raw string is also an option.
<unknown>:287: SyntaxWarning: "\w" is an invalid escape sequence. Such sequences will not work in the future. Did you mean "\\w"? A raw string is also an option.
<unknown>:341: SyntaxWarning: "\*" is an invalid escape sequence. Such sequences will not work in the future. Did you mean "\\*"? A raw string is also an option.
<unknown>:469: SyntaxWarning: "\*" is an invalid escape sequence. Such sequences will not work in the future. Did you mean "\\*"? A raw string is also an option.
<unknown>:487: SyntaxWarning: "\*" is an invalid escape sequence. Such sequences will not work in the future. Did you mean "\\*"? A raw string is also an option.
[54/300] django__django-12708           file_rec=1.0 cov=0 line_R@5 arise=0 ours=1
[55/300] psf__requests-2674             file_rec=1.0 cov=0 line_R@5 arise=0 ours=0
[56/300] django__django-11848           file_rec=1.0 cov=0 line_R@5 arise=0 ours=1
[57/300] django__django-17051           file_rec=1.0 cov=0 line_R@5 arise=0 ours=1
[58/300] scikit-learn__scikit-learn-10508 file_rec=0.0 cov=0 line_R@5 arise=0 ours=0
[59/300] django__django-12747           file_rec=1.0 cov=0 line_R@5 arise=1 ours=1
[60/300] sympy__sympy-20639             file_rec=1.0 cov=0 line_R@5 arise=0 ours=1
[61/300] sympy__sympy-14024             file_rec=0.0 cov=0 line_R@5 arise=0 ours=0
<unknown>:662: SyntaxWarning: "\o" is an invalid escape sequence. Such sequences will not work in the future. Did you mean "\\o"? A raw string is also an option.
<unknown>:678: SyntaxWarning: "\s" is an invalid escape sequence. Such sequences will not work in the future. Did you mean "\\s"? A raw string is also an option.
<unknown>:1394: SyntaxWarning: "\d" is an invalid escape sequence. Such sequences will not work in the future. Did you mean "\\d"? A raw string is also an option.
<unknown>:1424: SyntaxWarning: "\c" is an invalid escape sequence. Such sequences will not work in the future. Did you mean "\\c"? A raw string is also an option.
<unknown>:1603: SyntaxWarning: "\l" is an invalid escape sequence. Such sequences will not work in the future. Did you mean "\\l"? A raw string is also an option.
<unknown>:1607: SyntaxWarning: "\l" is an invalid escape sequence. Such sequences will not work in the future. Did you mean "\\l"? A raw string is also an option.
<unknown>:1696: SyntaxWarning: "\l" is an invalid escape sequence. Such sequences will not work in the future. Did you mean "\\l"? A raw string is also an option.
[62/300] sympy__sympy-11897             file_rec=1.0 cov=0 line_R@5 arise=0 ours=0
<unknown>:425: SyntaxWarning: "\*" is an invalid escape sequence. Such sequences will not work in the future. Did you mean "\\*"? A raw string is also an option.
<unknown>:469: SyntaxWarning: "\l" is an invalid escape sequence. Such sequences will not work in the future. Did you mean "\\l"? A raw string is also an option.
<unknown>:864: SyntaxWarning: "\l" is an invalid escape sequence. Such sequences will not work in the future. Did you mean "\\l"? A raw string is also an option.
<unknown>:1127: SyntaxWarning: "\i" is an invalid escape sequence. Such sequences will not work in the future. Did you mean "\\i"? A raw string is also an option.
<unknown>:1624: SyntaxWarning: "\{" is an invalid escape sequence. Such sequences will not work in the future. Did you mean "\\{"? A raw string is also an option.
<unknown>:2840: SyntaxWarning: "\{" is an invalid escape sequence. Such sequences will not work in the future. Did you mean "\\{"? A raw string is also an option.
<unknown>:3124: SyntaxWarning: "\O" is an invalid escape sequence. Such sequences will not work in the future. Did you mean "\\O"? A raw string is also an option.
<unknown>:124: SyntaxWarning: "\i" is an invalid escape sequence. Such sequences will not work in the future. Did you mean "\\i"? A raw string is also an option.
<unknown>:19: SyntaxWarning: "\m" is an invalid escape sequence. Such sequences will not work in the future. Did you mean "\\m"? A raw string is also an option.
<unknown>:1473: SyntaxWarning: "\*" is an invalid escape sequence. Such sequences will not work in the future. Did you mean "\\*"? A raw string is also an option.
<unknown>:2259: SyntaxWarning: "\*" is an invalid escape sequence. Such sequences will not work in the future. Did you mean "\\*"? A raw string is also an option.
<unknown>:34: SyntaxWarning: "\_" is an invalid escape sequence. Such sequences will not work in the future. Did you mean "\\_"? A raw string is also an option.
<unknown>:1987: SyntaxWarning: "\s" is an invalid escape sequence. Such sequences will not work in the future. Did you mean "\\s"? A raw string is also an option.
<unknown>:425: SyntaxWarning: "\," is an invalid escape sequence. Such sequences will not work in the future. Did you mean "\\,"? A raw string is also an option.
<unknown>:453: SyntaxWarning: "\," is an invalid escape sequence. Such sequences will not work in the future. Did you mean "\\,"? A raw string is also an option.
<unknown>:453: SyntaxWarning: "\:" is an invalid escape sequence. Such sequences will not work in the future. Did you mean "\\:"? A raw string is also an option.
<unknown>:453: SyntaxWarning: "\ " is an invalid escape sequence. Such sequences will not work in the future. Did you mean "\\ "? A raw string is also an option.
<unknown>:394: SyntaxWarning: "\9" is an invalid escape sequence. Such sequences will not work in the future. Did you mean "\\9"? A raw string is also an option.
<unknown>:1751: SyntaxWarning: "\e" is an invalid escape sequence. Such sequences will not work in the future. Did you mean "\\e"? A raw string is also an option.
<unknown>:1825: SyntaxWarning: "\e" is an invalid escape sequence. Such sequences will not work in the future. Did you mean "\\e"? A raw string is also an option.
<unknown>:1923: SyntaxWarning: "\p" is an invalid escape sequence. Such sequences will not work in the future. Did you mean "\\p"? A raw string is also an option.
<unknown>:709: SyntaxWarning: "\|" is an invalid escape sequence. Such sequences will not work in the future. Did you mean "\\|"? A raw string is also an option.
<unknown>:1865: SyntaxWarning: "\c" is an invalid escape sequence. Such sequences will not work in the future. Did you mean "\\c"? A raw string is also an option.
<unknown>:723: SyntaxWarning: "\i" is an invalid escape sequence. Such sequences will not work in the future. Did you mean "\\i"? A raw string is also an option.
<unknown>:838: SyntaxWarning: "\i" is an invalid escape sequence. Such sequences will not work in the future. Did you mean "\\i"? A raw string is also an option.
<unknown>:2015: SyntaxWarning: "\i" is an invalid escape sequence. Such sequences will not work in the future. Did you mean "\\i"? A raw string is also an option.
<unknown>:592: SyntaxWarning: "\ " is an invalid escape sequence. Such sequences will not work in the future. Did you mean "\\ "? A raw string is also an option.
<unknown>:699: SyntaxWarning: "\ " is an invalid escape sequence. Such sequences will not work in the future. Did you mean "\\ "? A raw string is also an option.
<unknown>:181: SyntaxWarning: "\ " is an invalid escape sequence. Such sequences will not work in the future. Did you mean "\\ "? A raw string is also an option.
<unknown>:310: SyntaxWarning: "\ " is an invalid escape sequence. Such sequences will not work in the future. Did you mean "\\ "? A raw string is also an option.
<unknown>:1718: SyntaxWarning: "\i" is an invalid escape sequence. Such sequences will not work in the future. Did you mean "\\i"? A raw string is also an option.
<unknown>:323: SyntaxWarning: "\/" is an invalid escape sequence. Such sequences will not work in the future. Did you mean "\\/"? A raw string is also an option.
<unknown>:385: SyntaxWarning: "\/" is an invalid escape sequence. Such sequences will not work in the future. Did you mean "\\/"? A raw string is also an option.
<unknown>:1184: SyntaxWarning: "\*" is an invalid escape sequence. Such sequences will not work in the future. Did you mean "\\*"? A raw string is also an option.
<unknown>:3218: SyntaxWarning: "\m" is an invalid escape sequence. Such sequences will not work in the future. Did you mean "\\m"? A raw string is also an option.
<unknown>:1532: SyntaxWarning: "\p" is an invalid escape sequence. Such sequences will not work in the future. Did you mean "\\p"? A raw string is also an option.
<unknown>:1575: SyntaxWarning: "\l" is an invalid escape sequence. Such sequences will not work in the future. Did you mean "\\l"? A raw string is also an option.
<unknown>:1621: SyntaxWarning: "\s" is an invalid escape sequence. Such sequences will not work in the future. Did you mean "\\s"? A raw string is also an option.
<unknown>:1694: SyntaxWarning: "\p" is an invalid escape sequence. Such sequences will not work in the future. Did you mean "\\p"? A raw string is also an option.
<unknown>:1784: SyntaxWarning: "\s" is an invalid escape sequence. Such sequences will not work in the future. Did you mean "\\s"? A raw string is also an option.
<unknown>:33: SyntaxWarning: "\^" is an invalid escape sequence. Such sequences will not work in the future. Did you mean "\\^"? A raw string is also an option.
<unknown>:47: SyntaxWarning: "\s" is an invalid escape sequence. Such sequences will not work in the future. Did you mean "\\s"? A raw string is also an option.
<unknown>:83: SyntaxWarning: "\l" is an invalid escape sequence. Such sequences will not work in the future. Did you mean "\\l"? A raw string is also an option.
<unknown>:107: SyntaxWarning: "\m" is an invalid escape sequence. Such sequences will not work in the future. Did you mean "\\m"? A raw string is also an option.
<unknown>:135: SyntaxWarning: "\l" is an invalid escape sequence. Such sequences will not work in the future. Did you mean "\\l"? A raw string is also an option.
<unknown>:405: SyntaxWarning: "\d" is an invalid escape sequence. Such sequences will not work in the future. Did you mean "\\d"? A raw string is also an option.
<unknown>:406: SyntaxWarning: "\d" is an invalid escape sequence. Such sequences will not work in the future. Did you mean "\\d"? A raw string is also an option.
<unknown>:407: SyntaxWarning: "\(" is an invalid escape sequence. Such sequences will not work in the future. Did you mean "\\("? A raw string is also an option.
<unknown>:408: SyntaxWarning: "\[" is an invalid escape sequence. Such sequences will not work in the future. Did you mean "\\["? A raw string is also an option.
<unknown>:409: SyntaxWarning: "\(" is an invalid escape sequence. Such sequences will not work in the future. Did you mean "\\("? A raw string is also an option.
<unknown>:410: SyntaxWarning: "\<" is an invalid escape sequence. Such sequences will not work in the future. Did you mean "\\<"? A raw string is also an option.
<unknown>:565: SyntaxWarning: "\_" is an invalid escape sequence. Such sequences will not work in the future. Did you mean "\\_"? A raw string is also an option.
<unknown>:584: SyntaxWarning: "\_" is an invalid escape sequence. Such sequences will not work in the future. Did you mean "\\_"? A raw string is also an option.
<unknown>:794: SyntaxWarning: "\_" is an invalid escape sequence. Such sequences will not work in the future. Did you mean "\\_"? A raw string is also an option.
<unknown>:849: SyntaxWarning: "\_" is an invalid escape sequence. Such sequences will not work in the future. Did you mean "\\_"? A raw string is also an option.
<unknown>:1082: SyntaxWarning: "\_" is an invalid escape sequence. Such sequences will not work in the future. Did you mean "\\_"? A raw string is also an option.
<unknown>:1266: SyntaxWarning: "\_" is an invalid escape sequence. Such sequences will not work in the future. Did you mean "\\_"? A raw string is also an option.
<unknown>:1526: SyntaxWarning: "\_" is an invalid escape sequence. Such sequences will not work in the future. Did you mean "\\_"? A raw string is also an option.
<unknown>:1663: SyntaxWarning: "\_" is an invalid escape sequence. Such sequences will not work in the future. Did you mean "\\_"? A raw string is also an option.
<unknown>:664: SyntaxWarning: "\o" is an invalid escape sequence. Such sequences will not work in the future. Did you mean "\\o"? A raw string is also an option.
<unknown>:680: SyntaxWarning: "\s" is an invalid escape sequence. Such sequences will not work in the future. Did you mean "\\s"? A raw string is also an option.
<unknown>:1396: SyntaxWarning: "\d" is an invalid escape sequence. Such sequences will not work in the future. Did you mean "\\d"? A raw string is also an option.
<unknown>:1426: SyntaxWarning: "\c" is an invalid escape sequence. Such sequences will not work in the future. Did you mean "\\c"? A raw string is also an option.
<unknown>:1605: SyntaxWarning: "\l" is an invalid escape sequence. Such sequences will not work in the future. Did you mean "\\l"? A raw string is also an option.
<unknown>:1609: SyntaxWarning: "\l" is an invalid escape sequence. Such sequences will not work in the future. Did you mean "\\l"? A raw string is also an option.
<unknown>:1698: SyntaxWarning: "\l" is an invalid escape sequence. Such sequences will not work in the future. Did you mean "\\l"? A raw string is also an option.
<unknown>:687: SyntaxWarning: "\ " is an invalid escape sequence. Such sequences will not work in the future. Did you mean "\\ "? A raw string is also an option.
<unknown>:31: SyntaxWarning: "\e" is an invalid escape sequence. Such sequences will not work in the future. Did you mean "\\e"? A raw string is also an option.
<unknown>:192: SyntaxWarning: "\s" is an invalid escape sequence. Such sequences will not work in the future. Did you mean "\\s"? A raw string is also an option.
<unknown>:200: SyntaxWarning: "\s" is an invalid escape sequence. Such sequences will not work in the future. Did you mean "\\s"? A raw string is also an option.
<unknown>:329: SyntaxWarning: "\*" is an invalid escape sequence. Such sequences will not work in the future. Did you mean "\\*"? A raw string is also an option.
<unknown>:299: SyntaxWarning: "\l" is an invalid escape sequence. Such sequences will not work in the future. Did you mean "\\l"? A raw string is also an option.
<unknown>:921: SyntaxWarning: "\*" is an invalid escape sequence. Such sequences will not work in the future. Did you mean "\\*"? A raw string is also an option.
<unknown>:182: SyntaxWarning: "\ " is an invalid escape sequence. Such sequences will not work in the future. Did you mean "\\ "? A raw string is also an option.
<unknown>:1659: SyntaxWarning: "\{" is an invalid escape sequence. Such sequences will not work in the future. Did you mean "\\{"? A raw string is also an option.
<unknown>:671: SyntaxWarning: "\/" is an invalid escape sequence. Such sequences will not work in the future. Did you mean "\\/"? A raw string is also an option.
<unknown>:119: SyntaxWarning: "\e" is an invalid escape sequence. Such sequences will not work in the future. Did you mean "\\e"? A raw string is also an option.
<unknown>:1405: SyntaxWarning: "\g" is an invalid escape sequence. Such sequences will not work in the future. Did you mean "\\g"? A raw string is also an option.
<unknown>:1470: SyntaxWarning: "\s" is an invalid escape sequence. Such sequences will not work in the future. Did you mean "\\s"? A raw string is also an option.
<unknown>:1533: SyntaxWarning: "\s" is an invalid escape sequence. Such sequences will not work in the future. Did you mean "\\s"? A raw string is also an option.
<unknown>:1654: SyntaxWarning: "\s" is an invalid escape sequence. Such sequences will not work in the future. Did you mean "\\s"? A raw string is also an option.
<unknown>:2391: SyntaxWarning: "\ " is an invalid escape sequence. Such sequences will not work in the future. Did you mean "\\ "? A raw string is also an option.
<unknown>:2555: SyntaxWarning: "\e" is an invalid escape sequence. Such sequences will not work in the future. Did you mean "\\e"? A raw string is also an option.
<unknown>:2597: SyntaxWarning: "\e" is an invalid escape sequence. Such sequences will not work in the future. Did you mean "\\e"? A raw string is also an option.
<unknown>:2607: SyntaxWarning: "\c" is an invalid escape sequence. Such sequences will not work in the future. Did you mean "\\c"? A raw string is also an option.
<unknown>:2617: SyntaxWarning: "\g" is an invalid escape sequence. Such sequences will not work in the future. Did you mean "\\g"? A raw string is also an option.
<unknown>:2758: SyntaxWarning: "\i" is an invalid escape sequence. Such sequences will not work in the future. Did you mean "\\i"? A raw string is also an option.
<unknown>:2972: SyntaxWarning: "\g" is an invalid escape sequence. Such sequences will not work in the future. Did you mean "\\g"? A raw string is also an option.
<unknown>:3052: SyntaxWarning: "\g" is an invalid escape sequence. Such sequences will not work in the future. Did you mean "\\g"? A raw string is also an option.
<unknown>:24: SyntaxWarning: "\l" is an invalid escape sequence. Such sequences will not work in the future. Did you mean "\\l"? A raw string is also an option.
<unknown>:73: SyntaxWarning: "\o" is an invalid escape sequence. Such sequences will not work in the future. Did you mean "\\o"? A raw string is also an option.
<unknown>:351: SyntaxWarning: "\o" is an invalid escape sequence. Such sequences will not work in the future. Did you mean "\\o"? A raw string is also an option.
<unknown>:462: SyntaxWarning: "\o" is an invalid escape sequence. Such sequences will not work in the future. Did you mean "\\o"? A raw string is also an option.
<unknown>:666: SyntaxWarning: "\o" is an invalid escape sequence. Such sequences will not work in the future. Did you mean "\\o"? A raw string is also an option.
<unknown>:565: SyntaxWarning: "\ " is an invalid escape sequence. Such sequences will not work in the future. Did you mean "\\ "? A raw string is also an option.
<unknown>:62: SyntaxWarning: "\_" is an invalid escape sequence. Such sequences will not work in the future. Did you mean "\\_"? A raw string is also an option.
<unknown>:808: SyntaxWarning: "\_" is an invalid escape sequence. Such sequences will not work in the future. Did you mean "\\_"? A raw string is also an option.
<unknown>:12: SyntaxWarning: "\s" is an invalid escape sequence. Such sequences will not work in the future. Did you mean "\\s"? A raw string is also an option.
<unknown>:499: SyntaxWarning: "\/" is an invalid escape sequence. Such sequences will not work in the future. Did you mean "\\/"? A raw string is also an option.
<unknown>:11: SyntaxWarning: "\_" is an invalid escape sequence. Such sequences will not work in the future. Did you mean "\\_"? A raw string is also an option.
<unknown>:47: SyntaxWarning: "\ " is an invalid escape sequence. Such sequences will not work in the future. Did you mean "\\ "? A raw string is also an option.
<unknown>:531: SyntaxWarning: "\*" is an invalid escape sequence. Such sequences will not work in the future. Did you mean "\\*"? A raw string is also an option.
<unknown>:1318: SyntaxWarning: "\*" is an invalid escape sequence. Such sequences will not work in the future. Did you mean "\\*"? A raw string is also an option.
<unknown>:1564: SyntaxWarning: "\d" is an invalid escape sequence. Such sequences will not work in the future. Did you mean "\\d"? A raw string is also an option.
<unknown>:1772: SyntaxWarning: "\s" is an invalid escape sequence. Such sequences will not work in the future. Did you mean "\\s"? A raw string is also an option.
<unknown>:1776: SyntaxWarning: "\s" is an invalid escape sequence. Such sequences will not work in the future. Did you mean "\\s"? A raw string is also an option.
<unknown>:260: SyntaxWarning: "\m" is an invalid escape sequence. Such sequences will not work in the future. Did you mean "\\m"? A raw string is also an option.
<unknown>:453: SyntaxWarning: "\m" is an invalid escape sequence. Such sequences will not work in the future. Did you mean "\\m"? A raw string is also an option.
<unknown>:490: SyntaxWarning: "\%" is an invalid escape sequence. Such sequences will not work in the future. Did you mean "\\%"? A raw string is also an option.
<unknown>:1629: SyntaxWarning: "\ " is an invalid escape sequence. Such sequences will not work in the future. Did you mean "\\ "? A raw string is also an option.
<unknown>:576: SyntaxWarning: "\_" is an invalid escape sequence. Such sequences will not work in the future. Did you mean "\\_"? A raw string is also an option.
<unknown>:859: SyntaxWarning: "\:" is an invalid escape sequence. Such sequences will not work in the future. Did you mean "\\:"? A raw string is also an option.
<unknown>:861: SyntaxWarning: "\:" is an invalid escape sequence. Such sequences will not work in the future. Did you mean "\\:"? A raw string is also an option.
<unknown>:948: SyntaxWarning: "\," is an invalid escape sequence. Such sequences will not work in the future. Did you mean "\\,"? A raw string is also an option.
<unknown>:952: SyntaxWarning: "\," is an invalid escape sequence. Such sequences will not work in the future. Did you mean "\\,"? A raw string is also an option.
<unknown>:1215: SyntaxWarning: "\m" is an invalid escape sequence. Such sequences will not work in the future. Did you mean "\\m"? A raw string is also an option.
<unknown>:1218: SyntaxWarning: "\e" is an invalid escape sequence. Such sequences will not work in the future. Did you mean "\\e"? A raw string is also an option.
<unknown>:744: SyntaxWarning: "\ " is an invalid escape sequence. Such sequences will not work in the future. Did you mean "\\ "? A raw string is also an option.
<unknown>:1472: SyntaxWarning: "\k" is an invalid escape sequence. Such sequences will not work in the future. Did you mean "\\k"? A raw string is also an option.
<unknown>:1489: SyntaxWarning: "\ " is an invalid escape sequence. Such sequences will not work in the future. Did you mean "\\ "? A raw string is also an option.
<unknown>:1507: SyntaxWarning: "\k" is an invalid escape sequence. Such sequences will not work in the future. Did you mean "\\k"? A raw string is also an option.
<unknown>:1752: SyntaxWarning: "\y" is an invalid escape sequence. Such sequences will not work in the future. Did you mean "\\y"? A raw string is also an option.
<unknown>:1768: SyntaxWarning: "\y" is an invalid escape sequence. Such sequences will not work in the future. Did you mean "\\y"? A raw string is also an option.
<unknown>:1826: SyntaxWarning: "\/" is an invalid escape sequence. Such sequences will not work in the future. Did you mean "\\/"? A raw string is also an option.
<unknown>:1837: SyntaxWarning: "\/" is an invalid escape sequence. Such sequences will not work in the future. Did you mean "\\/"? A raw string is also an option.
<unknown>:1851: SyntaxWarning: "\/" is an invalid escape sequence. Such sequences will not work in the future. Did you mean "\\/"? A raw string is also an option.
<unknown>:1866: SyntaxWarning: "\/" is an invalid escape sequence. Such sequences will not work in the future. Did you mean "\\/"? A raw string is also an option.
<unknown>:1882: SyntaxWarning: "\/" is an invalid escape sequence. Such sequences will not work in the future. Did you mean "\\/"? A raw string is also an option.
<unknown>:1896: SyntaxWarning: "\/" is an invalid escape sequence. Such sequences will not work in the future. Did you mean "\\/"? A raw string is also an option.
<unknown>:1910: SyntaxWarning: "\/" is an invalid escape sequence. Such sequences will not work in the future. Did you mean "\\/"? A raw string is also an option.
<unknown>:1926: SyntaxWarning: "\/" is an invalid escape sequence. Such sequences will not work in the future. Did you mean "\\/"? A raw string is also an option.
<unknown>:2013: SyntaxWarning: "\9" is an invalid escape sequence. Such sequences will not work in the future. Did you mean "\\9"? A raw string is also an option.
<unknown>:2041: SyntaxWarning: "\9" is an invalid escape sequence. Such sequences will not work in the future. Did you mean "\\9"? A raw string is also an option.
<unknown>:2278: SyntaxWarning: "\l" is an invalid escape sequence. Such sequences will not work in the future. Did you mean "\\l"? A raw string is also an option.
<unknown>:2487: SyntaxWarning: "\ " is an invalid escape sequence. Such sequences will not work in the future. Did you mean "\\ "? A raw string is also an option.
<unknown>:2884: SyntaxWarning: "\[" is an invalid escape sequence. Such sequences will not work in the future. Did you mean "\\["? A raw string is also an option.
<unknown>:2894: SyntaxWarning: "\ " is an invalid escape sequence. Such sequences will not work in the future. Did you mean "\\ "? A raw string is also an option.
<unknown>:2954: SyntaxWarning: "\ " is an invalid escape sequence. Such sequences will not work in the future. Did you mean "\\ "? A raw string is also an option.
<unknown>:2991: SyntaxWarning: "\ " is an invalid escape sequence. Such sequences will not work in the future. Did you mean "\\ "? A raw string is also an option.
<unknown>:3020: SyntaxWarning: "\ " is an invalid escape sequence. Such sequences will not work in the future. Did you mean "\\ "? A raw string is also an option.
<unknown>:3068: SyntaxWarning: "\ " is an invalid escape sequence. Such sequences will not work in the future. Did you mean "\\ "? A raw string is also an option.
<unknown>:3097: SyntaxWarning: "\ " is an invalid escape sequence. Such sequences will not work in the future. Did you mean "\\ "? A raw string is also an option.
<unknown>:3129: SyntaxWarning: "\ " is an invalid escape sequence. Such sequences will not work in the future. Did you mean "\\ "? A raw string is also an option.
<unknown>:3154: SyntaxWarning: "\ " is an invalid escape sequence. Such sequences will not work in the future. Did you mean "\\ "? A raw string is also an option.
<unknown>:3615: SyntaxWarning: "\ " is an invalid escape sequence. Such sequences will not work in the future. Did you mean "\\ "? A raw string is also an option.
<unknown>:4185: SyntaxWarning: "\ " is an invalid escape sequence. Such sequences will not work in the future. Did you mean "\\ "? A raw string is also an option.
<unknown>:4235: SyntaxWarning: "\ " is an invalid escape sequence. Such sequences will not work in the future. Did you mean "\\ "? A raw string is also an option.
<unknown>:4828: SyntaxWarning: "\_" is an invalid escape sequence. Such sequences will not work in the future. Did you mean "\\_"? A raw string is also an option.
<unknown>:4847: SyntaxWarning: "\_" is an invalid escape sequence. Such sequences will not work in the future. Did you mean "\\_"? A raw string is also an option.
<unknown>:4863: SyntaxWarning: "\_" is an invalid escape sequence. Such sequences will not work in the future. Did you mean "\\_"? A raw string is also an option.
<unknown>:4892: SyntaxWarning: "\_" is an invalid escape sequence. Such sequences will not work in the future. Did you mean "\\_"? A raw string is also an option.
<unknown>:4927: SyntaxWarning: "\_" is an invalid escape sequence. Such sequences will not work in the future. Did you mean "\\_"? A raw string is also an option.
<unknown>:5059: SyntaxWarning: "\z" is an invalid escape sequence. Such sequences will not work in the future. Did you mean "\\z"? A raw string is also an option.
<unknown>:5075: SyntaxWarning: "\ " is an invalid escape sequence. Such sequences will not work in the future. Did you mean "\\ "? A raw string is also an option.
<unknown>:5091: SyntaxWarning: "\z" is an invalid escape sequence. Such sequences will not work in the future. Did you mean "\\z"? A raw string is also an option.
<unknown>:5107: SyntaxWarning: "\ " is an invalid escape sequence. Such sequences will not work in the future. Did you mean "\\ "? A raw string is also an option.
<unknown>:5123: SyntaxWarning: "\ " is an invalid escape sequence. Such sequences will not work in the future. Did you mean "\\ "? A raw string is also an option.
<unknown>:5139: SyntaxWarning: "\ " is an invalid escape sequence. Such sequences will not work in the future. Did you mean "\\ "? A raw string is also an option.
<unknown>:5188: SyntaxWarning: "\ " is an invalid escape sequence. Such sequences will not work in the future. Did you mean "\\ "? A raw string is also an option.
<unknown>:5271: SyntaxWarning: "\/" is an invalid escape sequence. Such sequences will not work in the future. Did you mean "\\/"? A raw string is also an option.
<unknown>:5556: SyntaxWarning: "\ " is an invalid escape sequence. Such sequences will not work in the future. Did you mean "\\ "? A raw string is also an option.
<unknown>:5557: SyntaxWarning: "\ " is an invalid escape sequence. Such sequences will not work in the future. Did you mean "\\ "? A raw string is also an option.
<unknown>:5558: SyntaxWarning: "\ " is an invalid escape sequence. Such sequences will not work in the future. Did you mean "\\ "? A raw string is also an option.
<unknown>:5559: SyntaxWarning: "\ " is an invalid escape sequence. Such sequences will not work in the future. Did you mean "\\ "? A raw string is also an option.
<unknown>:5685: SyntaxWarning: "\ " is an invalid escape sequence. Such sequences will not work in the future. Did you mean "\\ "? A raw string is also an option.
<unknown>:5689: SyntaxWarning: "\ " is an invalid escape sequence. Such sequences will not work in the future. Did you mean "\\ "? A raw string is also an option.
<unknown>:423: SyntaxWarning: "\l" is an invalid escape sequence. Such sequences will not work in the future. Did you mean "\\l"? A raw string is also an option.
<unknown>:207: SyntaxWarning: "\i" is an invalid escape sequence. Such sequences will not work in the future. Did you mean "\\i"? A raw string is also an option.
<unknown>:388: SyntaxWarning: "\l" is an invalid escape sequence. Such sequences will not work in the future. Did you mean "\\l"? A raw string is also an option.
<unknown>:24: SyntaxWarning: "\ " is an invalid escape sequence. Such sequences will not work in the future. Did you mean "\\ "? A raw string is also an option.
<unknown>:121: SyntaxWarning: "\ " is an invalid escape sequence. Such sequences will not work in the future. Did you mean "\\ "? A raw string is also an option.
<unknown>:159: SyntaxWarning: "\l" is an invalid escape sequence. Such sequences will not work in the future. Did you mean "\\l"? A raw string is also an option.
<unknown>:694: SyntaxWarning: "\g" is an invalid escape sequence. Such sequences will not work in the future. Did you mean "\\g"? A raw string is also an option.
<unknown>:938: SyntaxWarning: "\p" is an invalid escape sequence. Such sequences will not work in the future. Did you mean "\\p"? A raw string is also an option.
<unknown>:539: SyntaxWarning: "\d" is an invalid escape sequence. Such sequences will not work in the future. Did you mean "\\d"? A raw string is also an option.
<unknown>:812: SyntaxWarning: "\d" is an invalid escape sequence. Such sequences will not work in the future. Did you mean "\\d"? A raw string is also an option.
<unknown>:870: SyntaxWarning: "\L" is an invalid escape sequence. Such sequences will not work in the future. Did you mean "\\L"? A raw string is also an option.
<unknown>:35: SyntaxWarning: "\s" is an invalid escape sequence. Such sequences will not work in the future. Did you mean "\\s"? A raw string is also an option.
<unknown>:458: SyntaxWarning: "\l" is an invalid escape sequence. Such sequences will not work in the future. Did you mean "\\l"? A raw string is also an option.
<unknown>:480: SyntaxWarning: "\l" is an invalid escape sequence. Such sequences will not work in the future. Did you mean "\\l"? A raw string is also an option.
<unknown>:574: SyntaxWarning: "\l" is an invalid escape sequence. Such sequences will not work in the future. Did you mean "\\l"? A raw string is also an option.
<unknown>:755: SyntaxWarning: "\e" is an invalid escape sequence. Such sequences will not work in the future. Did you mean "\\e"? A raw string is also an option.
<unknown>:2433: SyntaxWarning: "\s" is an invalid escape sequence. Such sequences will not work in the future. Did you mean "\\s"? A raw string is also an option.
<unknown>:228: SyntaxWarning: "\d" is an invalid escape sequence. Such sequences will not work in the future. Did you mean "\\d"? A raw string is also an option.
<unknown>:229: SyntaxWarning: "\d" is an invalid escape sequence. Such sequences will not work in the future. Did you mean "\\d"? A raw string is also an option.
<unknown>:5: SyntaxWarning: "\i" is an invalid escape sequence. Such sequences will not work in the future. Did you mean "\\i"? A raw string is also an option.
<unknown>:28: SyntaxWarning: "\s" is an invalid escape sequence. Such sequences will not work in the future. Did you mean "\\s"? A raw string is also an option.
<unknown>:304: SyntaxWarning: "\," is an invalid escape sequence. Such sequences will not work in the future. Did you mean "\\,"? A raw string is also an option.
<unknown>:23: SyntaxWarning: "\S" is an invalid escape sequence. Such sequences will not work in the future. Did you mean "\\S"? A raw string is also an option.
<unknown>:22: SyntaxWarning: "\S" is an invalid escape sequence. Such sequences will not work in the future. Did you mean "\\S"? A raw string is also an option.
<unknown>:4: SyntaxWarning: "\m" is an invalid escape sequence. Such sequences will not work in the future. Did you mean "\\m"? A raw string is also an option.
<unknown>:16: SyntaxWarning: "\m" is an invalid escape sequence. Such sequences will not work in the future. Did you mean "\\m"? A raw string is also an option.
<unknown>:47: SyntaxWarning: "\m" is an invalid escape sequence. Such sequences will not work in the future. Did you mean "\\m"? A raw string is also an option.
<unknown>:121: SyntaxWarning: "\s" is an invalid escape sequence. Such sequences will not work in the future. Did you mean "\\s"? A raw string is also an option.
<unknown>:130: SyntaxWarning: "\s" is an invalid escape sequence. Such sequences will not work in the future. Did you mean "\\s"? A raw string is also an option.
<unknown>:287: SyntaxWarning: "\w" is an invalid escape sequence. Such sequences will not work in the future. Did you mean "\\w"? A raw string is also an option.
<unknown>:341: SyntaxWarning: "\*" is an invalid escape sequence. Such sequences will not work in the future. Did you mean "\\*"? A raw string is also an option.
<unknown>:469: SyntaxWarning: "\*" is an invalid escape sequence. Such sequences will not work in the future. Did you mean "\\*"? A raw string is also an option.
<unknown>:487: SyntaxWarning: "\*" is an invalid escape sequence. Such sequences will not work in the future. Did you mean "\\*"? A raw string is also an option.
[63/300] sympy__sympy-17630             file_rec=1.0 cov=0 line_R@5 arise=0 ours=0
[64/300] django__django-12453           file_rec=1.0 cov=0 line_R@5 arise=1 ours=1
[65/300] django__django-16046           file_rec=1.0 cov=0 line_R@5 arise=0 ours=0
<unknown>:2259: SyntaxWarning: "\*" is an invalid escape sequence. Such sequences will not work in the future. Did you mean "\\*"? A raw string is also an option.
<unknown>:23: SyntaxWarning: "\S" is an invalid escape sequence. Such sequences will not work in the future. Did you mean "\\S"? A raw string is also an option.
<unknown>:22: SyntaxWarning: "\S" is an invalid escape sequence. Such sequences will not work in the future. Did you mean "\\S"? A raw string is also an option.
<unknown>:4: SyntaxWarning: "\m" is an invalid escape sequence. Such sequences will not work in the future. Did you mean "\\m"? A raw string is also an option.
<unknown>:16: SyntaxWarning: "\m" is an invalid escape sequence. Such sequences will not work in the future. Did you mean "\\m"? A raw string is also an option.
<unknown>:47: SyntaxWarning: "\m" is an invalid escape sequence. Such sequences will not work in the future. Did you mean "\\m"? A raw string is also an option.
<unknown>:120: SyntaxWarning: "\s" is an invalid escape sequence. Such sequences will not work in the future. Did you mean "\\s"? A raw string is also an option.
<unknown>:129: SyntaxWarning: "\s" is an invalid escape sequence. Such sequences will not work in the future. Did you mean "\\s"? A raw string is also an option.
<unknown>:289: SyntaxWarning: "\w" is an invalid escape sequence. Such sequences will not work in the future. Did you mean "\\w"? A raw string is also an option.
<unknown>:343: SyntaxWarning: "\*" is an invalid escape sequence. Such sequences will not work in the future. Did you mean "\\*"? A raw string is also an option.
<unknown>:471: SyntaxWarning: "\*" is an invalid escape sequence. Such sequences will not work in the future. Did you mean "\\*"? A raw string is also an option.
<unknown>:489: SyntaxWarning: "\*" is an invalid escape sequence. Such sequences will not work in the future. Did you mean "\\*"? A raw string is also an option.
[66/300] sympy__sympy-15011             file_rec=1.0 cov=0 line_R@5 arise=0 ours=0
[67/300] django__django-14999           file_rec=1.0 cov=0 line_R@5 arise=0 ours=1
[68/300] sympy__sympy-21612             file_rec=0.0 cov=0 line_R@5 arise=0 ours=0
[69/300] django__django-11422           file_rec=1.0 cov=0 line_R@5 arise=0 ours=0
<unknown>:425: SyntaxWarning: "\*" is an invalid escape sequence. Such sequences will not work in the future. Did you mean "\\*"? A raw string is also an option.
<unknown>:473: SyntaxWarning: "\l" is an invalid escape sequence. Such sequences will not work in the future. Did you mean "\\l"? A raw string is also an option.
<unknown>:862: SyntaxWarning: "\l" is an invalid escape sequence. Such sequences will not work in the future. Did you mean "\\l"? A raw string is also an option.
<unknown>:1275: SyntaxWarning: "\i" is an invalid escape sequence. Such sequences will not work in the future. Did you mean "\\i"? A raw string is also an option.
<unknown>:1772: SyntaxWarning: "\{" is an invalid escape sequence. Such sequences will not work in the future. Did you mean "\\{"? A raw string is also an option.
<unknown>:2992: SyntaxWarning: "\{" is an invalid escape sequence. Such sequences will not work in the future. Did you mean "\\{"? A raw string is also an option.
<unknown>:3276: SyntaxWarning: "\O" is an invalid escape sequence. Such sequences will not work in the future. Did you mean "\\O"? A raw string is also an option.
<unknown>:124: SyntaxWarning: "\i" is an invalid escape sequence. Such sequences will not work in the future. Did you mean "\\i"? A raw string is also an option.
<unknown>:19: SyntaxWarning: "\m" is an invalid escape sequence. Such sequences will not work in the future. Did you mean "\\m"? A raw string is also an option.
<unknown>:1473: SyntaxWarning: "\*" is an invalid escape sequence. Such sequences will not work in the future. Did you mean "\\*"? A raw string is also an option.
<unknown>:2278: SyntaxWarning: "\*" is an invalid escape sequence. Such sequences will not work in the future. Did you mean "\\*"? A raw string is also an option.
<unknown>:34: SyntaxWarning: "\_" is an invalid escape sequence. Such sequences will not work in the future. Did you mean "\\_"? A raw string is also an option.
<unknown>:1987: SyntaxWarning: "\s" is an invalid escape sequence. Such sequences will not work in the future. Did you mean "\\s"? A raw string is also an option.
<unknown>:425: SyntaxWarning: "\," is an invalid escape sequence. Such sequences will not work in the future. Did you mean "\\,"? A raw string is also an option.
<unknown>:453: SyntaxWarning: "\," is an invalid escape sequence. Such sequences will not work in the future. Did you mean "\\,"? A raw string is also an option.
<unknown>:453: SyntaxWarning: "\:" is an invalid escape sequence. Such sequences will not work in the future. Did you mean "\\:"? A raw string is also an option.
<unknown>:453: SyntaxWarning: "\ " is an invalid escape sequence. Such sequences will not work in the future. Did you mean "\\ "? A raw string is also an option.
<unknown>:394: SyntaxWarning: "\9" is an invalid escape sequence. Such sequences will not work in the future. Did you mean "\\9"? A raw string is also an option.
<unknown>:1751: SyntaxWarning: "\e" is an invalid escape sequence. Such sequences will not work in the future. Did you mean "\\e"? A raw string is also an option.
<unknown>:1825: SyntaxWarning: "\e" is an invalid escape sequence. Such sequences will not work in the future. Did you mean "\\e"? A raw string is also an option.
<unknown>:1923: SyntaxWarning: "\p" is an invalid escape sequence. Such sequences will not work in the future. Did you mean "\\p"? A raw string is also an option.
<unknown>:709: SyntaxWarning: "\|" is an invalid escape sequence. Such sequences will not work in the future. Did you mean "\\|"? A raw string is also an option.
<unknown>:1865: SyntaxWarning: "\c" is an invalid escape sequence. Such sequences will not work in the future. Did you mean "\\c"? A raw string is also an option.
<unknown>:723: SyntaxWarning: "\i" is an invalid escape sequence. Such sequences will not work in the future. Did you mean "\\i"? A raw string is also an option.
<unknown>:838: SyntaxWarning: "\i" is an invalid escape sequence. Such sequences will not work in the future. Did you mean "\\i"? A raw string is also an option.
<unknown>:2015: SyntaxWarning: "\i" is an invalid escape sequence. Such sequences will not work in the future. Did you mean "\\i"? A raw string is also an option.
<unknown>:592: SyntaxWarning: "\ " is an invalid escape sequence. Such sequences will not work in the future. Did you mean "\\ "? A raw string is also an option.
<unknown>:699: SyntaxWarning: "\ " is an invalid escape sequence. Such sequences will not work in the future. Did you mean "\\ "? A raw string is also an option.
<unknown>:181: SyntaxWarning: "\ " is an invalid escape sequence. Such sequences will not work in the future. Did you mean "\\ "? A raw string is also an option.
<unknown>:310: SyntaxWarning: "\ " is an invalid escape sequence. Such sequences will not work in the future. Did you mean "\\ "? A raw string is also an option.
<unknown>:1718: SyntaxWarning: "\i" is an invalid escape sequence. Such sequences will not work in the future. Did you mean "\\i"? A raw string is also an option.
<unknown>:329: SyntaxWarning: "\/" is an invalid escape sequence. Such sequences will not work in the future. Did you mean "\\/"? A raw string is also an option.
<unknown>:385: SyntaxWarning: "\/" is an invalid escape sequence. Such sequences will not work in the future. Did you mean "\\/"? A raw string is also an option.
<unknown>:904: SyntaxWarning: "\*" is an invalid escape sequence. Such sequences will not work in the future. Did you mean "\\*"? A raw string is also an option.
<unknown>:3594: SyntaxWarning: "\m" is an invalid escape sequence. Such sequences will not work in the future. Did you mean "\\m"? A raw string is also an option.
<unknown>:1560: SyntaxWarning: "\p" is an invalid escape sequence. Such sequences will not work in the future. Did you mean "\\p"? A raw string is also an option.
<unknown>:1603: SyntaxWarning: "\l" is an invalid escape sequence. Such sequences will not work in the future. Did you mean "\\l"? A raw string is also an option.
<unknown>:1649: SyntaxWarning: "\s" is an invalid escape sequence. Such sequences will not work in the future. Did you mean "\\s"? A raw string is also an option.
<unknown>:1722: SyntaxWarning: "\p" is an invalid escape sequence. Such sequences will not work in the future. Did you mean "\\p"? A raw string is also an option.
<unknown>:1812: SyntaxWarning: "\s" is an invalid escape sequence. Such sequences will not work in the future. Did you mean "\\s"? A raw string is also an option.
<unknown>:33: SyntaxWarning: "\^" is an invalid escape sequence. Such sequences will not work in the future. Did you mean "\\^"? A raw string is also an option.
<unknown>:47: SyntaxWarning: "\s" is an invalid escape sequence. Such sequences will not work in the future. Did you mean "\\s"? A raw string is also an option.
<unknown>:83: SyntaxWarning: "\l" is an invalid escape sequence. Such sequences will not work in the future. Did you mean "\\l"? A raw string is also an option.
<unknown>:107: SyntaxWarning: "\m" is an invalid escape sequence. Such sequences will not work in the future. Did you mean "\\m"? A raw string is also an option.
<unknown>:135: SyntaxWarning: "\l" is an invalid escape sequence. Such sequences will not work in the future. Did you mean "\\l"? A raw string is also an option.
<unknown>:405: SyntaxWarning: "\d" is an invalid escape sequence. Such sequences will not work in the future. Did you mean "\\d"? A raw string is also an option.
<unknown>:406: SyntaxWarning: "\d" is an invalid escape sequence. Such sequences will not work in the future. Did you mean "\\d"? A raw string is also an option.
<unknown>:407: SyntaxWarning: "\(" is an invalid escape sequence. Such sequences will not work in the future. Did you mean "\\("? A raw string is also an option.
<unknown>:408: SyntaxWarning: "\[" is an invalid escape sequence. Such sequences will not work in the future. Did you mean "\\["? A raw string is also an option.
<unknown>:409: SyntaxWarning: "\(" is an invalid escape sequence. Such sequences will not work in the future. Did you mean "\\("? A raw string is also an option.
<unknown>:410: SyntaxWarning: "\<" is an invalid escape sequence. Such sequences will not work in the future. Did you mean "\\<"? A raw string is also an option.
<unknown>:565: SyntaxWarning: "\_" is an invalid escape sequence. Such sequences will not work in the future. Did you mean "\\_"? A raw string is also an option.
<unknown>:584: SyntaxWarning: "\_" is an invalid escape sequence. Such sequences will not work in the future. Did you mean "\\_"? A raw string is also an option.
<unknown>:794: SyntaxWarning: "\_" is an invalid escape sequence. Such sequences will not work in the future. Did you mean "\\_"? A raw string is also an option.
<unknown>:849: SyntaxWarning: "\_" is an invalid escape sequence. Such sequences will not work in the future. Did you mean "\\_"? A raw string is also an option.
<unknown>:1084: SyntaxWarning: "\_" is an invalid escape sequence. Such sequences will not work in the future. Did you mean "\\_"? A raw string is also an option.
<unknown>:1268: SyntaxWarning: "\_" is an invalid escape sequence. Such sequences will not work in the future. Did you mean "\\_"? A raw string is also an option.
<unknown>:1528: SyntaxWarning: "\_" is an invalid escape sequence. Such sequences will not work in the future. Did you mean "\\_"? A raw string is also an option.
<unknown>:1665: SyntaxWarning: "\_" is an invalid escape sequence. Such sequences will not work in the future. Did you mean "\\_"? A raw string is also an option.
<unknown>:664: SyntaxWarning: "\o" is an invalid escape sequence. Such sequences will not work in the future. Did you mean "\\o"? A raw string is also an option.
<unknown>:680: SyntaxWarning: "\s" is an invalid escape sequence. Such sequences will not work in the future. Did you mean "\\s"? A raw string is also an option.
<unknown>:1397: SyntaxWarning: "\d" is an invalid escape sequence. Such sequences will not work in the future. Did you mean "\\d"? A raw string is also an option.
<unknown>:1427: SyntaxWarning: "\c" is an invalid escape sequence. Such sequences will not work in the future. Did you mean "\\c"? A raw string is also an option.
<unknown>:1606: SyntaxWarning: "\l" is an invalid escape sequence. Such sequences will not work in the future. Did you mean "\\l"? A raw string is also an option.
<unknown>:1610: SyntaxWarning: "\l" is an invalid escape sequence. Such sequences will not work in the future. Did you mean "\\l"? A raw string is also an option.
<unknown>:1699: SyntaxWarning: "\l" is an invalid escape sequence. Such sequences will not work in the future. Did you mean "\\l"? A raw string is also an option.
<unknown>:687: SyntaxWarning: "\ " is an invalid escape sequence. Such sequences will not work in the future. Did you mean "\\ "? A raw string is also an option.
<unknown>:31: SyntaxWarning: "\e" is an invalid escape sequence. Such sequences will not work in the future. Did you mean "\\e"? A raw string is also an option.
<unknown>:192: SyntaxWarning: "\s" is an invalid escape sequence. Such sequences will not work in the future. Did you mean "\\s"? A raw string is also an option.
<unknown>:200: SyntaxWarning: "\s" is an invalid escape sequence. Such sequences will not work in the future. Did you mean "\\s"? A raw string is also an option.
<unknown>:329: SyntaxWarning: "\*" is an invalid escape sequence. Such sequences will not work in the future. Did you mean "\\*"? A raw string is also an option.
<unknown>:299: SyntaxWarning: "\l" is an invalid escape sequence. Such sequences will not work in the future. Did you mean "\\l"? A raw string is also an option.
<unknown>:921: SyntaxWarning: "\*" is an invalid escape sequence. Such sequences will not work in the future. Did you mean "\\*"? A raw string is also an option.
<unknown>:182: SyntaxWarning: "\ " is an invalid escape sequence. Such sequences will not work in the future. Did you mean "\\ "? A raw string is also an option.
<unknown>:1659: SyntaxWarning: "\{" is an invalid escape sequence. Such sequences will not work in the future. Did you mean "\\{"? A raw string is also an option.
<unknown>:671: SyntaxWarning: "\/" is an invalid escape sequence. Such sequences will not work in the future. Did you mean "\\/"? A raw string is also an option.
<unknown>:119: SyntaxWarning: "\e" is an invalid escape sequence. Such sequences will not work in the future. Did you mean "\\e"? A raw string is also an option.
<unknown>:1405: SyntaxWarning: "\g" is an invalid escape sequence. Such sequences will not work in the future. Did you mean "\\g"? A raw string is also an option.
<unknown>:1470: SyntaxWarning: "\s" is an invalid escape sequence. Such sequences will not work in the future. Did you mean "\\s"? A raw string is also an option.
<unknown>:1533: SyntaxWarning: "\s" is an invalid escape sequence. Such sequences will not work in the future. Did you mean "\\s"? A raw string is also an option.
<unknown>:1654: SyntaxWarning: "\s" is an invalid escape sequence. Such sequences will not work in the future. Did you mean "\\s"? A raw string is also an option.
<unknown>:2391: SyntaxWarning: "\ " is an invalid escape sequence. Such sequences will not work in the future. Did you mean "\\ "? A raw string is also an option.
<unknown>:2555: SyntaxWarning: "\e" is an invalid escape sequence. Such sequences will not work in the future. Did you mean "\\e"? A raw string is also an option.
<unknown>:2597: SyntaxWarning: "\e" is an invalid escape sequence. Such sequences will not work in the future. Did you mean "\\e"? A raw string is also an option.
<unknown>:2607: SyntaxWarning: "\c" is an invalid escape sequence. Such sequences will not work in the future. Did you mean "\\c"? A raw string is also an option.
<unknown>:2617: SyntaxWarning: "\g" is an invalid escape sequence. Such sequences will not work in the future. Did you mean "\\g"? A raw string is also an option.
<unknown>:2758: SyntaxWarning: "\i" is an invalid escape sequence. Such sequences will not work in the future. Did you mean "\\i"? A raw string is also an option.
<unknown>:2972: SyntaxWarning: "\g" is an invalid escape sequence. Such sequences will not work in the future. Did you mean "\\g"? A raw string is also an option.
<unknown>:3052: SyntaxWarning: "\g" is an invalid escape sequence. Such sequences will not work in the future. Did you mean "\\g"? A raw string is also an option.
<unknown>:24: SyntaxWarning: "\l" is an invalid escape sequence. Such sequences will not work in the future. Did you mean "\\l"? A raw string is also an option.
<unknown>:73: SyntaxWarning: "\o" is an invalid escape sequence. Such sequences will not work in the future. Did you mean "\\o"? A raw string is also an option.
<unknown>:351: SyntaxWarning: "\o" is an invalid escape sequence. Such sequences will not work in the future. Did you mean "\\o"? A raw string is also an option.
<unknown>:462: SyntaxWarning: "\o" is an invalid escape sequence. Such sequences will not work in the future. Did you mean "\\o"? A raw string is also an option.
<unknown>:666: SyntaxWarning: "\o" is an invalid escape sequence. Such sequences will not work in the future. Did you mean "\\o"? A raw string is also an option.
<unknown>:565: SyntaxWarning: "\ " is an invalid escape sequence. Such sequences will not work in the future. Did you mean "\\ "? A raw string is also an option.
<unknown>:62: SyntaxWarning: "\_" is an invalid escape sequence. Such sequences will not work in the future. Did you mean "\\_"? A raw string is also an option.
<unknown>:834: SyntaxWarning: "\_" is an invalid escape sequence. Such sequences will not work in the future. Did you mean "\\_"? A raw string is also an option.
<unknown>:12: SyntaxWarning: "\s" is an invalid escape sequence. Such sequences will not work in the future. Did you mean "\\s"? A raw string is also an option.
<unknown>:499: SyntaxWarning: "\/" is an invalid escape sequence. Such sequences will not work in the future. Did you mean "\\/"? A raw string is also an option.
<unknown>:11: SyntaxWarning: "\_" is an invalid escape sequence. Such sequences will not work in the future. Did you mean "\\_"? A raw string is also an option.
<unknown>:47: SyntaxWarning: "\ " is an invalid escape sequence. Such sequences will not work in the future. Did you mean "\\ "? A raw string is also an option.
<unknown>:542: SyntaxWarning: "\*" is an invalid escape sequence. Such sequences will not work in the future. Did you mean "\\*"? A raw string is also an option.
<unknown>:1329: SyntaxWarning: "\*" is an invalid escape sequence. Such sequences will not work in the future. Did you mean "\\*"? A raw string is also an option.
<unknown>:1575: SyntaxWarning: "\d" is an invalid escape sequence. Such sequences will not work in the future. Did you mean "\\d"? A raw string is also an option.
<unknown>:1783: SyntaxWarning: "\s" is an invalid escape sequence. Such sequences will not work in the future. Did you mean "\\s"? A raw string is also an option.
<unknown>:1787: SyntaxWarning: "\s" is an invalid escape sequence. Such sequences will not work in the future. Did you mean "\\s"? A raw string is also an option.
<unknown>:260: SyntaxWarning: "\m" is an invalid escape sequence. Such sequences will not work in the future. Did you mean "\\m"? A raw string is also an option.
<unknown>:453: SyntaxWarning: "\m" is an invalid escape sequence. Such sequences will not work in the future. Did you mean "\\m"? A raw string is also an option.
<unknown>:490: SyntaxWarning: "\%" is an invalid escape sequence. Such sequences will not work in the future. Did you mean "\\%"? A raw string is also an option.
<unknown>:1629: SyntaxWarning: "\ " is an invalid escape sequence. Such sequences will not work in the future. Did you mean "\\ "? A raw string is also an option.
<unknown>:576: SyntaxWarning: "\_" is an invalid escape sequence. Such sequences will not work in the future. Did you mean "\\_"? A raw string is also an option.
<unknown>:859: SyntaxWarning: "\:" is an invalid escape sequence. Such sequences will not work in the future. Did you mean "\\:"? A raw string is also an option.
<unknown>:861: SyntaxWarning: "\:" is an invalid escape sequence. Such sequences will not work in the future. Did you mean "\\:"? A raw string is also an option.
<unknown>:948: SyntaxWarning: "\," is an invalid escape sequence. Such sequences will not work in the future. Did you mean "\\,"? A raw string is also an option.
<unknown>:952: SyntaxWarning: "\," is an invalid escape sequence. Such sequences will not work in the future. Did you mean "\\,"? A raw string is also an option.
<unknown>:1215: SyntaxWarning: "\m" is an invalid escape sequence. Such sequences will not work in the future. Did you mean "\\m"? A raw string is also an option.
<unknown>:1218: SyntaxWarning: "\e" is an invalid escape sequence. Such sequences will not work in the future. Did you mean "\\e"? A raw string is also an option.
<unknown>:745: SyntaxWarning: "\ " is an invalid escape sequence. Such sequences will not work in the future. Did you mean "\\ "? A raw string is also an option.
<unknown>:1472: SyntaxWarning: "\k" is an invalid escape sequence. Such sequences will not work in the future. Did you mean "\\k"? A raw string is also an option.
<unknown>:1489: SyntaxWarning: "\ " is an invalid escape sequence. Such sequences will not work in the future. Did you mean "\\ "? A raw string is also an option.
<unknown>:1507: SyntaxWarning: "\k" is an invalid escape sequence. Such sequences will not work in the future. Did you mean "\\k"? A raw string is also an option.
<unknown>:1752: SyntaxWarning: "\y" is an invalid escape sequence. Such sequences will not work in the future. Did you mean "\\y"? A raw string is also an option.
<unknown>:1768: SyntaxWarning: "\y" is an invalid escape sequence. Such sequences will not work in the future. Did you mean "\\y"? A raw string is also an option.
<unknown>:1826: SyntaxWarning: "\/" is an invalid escape sequence. Such sequences will not work in the future. Did you mean "\\/"? A raw string is also an option.
<unknown>:1837: SyntaxWarning: "\/" is an invalid escape sequence. Such sequences will not work in the future. Did you mean "\\/"? A raw string is also an option.
<unknown>:1851: SyntaxWarning: "\/" is an invalid escape sequence. Such sequences will not work in the future. Did you mean "\\/"? A raw string is also an option.
<unknown>:1866: SyntaxWarning: "\/" is an invalid escape sequence. Such sequences will not work in the future. Did you mean "\\/"? A raw string is also an option.
<unknown>:1882: SyntaxWarning: "\/" is an invalid escape sequence. Such sequences will not work in the future. Did you mean "\\/"? A raw string is also an option.
<unknown>:1896: SyntaxWarning: "\/" is an invalid escape sequence. Such sequences will not work in the future. Did you mean "\\/"? A raw string is also an option.
<unknown>:1910: SyntaxWarning: "\/" is an invalid escape sequence. Such sequences will not work in the future. Did you mean "\\/"? A raw string is also an option.
<unknown>:1926: SyntaxWarning: "\/" is an invalid escape sequence. Such sequences will not work in the future. Did you mean "\\/"? A raw string is also an option.
<unknown>:2013: SyntaxWarning: "\9" is an invalid escape sequence. Such sequences will not work in the future. Did you mean "\\9"? A raw string is also an option.
<unknown>:2041: SyntaxWarning: "\9" is an invalid escape sequence. Such sequences will not work in the future. Did you mean "\\9"? A raw string is also an option.
<unknown>:2278: SyntaxWarning: "\l" is an invalid escape sequence. Such sequences will not work in the future. Did you mean "\\l"? A raw string is also an option.
<unknown>:2487: SyntaxWarning: "\ " is an invalid escape sequence. Such sequences will not work in the future. Did you mean "\\ "? A raw string is also an option.
<unknown>:2884: SyntaxWarning: "\[" is an invalid escape sequence. Such sequences will not work in the future. Did you mean "\\["? A raw string is also an option.
<unknown>:2894: SyntaxWarning: "\ " is an invalid escape sequence. Such sequences will not work in the future. Did you mean "\\ "? A raw string is also an option.
<unknown>:2954: SyntaxWarning: "\ " is an invalid escape sequence. Such sequences will not work in the future. Did you mean "\\ "? A raw string is also an option.
<unknown>:2991: SyntaxWarning: "\ " is an invalid escape sequence. Such sequences will not work in the future. Did you mean "\\ "? A raw string is also an option.
<unknown>:3020: SyntaxWarning: "\ " is an invalid escape sequence. Such sequences will not work in the future. Did you mean "\\ "? A raw string is also an option.
<unknown>:3068: SyntaxWarning: "\ " is an invalid escape sequence. Such sequences will not work in the future. Did you mean "\\ "? A raw string is also an option.
<unknown>:3097: SyntaxWarning: "\ " is an invalid escape sequence. Such sequences will not work in the future. Did you mean "\\ "? A raw string is also an option.
<unknown>:3129: SyntaxWarning: "\ " is an invalid escape sequence. Such sequences will not work in the future. Did you mean "\\ "? A raw string is also an option.
<unknown>:3154: SyntaxWarning: "\ " is an invalid escape sequence. Such sequences will not work in the future. Did you mean "\\ "? A raw string is also an option.
<unknown>:3615: SyntaxWarning: "\ " is an invalid escape sequence. Such sequences will not work in the future. Did you mean "\\ "? A raw string is also an option.
<unknown>:4185: SyntaxWarning: "\ " is an invalid escape sequence. Such sequences will not work in the future. Did you mean "\\ "? A raw string is also an option.
<unknown>:4235: SyntaxWarning: "\ " is an invalid escape sequence. Such sequences will not work in the future. Did you mean "\\ "? A raw string is also an option.
<unknown>:4830: SyntaxWarning: "\_" is an invalid escape sequence. Such sequences will not work in the future. Did you mean "\\_"? A raw string is also an option.
<unknown>:4849: SyntaxWarning: "\_" is an invalid escape sequence. Such sequences will not work in the future. Did you mean "\\_"? A raw string is also an option.
<unknown>:4865: SyntaxWarning: "\_" is an invalid escape sequence. Such sequences will not work in the future. Did you mean "\\_"? A raw string is also an option.
<unknown>:4894: SyntaxWarning: "\_" is an invalid escape sequence. Such sequences will not work in the future. Did you mean "\\_"? A raw string is also an option.
<unknown>:4929: SyntaxWarning: "\_" is an invalid escape sequence. Such sequences will not work in the future. Did you mean "\\_"? A raw string is also an option.
<unknown>:5061: SyntaxWarning: "\z" is an invalid escape sequence. Such sequences will not work in the future. Did you mean "\\z"? A raw string is also an option.
<unknown>:5077: SyntaxWarning: "\ " is an invalid escape sequence. Such sequences will not work in the future. Did you mean "\\ "? A raw string is also an option.
<unknown>:5093: SyntaxWarning: "\z" is an invalid escape sequence. Such sequences will not work in the future. Did you mean "\\z"? A raw string is also an option.
<unknown>:5109: SyntaxWarning: "\ " is an invalid escape sequence. Such sequences will not work in the future. Did you mean "\\ "? A raw string is also an option.
<unknown>:5125: SyntaxWarning: "\ " is an invalid escape sequence. Such sequences will not work in the future. Did you mean "\\ "? A raw string is also an option.
<unknown>:5141: SyntaxWarning: "\ " is an invalid escape sequence. Such sequences will not work in the future. Did you mean "\\ "? A raw string is also an option.
<unknown>:5190: SyntaxWarning: "\ " is an invalid escape sequence. Such sequences will not work in the future. Did you mean "\\ "? A raw string is also an option.
<unknown>:5273: SyntaxWarning: "\/" is an invalid escape sequence. Such sequences will not work in the future. Did you mean "\\/"? A raw string is also an option.
<unknown>:5558: SyntaxWarning: "\ " is an invalid escape sequence. Such sequences will not work in the future. Did you mean "\\ "? A raw string is also an option.
<unknown>:5559: SyntaxWarning: "\ " is an invalid escape sequence. Such sequences will not work in the future. Did you mean "\\ "? A raw string is also an option.
<unknown>:5560: SyntaxWarning: "\ " is an invalid escape sequence. Such sequences will not work in the future. Did you mean "\\ "? A raw string is also an option.
<unknown>:5561: SyntaxWarning: "\ " is an invalid escape sequence. Such sequences will not work in the future. Did you mean "\\ "? A raw string is also an option.
<unknown>:5687: SyntaxWarning: "\ " is an invalid escape sequence. Such sequences will not work in the future. Did you mean "\\ "? A raw string is also an option.
<unknown>:5691: SyntaxWarning: "\ " is an invalid escape sequence. Such sequences will not work in the future. Did you mean "\\ "? A raw string is also an option.
<unknown>:423: SyntaxWarning: "\l" is an invalid escape sequence. Such sequences will not work in the future. Did you mean "\\l"? A raw string is also an option.
<unknown>:207: SyntaxWarning: "\i" is an invalid escape sequence. Such sequences will not work in the future. Did you mean "\\i"? A raw string is also an option.
<unknown>:388: SyntaxWarning: "\l" is an invalid escape sequence. Such sequences will not work in the future. Did you mean "\\l"? A raw string is also an option.
<unknown>:24: SyntaxWarning: "\ " is an invalid escape sequence. Such sequences will not work in the future. Did you mean "\\ "? A raw string is also an option.
<unknown>:121: SyntaxWarning: "\ " is an invalid escape sequence. Such sequences will not work in the future. Did you mean "\\ "? A raw string is also an option.
<unknown>:159: SyntaxWarning: "\l" is an invalid escape sequence. Such sequences will not work in the future. Did you mean "\\l"? A raw string is also an option.
<unknown>:694: SyntaxWarning: "\g" is an invalid escape sequence. Such sequences will not work in the future. Did you mean "\\g"? A raw string is also an option.
<unknown>:938: SyntaxWarning: "\p" is an invalid escape sequence. Such sequences will not work in the future. Did you mean "\\p"? A raw string is also an option.
<unknown>:539: SyntaxWarning: "\d" is an invalid escape sequence. Such sequences will not work in the future. Did you mean "\\d"? A raw string is also an option.
<unknown>:812: SyntaxWarning: "\d" is an invalid escape sequence. Such sequences will not work in the future. Did you mean "\\d"? A raw string is also an option.
<unknown>:870: SyntaxWarning: "\L" is an invalid escape sequence. Such sequences will not work in the future. Did you mean "\\L"? A raw string is also an option.
<unknown>:35: SyntaxWarning: "\s" is an invalid escape sequence. Such sequences will not work in the future. Did you mean "\\s"? A raw string is also an option.
<unknown>:458: SyntaxWarning: "\l" is an invalid escape sequence. Such sequences will not work in the future. Did you mean "\\l"? A raw string is also an option.
<unknown>:480: SyntaxWarning: "\l" is an invalid escape sequence. Such sequences will not work in the future. Did you mean "\\l"? A raw string is also an option.
<unknown>:574: SyntaxWarning: "\l" is an invalid escape sequence. Such sequences will not work in the future. Did you mean "\\l"? A raw string is also an option.
<unknown>:755: SyntaxWarning: "\e" is an invalid escape sequence. Such sequences will not work in the future. Did you mean "\\e"? A raw string is also an option.
<unknown>:2433: SyntaxWarning: "\s" is an invalid escape sequence. Such sequences will not work in the future. Did you mean "\\s"? A raw string is also an option.
[70/300] django__django-11620           file_rec=0.0 cov=0 line_R@5 arise=0 ours=0
<unknown>:230: SyntaxWarning: "\d" is an invalid escape sequence. Such sequences will not work in the future. Did you mean "\\d"? A raw string is also an option.
<unknown>:231: SyntaxWarning: "\d" is an invalid escape sequence. Such sequences will not work in the future. Did you mean "\\d"? A raw string is also an option.
<unknown>:5: SyntaxWarning: "\i" is an invalid escape sequence. Such sequences will not work in the future. Did you mean "\\i"? A raw string is also an option.
<unknown>:28: SyntaxWarning: "\s" is an invalid escape sequence. Such sequences will not work in the future. Did you mean "\\s"? A raw string is also an option.
<unknown>:304: SyntaxWarning: "\," is an invalid escape sequence. Such sequences will not work in the future. Did you mean "\\,"? A raw string is also an option.
<unknown>:23: SyntaxWarning: "\S" is an invalid escape sequence. Such sequences will not work in the future. Did you mean "\\S"? A raw string is also an option.
<unknown>:22: SyntaxWarning: "\S" is an invalid escape sequence. Such sequences will not work in the future. Did you mean "\\S"? A raw string is also an option.
<unknown>:4: SyntaxWarning: "\m" is an invalid escape sequence. Such sequences will not work in the future. Did you mean "\\m"? A raw string is also an option.
<unknown>:16: SyntaxWarning: "\m" is an invalid escape sequence. Such sequences will not work in the future. Did you mean "\\m"? A raw string is also an option.
<unknown>:47: SyntaxWarning: "\m" is an invalid escape sequence. Such sequences will not work in the future. Did you mean "\\m"? A raw string is also an option.
<unknown>:121: SyntaxWarning: "\s" is an invalid escape sequence. Such sequences will not work in the future. Did you mean "\\s"? A raw string is also an option.
<unknown>:130: SyntaxWarning: "\s" is an invalid escape sequence. Such sequences will not work in the future. Did you mean "\\s"? A raw string is also an option.
<unknown>:287: SyntaxWarning: "\w" is an invalid escape sequence. Such sequences will not work in the future. Did you mean "\\w"? A raw string is also an option.
<unknown>:341: SyntaxWarning: "\*" is an invalid escape sequence. Such sequences will not work in the future. Did you mean "\\*"? A raw string is also an option.
<unknown>:469: SyntaxWarning: "\*" is an invalid escape sequence. Such sequences will not work in the future. Did you mean "\\*"? A raw string is also an option.
<unknown>:487: SyntaxWarning: "\*" is an invalid escape sequence. Such sequences will not work in the future. Did you mean "\\*"? A raw string is also an option.
[71/300] sympy__sympy-15345             file_rec=1.0 cov=0 line_R@5 arise=0 ours=0
[72/300] django__django-11039           file_rec=1.0 cov=0 line_R@5 arise=1 ours=1
[73/300] django__django-15781           file_rec=0.0 cov=0 line_R@5 arise=0 ours=0
[74/300] matplotlib__matplotlib-18869   file_rec=1.0 cov=0 line_R@5 arise=0 ours=0
[75/300] sphinx-doc__sphinx-8506        file_rec=1.0 cov=0 line_R@5 arise=0 ours=0
[76/300] sympy__sympy-16281             file_rec=1.0 cov=0 line_R@5 arise=0 ours=1
<unknown>:23: SyntaxWarning: "\S" is an invalid escape sequence. Such sequences will not work in the future. Did you mean "\\S"? A raw string is also an option.
<unknown>:22: SyntaxWarning: "\S" is an invalid escape sequence. Such sequences will not work in the future. Did you mean "\\S"? A raw string is also an option.
<unknown>:4: SyntaxWarning: "\m" is an invalid escape sequence. Such sequences will not work in the future. Did you mean "\\m"? A raw string is also an option.
<unknown>:16: SyntaxWarning: "\m" is an invalid escape sequence. Such sequences will not work in the future. Did you mean "\\m"? A raw string is also an option.
<unknown>:47: SyntaxWarning: "\m" is an invalid escape sequence. Such sequences will not work in the future. Did you mean "\\m"? A raw string is also an option.
<unknown>:121: SyntaxWarning: "\s" is an invalid escape sequence. Such sequences will not work in the future. Did you mean "\\s"? A raw string is also an option.
<unknown>:130: SyntaxWarning: "\s" is an invalid escape sequence. Such sequences will not work in the future. Did you mean "\\s"? A raw string is also an option.
<unknown>:290: SyntaxWarning: "\w" is an invalid escape sequence. Such sequences will not work in the future. Did you mean "\\w"? A raw string is also an option.
<unknown>:344: SyntaxWarning: "\*" is an invalid escape sequence. Such sequences will not work in the future. Did you mean "\\*"? A raw string is also an option.
<unknown>:472: SyntaxWarning: "\*" is an invalid escape sequence. Such sequences will not work in the future. Did you mean "\\*"? A raw string is also an option.
<unknown>:490: SyntaxWarning: "\*" is an invalid escape sequence. Such sequences will not work in the future. Did you mean "\\*"? A raw string is also an option.
[77/300] sympy__sympy-12236             file_rec=0.0 cov=0 line_R@5 arise=0 ours=0
[78/300] django__django-13590           file_rec=1.0 cov=0 line_R@5 arise=1 ours=1
[79/300] django__django-15347           file_rec=1.0 cov=0 line_R@5 arise=1 ours=1
[80/300] sympy__sympy-21847             file_rec=1.0 cov=0 line_R@5 arise=0 ours=1
<unknown>:23: SyntaxWarning: "\S" is an invalid escape sequence. Such sequences will not work in the future. Did you mean "\\S"? A raw string is also an option.
<unknown>:22: SyntaxWarning: "\S" is an invalid escape sequence. Such sequences will not work in the future. Did you mean "\\S"? A raw string is also an option.
<unknown>:4: SyntaxWarning: "\m" is an invalid escape sequence. Such sequences will not work in the future. Did you mean "\\m"? A raw string is also an option.
<unknown>:16: SyntaxWarning: "\m" is an invalid escape sequence. Such sequences will not work in the future. Did you mean "\\m"? A raw string is also an option.
<unknown>:47: SyntaxWarning: "\m" is an invalid escape sequence. Such sequences will not work in the future. Did you mean "\\m"? A raw string is also an option.
<unknown>:121: SyntaxWarning: "\s" is an invalid escape sequence. Such sequences will not work in the future. Did you mean "\\s"? A raw string is also an option.
<unknown>:130: SyntaxWarning: "\s" is an invalid escape sequence. Such sequences will not work in the future. Did you mean "\\s"? A raw string is also an option.
<unknown>:290: SyntaxWarning: "\w" is an invalid escape sequence. Such sequences will not work in the future. Did you mean "\\w"? A raw string is also an option.
<unknown>:344: SyntaxWarning: "\*" is an invalid escape sequence. Such sequences will not work in the future. Did you mean "\\*"? A raw string is also an option.
<unknown>:472: SyntaxWarning: "\*" is an invalid escape sequence. Such sequences will not work in the future. Did you mean "\\*"? A raw string is also an option.
<unknown>:490: SyntaxWarning: "\*" is an invalid escape sequence. Such sequences will not work in the future. Did you mean "\\*"? A raw string is also an option.
<unknown>:8: SyntaxWarning: "\[" is an invalid escape sequence. Such sequences will not work in the future. Did you mean "\\["? A raw string is also an option.
<unknown>:9: SyntaxWarning: "\/" is an invalid escape sequence. Such sequences will not work in the future. Did you mean "\\/"? A raw string is also an option.
<unknown>:10: SyntaxWarning: "\`" is an invalid escape sequence. Such sequences will not work in the future. Did you mean "\\`"? A raw string is also an option.
<unknown>:17: SyntaxWarning: "\o" is an invalid escape sequence. Such sequences will not work in the future. Did you mean "\\o"? A raw string is also an option.
<unknown>:19: SyntaxWarning: "\8" is an invalid escape sequence. Such sequences will not work in the future. Did you mean "\\8"? A raw string is also an option.
<unknown>:32: SyntaxWarning: "\P" is an invalid escape sequence. Such sequences will not work in the future. Did you mean "\\P"? A raw string is also an option.
[81/300] django__django-14915           file_rec=1.0 cov=0 line_R@5 arise=0 ours=1
[82/300] django__django-12856           file_rec=1.0 cov=0 line_R@5 arise=0 ours=0
[83/300] pytest-dev__pytest-5227        file_rec=1.0 cov=0 line_R@5 arise=0 ours=1
<unknown>:425: SyntaxWarning: "\*" is an invalid escape sequence. Such sequences will not work in the future. Did you mean "\\*"? A raw string is also an option.
<unknown>:473: SyntaxWarning: "\l" is an invalid escape sequence. Such sequences will not work in the future. Did you mean "\\l"? A raw string is also an option.
<unknown>:864: SyntaxWarning: "\l" is an invalid escape sequence. Such sequences will not work in the future. Did you mean "\\l"? A raw string is also an option.
<unknown>:1127: SyntaxWarning: "\i" is an invalid escape sequence. Such sequences will not work in the future. Did you mean "\\i"? A raw string is also an option.
<unknown>:1624: SyntaxWarning: "\{" is an invalid escape sequence. Such sequences will not work in the future. Did you mean "\\{"? A raw string is also an option.
<unknown>:2840: SyntaxWarning: "\{" is an invalid escape sequence. Such sequences will not work in the future. Did you mean "\\{"? A raw string is also an option.
<unknown>:3124: SyntaxWarning: "\O" is an invalid escape sequence. Such sequences will not work in the future. Did you mean "\\O"? A raw string is also an option.
<unknown>:124: SyntaxWarning: "\i" is an invalid escape sequence. Such sequences will not work in the future. Did you mean "\\i"? A raw string is also an option.
<unknown>:19: SyntaxWarning: "\m" is an invalid escape sequence. Such sequences will not work in the future. Did you mean "\\m"? A raw string is also an option.
<unknown>:1473: SyntaxWarning: "\*" is an invalid escape sequence. Such sequences will not work in the future. Did you mean "\\*"? A raw string is also an option.
<unknown>:2278: SyntaxWarning: "\*" is an invalid escape sequence. Such sequences will not work in the future. Did you mean "\\*"? A raw string is also an option.
<unknown>:34: SyntaxWarning: "\_" is an invalid escape sequence. Such sequences will not work in the future. Did you mean "\\_"? A raw string is also an option.
<unknown>:1987: SyntaxWarning: "\s" is an invalid escape sequence. Such sequences will not work in the future. Did you mean "\\s"? A raw string is also an option.
<unknown>:425: SyntaxWarning: "\," is an invalid escape sequence. Such sequences will not work in the future. Did you mean "\\,"? A raw string is also an option.
<unknown>:453: SyntaxWarning: "\," is an invalid escape sequence. Such sequences will not work in the future. Did you mean "\\,"? A raw string is also an option.
<unknown>:453: SyntaxWarning: "\:" is an invalid escape sequence. Such sequences will not work in the future. Did you mean "\\:"? A raw string is also an option.
<unknown>:453: SyntaxWarning: "\ " is an invalid escape sequence. Such sequences will not work in the future. Did you mean "\\ "? A raw string is also an option.
<unknown>:394: SyntaxWarning: "\9" is an invalid escape sequence. Such sequences will not work in the future. Did you mean "\\9"? A raw string is also an option.
<unknown>:1751: SyntaxWarning: "\e" is an invalid escape sequence. Such sequences will not work in the future. Did you mean "\\e"? A raw string is also an option.
<unknown>:1825: SyntaxWarning: "\e" is an invalid escape sequence. Such sequences will not work in the future. Did you mean "\\e"? A raw string is also an option.
<unknown>:1923: SyntaxWarning: "\p" is an invalid escape sequence. Such sequences will not work in the future. Did you mean "\\p"? A raw string is also an option.
<unknown>:709: SyntaxWarning: "\|" is an invalid escape sequence. Such sequences will not work in the future. Did you mean "\\|"? A raw string is also an option.
<unknown>:1865: SyntaxWarning: "\c" is an invalid escape sequence. Such sequences will not work in the future. Did you mean "\\c"? A raw string is also an option.
<unknown>:723: SyntaxWarning: "\i" is an invalid escape sequence. Such sequences will not work in the future. Did you mean "\\i"? A raw string is also an option.
<unknown>:838: SyntaxWarning: "\i" is an invalid escape sequence. Such sequences will not work in the future. Did you mean "\\i"? A raw string is also an option.
<unknown>:2015: SyntaxWarning: "\i" is an invalid escape sequence. Such sequences will not work in the future. Did you mean "\\i"? A raw string is also an option.
[84/300] matplotlib__matplotlib-23964   file_rec=0.0 cov=0 line_R@5 arise=0 ours=0
<unknown>:592: SyntaxWarning: "\ " is an invalid escape sequence. Such sequences will not work in the future. Did you mean "\\ "? A raw string is also an option.
<unknown>:699: SyntaxWarning: "\ " is an invalid escape sequence. Such sequences will not work in the future. Did you mean "\\ "? A raw string is also an option.
<unknown>:181: SyntaxWarning: "\ " is an invalid escape sequence. Such sequences will not work in the future. Did you mean "\\ "? A raw string is also an option.
<unknown>:310: SyntaxWarning: "\ " is an invalid escape sequence. Such sequences will not work in the future. Did you mean "\\ "? A raw string is also an option.
<unknown>:1718: SyntaxWarning: "\i" is an invalid escape sequence. Such sequences will not work in the future. Did you mean "\\i"? A raw string is also an option.
<unknown>:329: SyntaxWarning: "\/" is an invalid escape sequence. Such sequences will not work in the future. Did you mean "\\/"? A raw string is also an option.
<unknown>:385: SyntaxWarning: "\/" is an invalid escape sequence. Such sequences will not work in the future. Did you mean "\\/"? A raw string is also an option.
<unknown>:904: SyntaxWarning: "\*" is an invalid escape sequence. Such sequences will not work in the future. Did you mean "\\*"? A raw string is also an option.
<unknown>:3312: SyntaxWarning: "\m" is an invalid escape sequence. Such sequences will not work in the future. Did you mean "\\m"? A raw string is also an option.
<unknown>:1560: SyntaxWarning: "\p" is an invalid escape sequence. Such sequences will not work in the future. Did you mean "\\p"? A raw string is also an option.
<unknown>:1603: SyntaxWarning: "\l" is an invalid escape sequence. Such sequences will not work in the future. Did you mean "\\l"? A raw string is also an option.
<unknown>:1649: SyntaxWarning: "\s" is an invalid escape sequence. Such sequences will not work in the future. Did you mean "\\s"? A raw string is also an option.
<unknown>:1722: SyntaxWarning: "\p" is an invalid escape sequence. Such sequences will not work in the future. Did you mean "\\p"? A raw string is also an option.
<unknown>:1812: SyntaxWarning: "\s" is an invalid escape sequence. Such sequences will not work in the future. Did you mean "\\s"? A raw string is also an option.
<unknown>:33: SyntaxWarning: "\^" is an invalid escape sequence. Such sequences will not work in the future. Did you mean "\\^"? A raw string is also an option.
<unknown>:47: SyntaxWarning: "\s" is an invalid escape sequence. Such sequences will not work in the future. Did you mean "\\s"? A raw string is also an option.
<unknown>:83: SyntaxWarning: "\l" is an invalid escape sequence. Such sequences will not work in the future. Did you mean "\\l"? A raw string is also an option.
<unknown>:107: SyntaxWarning: "\m" is an invalid escape sequence. Such sequences will not work in the future. Did you mean "\\m"? A raw string is also an option.
<unknown>:135: SyntaxWarning: "\l" is an invalid escape sequence. Such sequences will not work in the future. Did you mean "\\l"? A raw string is also an option.
<unknown>:405: SyntaxWarning: "\d" is an invalid escape sequence. Such sequences will not work in the future. Did you mean "\\d"? A raw string is also an option.
<unknown>:406: SyntaxWarning: "\d" is an invalid escape sequence. Such sequences will not work in the future. Did you mean "\\d"? A raw string is also an option.
<unknown>:407: SyntaxWarning: "\(" is an invalid escape sequence. Such sequences will not work in the future. Did you mean "\\("? A raw string is also an option.
<unknown>:408: SyntaxWarning: "\[" is an invalid escape sequence. Such sequences will not work in the future. Did you mean "\\["? A raw string is also an option.
<unknown>:409: SyntaxWarning: "\(" is an invalid escape sequence. Such sequences will not work in the future. Did you mean "\\("? A raw string is also an option.
<unknown>:410: SyntaxWarning: "\<" is an invalid escape sequence. Such sequences will not work in the future. Did you mean "\\<"? A raw string is also an option.
<unknown>:565: SyntaxWarning: "\_" is an invalid escape sequence. Such sequences will not work in the future. Did you mean "\\_"? A raw string is also an option.
<unknown>:584: SyntaxWarning: "\_" is an invalid escape sequence. Such sequences will not work in the future. Did you mean "\\_"? A raw string is also an option.
<unknown>:794: SyntaxWarning: "\_" is an invalid escape sequence. Such sequences will not work in the future. Did you mean "\\_"? A raw string is also an option.
<unknown>:849: SyntaxWarning: "\_" is an invalid escape sequence. Such sequences will not work in the future. Did you mean "\\_"? A raw string is also an option.
<unknown>:1084: SyntaxWarning: "\_" is an invalid escape sequence. Such sequences will not work in the future. Did you mean "\\_"? A raw string is also an option.
<unknown>:1268: SyntaxWarning: "\_" is an invalid escape sequence. Such sequences will not work in the future. Did you mean "\\_"? A raw string is also an option.
<unknown>:1528: SyntaxWarning: "\_" is an invalid escape sequence. Such sequences will not work in the future. Did you mean "\\_"? A raw string is also an option.
<unknown>:1665: SyntaxWarning: "\_" is an invalid escape sequence. Such sequences will not work in the future. Did you mean "\\_"? A raw string is also an option.
<unknown>:664: SyntaxWarning: "\o" is an invalid escape sequence. Such sequences will not work in the future. Did you mean "\\o"? A raw string is also an option.
<unknown>:680: SyntaxWarning: "\s" is an invalid escape sequence. Such sequences will not work in the future. Did you mean "\\s"? A raw string is also an option.
<unknown>:1397: SyntaxWarning: "\d" is an invalid escape sequence. Such sequences will not work in the future. Did you mean "\\d"? A raw string is also an option.
<unknown>:1427: SyntaxWarning: "\c" is an invalid escape sequence. Such sequences will not work in the future. Did you mean "\\c"? A raw string is also an option.
<unknown>:1606: SyntaxWarning: "\l" is an invalid escape sequence. Such sequences will not work in the future. Did you mean "\\l"? A raw string is also an option.
<unknown>:1610: SyntaxWarning: "\l" is an invalid escape sequence. Such sequences will not work in the future. Did you mean "\\l"? A raw string is also an option.
<unknown>:1699: SyntaxWarning: "\l" is an invalid escape sequence. Such sequences will not work in the future. Did you mean "\\l"? A raw string is also an option.
<unknown>:687: SyntaxWarning: "\ " is an invalid escape sequence. Such sequences will not work in the future. Did you mean "\\ "? A raw string is also an option.
<unknown>:31: SyntaxWarning: "\e" is an invalid escape sequence. Such sequences will not work in the future. Did you mean "\\e"? A raw string is also an option.
<unknown>:192: SyntaxWarning: "\s" is an invalid escape sequence. Such sequences will not work in the future. Did you mean "\\s"? A raw string is also an option.
<unknown>:200: SyntaxWarning: "\s" is an invalid escape sequence. Such sequences will not work in the future. Did you mean "\\s"? A raw string is also an option.
<unknown>:329: SyntaxWarning: "\*" is an invalid escape sequence. Such sequences will not work in the future. Did you mean "\\*"? A raw string is also an option.
<unknown>:299: SyntaxWarning: "\l" is an invalid escape sequence. Such sequences will not work in the future. Did you mean "\\l"? A raw string is also an option.
<unknown>:921: SyntaxWarning: "\*" is an invalid escape sequence. Such sequences will not work in the future. Did you mean "\\*"? A raw string is also an option.
<unknown>:182: SyntaxWarning: "\ " is an invalid escape sequence. Such sequences will not work in the future. Did you mean "\\ "? A raw string is also an option.
<unknown>:1659: SyntaxWarning: "\{" is an invalid escape sequence. Such sequences will not work in the future. Did you mean "\\{"? A raw string is also an option.
<unknown>:671: SyntaxWarning: "\/" is an invalid escape sequence. Such sequences will not work in the future. Did you mean "\\/"? A raw string is also an option.
<unknown>:119: SyntaxWarning: "\e" is an invalid escape sequence. Such sequences will not work in the future. Did you mean "\\e"? A raw string is also an option.
<unknown>:1405: SyntaxWarning: "\g" is an invalid escape sequence. Such sequences will not work in the future. Did you mean "\\g"? A raw string is also an option.
<unknown>:1470: SyntaxWarning: "\s" is an invalid escape sequence. Such sequences will not work in the future. Did you mean "\\s"? A raw string is also an option.
<unknown>:1533: SyntaxWarning: "\s" is an invalid escape sequence. Such sequences will not work in the future. Did you mean "\\s"? A raw string is also an option.
<unknown>:1654: SyntaxWarning: "\s" is an invalid escape sequence. Such sequences will not work in the future. Did you mean "\\s"? A raw string is also an option.
<unknown>:2391: SyntaxWarning: "\ " is an invalid escape sequence. Such sequences will not work in the future. Did you mean "\\ "? A raw string is also an option.
<unknown>:2555: SyntaxWarning: "\e" is an invalid escape sequence. Such sequences will not work in the future. Did you mean "\\e"? A raw string is also an option.
<unknown>:2597: SyntaxWarning: "\e" is an invalid escape sequence. Such sequences will not work in the future. Did you mean "\\e"? A raw string is also an option.
<unknown>:2607: SyntaxWarning: "\c" is an invalid escape sequence. Such sequences will not work in the future. Did you mean "\\c"? A raw string is also an option.
<unknown>:2617: SyntaxWarning: "\g" is an invalid escape sequence. Such sequences will not work in the future. Did you mean "\\g"? A raw string is also an option.
<unknown>:2758: SyntaxWarning: "\i" is an invalid escape sequence. Such sequences will not work in the future. Did you mean "\\i"? A raw string is also an option.
<unknown>:2972: SyntaxWarning: "\g" is an invalid escape sequence. Such sequences will not work in the future. Did you mean "\\g"? A raw string is also an option.
<unknown>:3052: SyntaxWarning: "\g" is an invalid escape sequence. Such sequences will not work in the future. Did you mean "\\g"? A raw string is also an option.
<unknown>:24: SyntaxWarning: "\l" is an invalid escape sequence. Such sequences will not work in the future. Did you mean "\\l"? A raw string is also an option.
<unknown>:73: SyntaxWarning: "\o" is an invalid escape sequence. Such sequences will not work in the future. Did you mean "\\o"? A raw string is also an option.
<unknown>:351: SyntaxWarning: "\o" is an invalid escape sequence. Such sequences will not work in the future. Did you mean "\\o"? A raw string is also an option.
<unknown>:462: SyntaxWarning: "\o" is an invalid escape sequence. Such sequences will not work in the future. Did you mean "\\o"? A raw string is also an option.
<unknown>:666: SyntaxWarning: "\o" is an invalid escape sequence. Such sequences will not work in the future. Did you mean "\\o"? A raw string is also an option.
<unknown>:565: SyntaxWarning: "\ " is an invalid escape sequence. Such sequences will not work in the future. Did you mean "\\ "? A raw string is also an option.
<unknown>:62: SyntaxWarning: "\_" is an invalid escape sequence. Such sequences will not work in the future. Did you mean "\\_"? A raw string is also an option.
<unknown>:830: SyntaxWarning: "\_" is an invalid escape sequence. Such sequences will not work in the future. Did you mean "\\_"? A raw string is also an option.
<unknown>:12: SyntaxWarning: "\s" is an invalid escape sequence. Such sequences will not work in the future. Did you mean "\\s"? A raw string is also an option.
<unknown>:499: SyntaxWarning: "\/" is an invalid escape sequence. Such sequences will not work in the future. Did you mean "\\/"? A raw string is also an option.
<unknown>:11: SyntaxWarning: "\_" is an invalid escape sequence. Such sequences will not work in the future. Did you mean "\\_"? A raw string is also an option.
<unknown>:47: SyntaxWarning: "\ " is an invalid escape sequence. Such sequences will not work in the future. Did you mean "\\ "? A raw string is also an option.
<unknown>:542: SyntaxWarning: "\*" is an invalid escape sequence. Such sequences will not work in the future. Did you mean "\\*"? A raw string is also an option.
<unknown>:1329: SyntaxWarning: "\*" is an invalid escape sequence. Such sequences will not work in the future. Did you mean "\\*"? A raw string is also an option.
<unknown>:1575: SyntaxWarning: "\d" is an invalid escape sequence. Such sequences will not work in the future. Did you mean "\\d"? A raw string is also an option.
<unknown>:1783: SyntaxWarning: "\s" is an invalid escape sequence. Such sequences will not work in the future. Did you mean "\\s"? A raw string is also an option.
<unknown>:1787: SyntaxWarning: "\s" is an invalid escape sequence. Such sequences will not work in the future. Did you mean "\\s"? A raw string is also an option.
<unknown>:260: SyntaxWarning: "\m" is an invalid escape sequence. Such sequences will not work in the future. Did you mean "\\m"? A raw string is also an option.
<unknown>:453: SyntaxWarning: "\m" is an invalid escape sequence. Such sequences will not work in the future. Did you mean "\\m"? A raw string is also an option.
<unknown>:490: SyntaxWarning: "\%" is an invalid escape sequence. Such sequences will not work in the future. Did you mean "\\%"? A raw string is also an option.
<unknown>:1629: SyntaxWarning: "\ " is an invalid escape sequence. Such sequences will not work in the future. Did you mean "\\ "? A raw string is also an option.
<unknown>:576: SyntaxWarning: "\_" is an invalid escape sequence. Such sequences will not work in the future. Did you mean "\\_"? A raw string is also an option.
<unknown>:859: SyntaxWarning: "\:" is an invalid escape sequence. Such sequences will not work in the future. Did you mean "\\:"? A raw string is also an option.
<unknown>:861: SyntaxWarning: "\:" is an invalid escape sequence. Such sequences will not work in the future. Did you mean "\\:"? A raw string is also an option.
<unknown>:948: SyntaxWarning: "\," is an invalid escape sequence. Such sequences will not work in the future. Did you mean "\\,"? A raw string is also an option.
<unknown>:952: SyntaxWarning: "\," is an invalid escape sequence. Such sequences will not work in the future. Did you mean "\\,"? A raw string is also an option.
<unknown>:1215: SyntaxWarning: "\m" is an invalid escape sequence. Such sequences will not work in the future. Did you mean "\\m"? A raw string is also an option.
<unknown>:1218: SyntaxWarning: "\e" is an invalid escape sequence. Such sequences will not work in the future. Did you mean "\\e"? A raw string is also an option.
<unknown>:744: SyntaxWarning: "\ " is an invalid escape sequence. Such sequences will not work in the future. Did you mean "\\ "? A raw string is also an option.
<unknown>:1472: SyntaxWarning: "\k" is an invalid escape sequence. Such sequences will not work in the future. Did you mean "\\k"? A raw string is also an option.
<unknown>:1489: SyntaxWarning: "\ " is an invalid escape sequence. Such sequences will not work in the future. Did you mean "\\ "? A raw string is also an option.
<unknown>:1507: SyntaxWarning: "\k" is an invalid escape sequence. Such sequences will not work in the future. Did you mean "\\k"? A raw string is also an option.
<unknown>:1752: SyntaxWarning: "\y" is an invalid escape sequence. Such sequences will not work in the future. Did you mean "\\y"? A raw string is also an option.
<unknown>:1768: SyntaxWarning: "\y" is an invalid escape sequence. Such sequences will not work in the future. Did you mean "\\y"? A raw string is also an option.
<unknown>:1826: SyntaxWarning: "\/" is an invalid escape sequence. Such sequences will not work in the future. Did you mean "\\/"? A raw string is also an option.
<unknown>:1837: SyntaxWarning: "\/" is an invalid escape sequence. Such sequences will not work in the future. Did you mean "\\/"? A raw string is also an option.
<unknown>:1851: SyntaxWarning: "\/" is an invalid escape sequence. Such sequences will not work in the future. Did you mean "\\/"? A raw string is also an option.
<unknown>:1866: SyntaxWarning: "\/" is an invalid escape sequence. Such sequences will not work in the future. Did you mean "\\/"? A raw string is also an option.
<unknown>:1882: SyntaxWarning: "\/" is an invalid escape sequence. Such sequences will not work in the future. Did you mean "\\/"? A raw string is also an option.
<unknown>:1896: SyntaxWarning: "\/" is an invalid escape sequence. Such sequences will not work in the future. Did you mean "\\/"? A raw string is also an option.
<unknown>:1910: SyntaxWarning: "\/" is an invalid escape sequence. Such sequences will not work in the future. Did you mean "\\/"? A raw string is also an option.
<unknown>:1926: SyntaxWarning: "\/" is an invalid escape sequence. Such sequences will not work in the future. Did you mean "\\/"? A raw string is also an option.
<unknown>:2013: SyntaxWarning: "\9" is an invalid escape sequence. Such sequences will not work in the future. Did you mean "\\9"? A raw string is also an option.
<unknown>:2041: SyntaxWarning: "\9" is an invalid escape sequence. Such sequences will not work in the future. Did you mean "\\9"? A raw string is also an option.
<unknown>:2278: SyntaxWarning: "\l" is an invalid escape sequence. Such sequences will not work in the future. Did you mean "\\l"? A raw string is also an option.
<unknown>:2487: SyntaxWarning: "\ " is an invalid escape sequence. Such sequences will not work in the future. Did you mean "\\ "? A raw string is also an option.
<unknown>:2884: SyntaxWarning: "\[" is an invalid escape sequence. Such sequences will not work in the future. Did you mean "\\["? A raw string is also an option.
<unknown>:2894: SyntaxWarning: "\ " is an invalid escape sequence. Such sequences will not work in the future. Did you mean "\\ "? A raw string is also an option.
<unknown>:2954: SyntaxWarning: "\ " is an invalid escape sequence. Such sequences will not work in the future. Did you mean "\\ "? A raw string is also an option.
<unknown>:2991: SyntaxWarning: "\ " is an invalid escape sequence. Such sequences will not work in the future. Did you mean "\\ "? A raw string is also an option.
<unknown>:3020: SyntaxWarning: "\ " is an invalid escape sequence. Such sequences will not work in the future. Did you mean "\\ "? A raw string is also an option.
<unknown>:3068: SyntaxWarning: "\ " is an invalid escape sequence. Such sequences will not work in the future. Did you mean "\\ "? A raw string is also an option.
<unknown>:3097: SyntaxWarning: "\ " is an invalid escape sequence. Such sequences will not work in the future. Did you mean "\\ "? A raw string is also an option.
<unknown>:3129: SyntaxWarning: "\ " is an invalid escape sequence. Such sequences will not work in the future. Did you mean "\\ "? A raw string is also an option.
<unknown>:3154: SyntaxWarning: "\ " is an invalid escape sequence. Such sequences will not work in the future. Did you mean "\\ "? A raw string is also an option.
<unknown>:3615: SyntaxWarning: "\ " is an invalid escape sequence. Such sequences will not work in the future. Did you mean "\\ "? A raw string is also an option.
<unknown>:4185: SyntaxWarning: "\ " is an invalid escape sequence. Such sequences will not work in the future. Did you mean "\\ "? A raw string is also an option.
<unknown>:4235: SyntaxWarning: "\ " is an invalid escape sequence. Such sequences will not work in the future. Did you mean "\\ "? A raw string is also an option.
<unknown>:4828: SyntaxWarning: "\_" is an invalid escape sequence. Such sequences will not work in the future. Did you mean "\\_"? A raw string is also an option.
<unknown>:4847: SyntaxWarning: "\_" is an invalid escape sequence. Such sequences will not work in the future. Did you mean "\\_"? A raw string is also an option.
<unknown>:4863: SyntaxWarning: "\_" is an invalid escape sequence. Such sequences will not work in the future. Did you mean "\\_"? A raw string is also an option.
<unknown>:4892: SyntaxWarning: "\_" is an invalid escape sequence. Such sequences will not work in the future. Did you mean "\\_"? A raw string is also an option.
<unknown>:4927: SyntaxWarning: "\_" is an invalid escape sequence. Such sequences will not work in the future. Did you mean "\\_"? A raw string is also an option.
<unknown>:5059: SyntaxWarning: "\z" is an invalid escape sequence. Such sequences will not work in the future. Did you mean "\\z"? A raw string is also an option.
<unknown>:5075: SyntaxWarning: "\ " is an invalid escape sequence. Such sequences will not work in the future. Did you mean "\\ "? A raw string is also an option.
<unknown>:5091: SyntaxWarning: "\z" is an invalid escape sequence. Such sequences will not work in the future. Did you mean "\\z"? A raw string is also an option.
<unknown>:5107: SyntaxWarning: "\ " is an invalid escape sequence. Such sequences will not work in the future. Did you mean "\\ "? A raw string is also an option.
<unknown>:5123: SyntaxWarning: "\ " is an invalid escape sequence. Such sequences will not work in the future. Did you mean "\\ "? A raw string is also an option.
<unknown>:5139: SyntaxWarning: "\ " is an invalid escape sequence. Such sequences will not work in the future. Did you mean "\\ "? A raw string is also an option.
<unknown>:5188: SyntaxWarning: "\ " is an invalid escape sequence. Such sequences will not work in the future. Did you mean "\\ "? A raw string is also an option.
<unknown>:5271: SyntaxWarning: "\/" is an invalid escape sequence. Such sequences will not work in the future. Did you mean "\\/"? A raw string is also an option.
<unknown>:5556: SyntaxWarning: "\ " is an invalid escape sequence. Such sequences will not work in the future. Did you mean "\\ "? A raw string is also an option.
<unknown>:5557: SyntaxWarning: "\ " is an invalid escape sequence. Such sequences will not work in the future. Did you mean "\\ "? A raw string is also an option.
<unknown>:5558: SyntaxWarning: "\ " is an invalid escape sequence. Such sequences will not work in the future. Did you mean "\\ "? A raw string is also an option.
<unknown>:5559: SyntaxWarning: "\ " is an invalid escape sequence. Such sequences will not work in the future. Did you mean "\\ "? A raw string is also an option.
<unknown>:5685: SyntaxWarning: "\ " is an invalid escape sequence. Such sequences will not work in the future. Did you mean "\\ "? A raw string is also an option.
<unknown>:5689: SyntaxWarning: "\ " is an invalid escape sequence. Such sequences will not work in the future. Did you mean "\\ "? A raw string is also an option.
<unknown>:423: SyntaxWarning: "\l" is an invalid escape sequence. Such sequences will not work in the future. Did you mean "\\l"? A raw string is also an option.
<unknown>:207: SyntaxWarning: "\i" is an invalid escape sequence. Such sequences will not work in the future. Did you mean "\\i"? A raw string is also an option.
<unknown>:388: SyntaxWarning: "\l" is an invalid escape sequence. Such sequences will not work in the future. Did you mean "\\l"? A raw string is also an option.
<unknown>:24: SyntaxWarning: "\ " is an invalid escape sequence. Such sequences will not work in the future. Did you mean "\\ "? A raw string is also an option.
<unknown>:121: SyntaxWarning: "\ " is an invalid escape sequence. Such sequences will not work in the future. Did you mean "\\ "? A raw string is also an option.
<unknown>:159: SyntaxWarning: "\l" is an invalid escape sequence. Such sequences will not work in the future. Did you mean "\\l"? A raw string is also an option.
<unknown>:694: SyntaxWarning: "\g" is an invalid escape sequence. Such sequences will not work in the future. Did you mean "\\g"? A raw string is also an option.
<unknown>:938: SyntaxWarning: "\p" is an invalid escape sequence. Such sequences will not work in the future. Did you mean "\\p"? A raw string is also an option.
<unknown>:539: SyntaxWarning: "\d" is an invalid escape sequence. Such sequences will not work in the future. Did you mean "\\d"? A raw string is also an option.
<unknown>:812: SyntaxWarning: "\d" is an invalid escape sequence. Such sequences will not work in the future. Did you mean "\\d"? A raw string is also an option.
<unknown>:870: SyntaxWarning: "\L" is an invalid escape sequence. Such sequences will not work in the future. Did you mean "\\L"? A raw string is also an option.
<unknown>:35: SyntaxWarning: "\s" is an invalid escape sequence. Such sequences will not work in the future. Did you mean "\\s"? A raw string is also an option.
<unknown>:458: SyntaxWarning: "\l" is an invalid escape sequence. Such sequences will not work in the future. Did you mean "\\l"? A raw string is also an option.
<unknown>:480: SyntaxWarning: "\l" is an invalid escape sequence. Such sequences will not work in the future. Did you mean "\\l"? A raw string is also an option.
<unknown>:574: SyntaxWarning: "\l" is an invalid escape sequence. Such sequences will not work in the future. Did you mean "\\l"? A raw string is also an option.
<unknown>:755: SyntaxWarning: "\e" is an invalid escape sequence. Such sequences will not work in the future. Did you mean "\\e"? A raw string is also an option.
<unknown>:2433: SyntaxWarning: "\s" is an invalid escape sequence. Such sequences will not work in the future. Did you mean "\\s"? A raw string is also an option.
<unknown>:230: SyntaxWarning: "\d" is an invalid escape sequence. Such sequences will not work in the future. Did you mean "\\d"? A raw string is also an option.
<unknown>:231: SyntaxWarning: "\d" is an invalid escape sequence. Such sequences will not work in the future. Did you mean "\\d"? A raw string is also an option.
<unknown>:5: SyntaxWarning: "\i" is an invalid escape sequence. Such sequences will not work in the future. Did you mean "\\i"? A raw string is also an option.
<unknown>:28: SyntaxWarning: "\s" is an invalid escape sequence. Such sequences will not work in the future. Did you mean "\\s"? A raw string is also an option.
<unknown>:304: SyntaxWarning: "\," is an invalid escape sequence. Such sequences will not work in the future. Did you mean "\\,"? A raw string is also an option.
<unknown>:23: SyntaxWarning: "\S" is an invalid escape sequence. Such sequences will not work in the future. Did you mean "\\S"? A raw string is also an option.
<unknown>:22: SyntaxWarning: "\S" is an invalid escape sequence. Such sequences will not work in the future. Did you mean "\\S"? A raw string is also an option.
<unknown>:4: SyntaxWarning: "\m" is an invalid escape sequence. Such sequences will not work in the future. Did you mean "\\m"? A raw string is also an option.
<unknown>:16: SyntaxWarning: "\m" is an invalid escape sequence. Such sequences will not work in the future. Did you mean "\\m"? A raw string is also an option.
<unknown>:47: SyntaxWarning: "\m" is an invalid escape sequence. Such sequences will not work in the future. Did you mean "\\m"? A raw string is also an option.
<unknown>:121: SyntaxWarning: "\s" is an invalid escape sequence. Such sequences will not work in the future. Did you mean "\\s"? A raw string is also an option.
<unknown>:130: SyntaxWarning: "\s" is an invalid escape sequence. Such sequences will not work in the future. Did you mean "\\s"? A raw string is also an option.
<unknown>:287: SyntaxWarning: "\w" is an invalid escape sequence. Such sequences will not work in the future. Did you mean "\\w"? A raw string is also an option.
<unknown>:341: SyntaxWarning: "\*" is an invalid escape sequence. Such sequences will not work in the future. Did you mean "\\*"? A raw string is also an option.
<unknown>:469: SyntaxWarning: "\*" is an invalid escape sequence. Such sequences will not work in the future. Did you mean "\\*"? A raw string is also an option.
<unknown>:487: SyntaxWarning: "\*" is an invalid escape sequence. Such sequences will not work in the future. Did you mean "\\*"? A raw string is also an option.
[85/300] pydata__xarray-5131            file_rec=1.0 cov=0 line_R@5 arise=1 ours=1
[86/300] pytest-dev__pytest-7168        file_rec=1.0 cov=0 line_R@5 arise=0 ours=0
[87/300] django__django-17087           file_rec=0.0 cov=0 line_R@5 arise=0 ours=0
[88/300] django__django-13933           file_rec=1.0 cov=0 line_R@5 arise=1 ours=1
[89/300] sympy__sympy-18698             file_rec=1.0 cov=0 line_R@5 arise=0 ours=0
[90/300] django__django-12700           file_rec=1.0 cov=0 line_R@5 arise=1 ours=1
[91/300] astropy__astropy-14182         file_rec=1.0 cov=0 line_R@5 arise=1 ours=1
<unknown>:38: SyntaxWarning: "\_" is an invalid escape sequence. Such sequences will not work in the future. Did you mean "\\_"? A raw string is also an option.
[92/300] pylint-dev__pylint-6506        file_rec=1.0 cov=0 line_R@5 arise=1 ours=1
[93/300] sympy__sympy-12419             file_rec=0.0 cov=0 line_R@5 arise=0 ours=0
[94/300] sympy__sympy-22005             file_rec=1.0 cov=0 line_R@5 arise=0 ours=1
[95/300] django__django-15902           file_rec=1.0 cov=0 line_R@5 arise=0 ours=0
[96/300] sympy__sympy-12481             file_rec=1.0 cov=0 line_R@5 arise=0 ours=1
[97/300] django__django-15202           file_rec=0.0 cov=0 line_R@5 arise=0 ours=0
[98/300] sympy__sympy-15308             file_rec=1.0 cov=0 line_R@5 arise=0 ours=0
[99/300] django__django-15213           file_rec=1.0 cov=0 line_R@5 arise=0 ours=0
[100/300] django__django-16139           file_rec=1.0 cov=0 line_R@5 arise=1 ours=1
[101/300] pytest-dev__pytest-7220        file_rec=0.0 cov=0 line_R@5 arise=0 ours=0
[102/300] django__django-11910           file_rec=0.0 cov=0 line_R@5 arise=0 ours=0
[103/300] django__django-14016           file_rec=1.0 cov=0 line_R@5 arise=0 ours=0
[104/300] sympy__sympy-16503             file_rec=1.0 cov=0 line_R@5 arise=0 ours=1
[105/300] django__django-12983           file_rec=1.0 cov=0 line_R@5 arise=0 ours=1
[106/300] matplotlib__matplotlib-25079   file_rec=1.0 cov=0 line_R@5 arise=0 ours=0
[107/300] scikit-learn__scikit-learn-14894 file_rec=1.0 cov=0 line_R@5 arise=0 ours=1
[108/300] scikit-learn__scikit-learn-13142 file_rec=0.0 cov=0 line_R@5 arise=0 ours=0
<unknown>:99: SyntaxWarning: "\s" is an invalid escape sequence. Such sequences will not work in the future. Did you mean "\\s"? A raw string is also an option.
[109/300] django__django-14411           file_rec=1.0 cov=0 line_R@5 arise=0 ours=0
[110/300] sphinx-doc__sphinx-8713        file_rec=1.0 cov=0 line_R@5 arise=1 ours=1
[111/300] scikit-learn__scikit-learn-15535 file_rec=0.0 cov=0 line_R@5 arise=0 ours=0
<unknown>:23: SyntaxWarning: "\S" is an invalid escape sequence. Such sequences will not work in the future. Did you mean "\\S"? A raw string is also an option.
<unknown>:22: SyntaxWarning: "\S" is an invalid escape sequence. Such sequences will not work in the future. Did you mean "\\S"? A raw string is also an option.
<unknown>:4: SyntaxWarning: "\m" is an invalid escape sequence. Such sequences will not work in the future. Did you mean "\\m"? A raw string is also an option.
<unknown>:16: SyntaxWarning: "\m" is an invalid escape sequence. Such sequences will not work in the future. Did you mean "\\m"? A raw string is also an option.
<unknown>:47: SyntaxWarning: "\m" is an invalid escape sequence. Such sequences will not work in the future. Did you mean "\\m"? A raw string is also an option.
<unknown>:121: SyntaxWarning: "\s" is an invalid escape sequence. Such sequences will not work in the future. Did you mean "\\s"? A raw string is also an option.
<unknown>:130: SyntaxWarning: "\s" is an invalid escape sequence. Such sequences will not work in the future. Did you mean "\\s"? A raw string is also an option.
<unknown>:292: SyntaxWarning: "\w" is an invalid escape sequence. Such sequences will not work in the future. Did you mean "\\w"? A raw string is also an option.
<unknown>:346: SyntaxWarning: "\*" is an invalid escape sequence. Such sequences will not work in the future. Did you mean "\\*"? A raw string is also an option.
<unknown>:474: SyntaxWarning: "\*" is an invalid escape sequence. Such sequences will not work in the future. Did you mean "\\*"? A raw string is also an option.
<unknown>:492: SyntaxWarning: "\*" is an invalid escape sequence. Such sequences will not work in the future. Did you mean "\\*"? A raw string is also an option.
[112/300] matplotlib__matplotlib-23299   file_rec=1.0 cov=0 line_R@5 arise=0 ours=1
[113/300] scikit-learn__scikit-learn-25500 file_rec=0.0 cov=0 line_R@5 arise=0 ours=0
[114/300] django__django-15498           file_rec=1.0 cov=0 line_R@5 arise=0 ours=1
[115/300] scikit-learn__scikit-learn-10949 file_rec=1.0 cov=0 line_R@5 arise=0 ours=0
<unknown>:23: SyntaxWarning: "\S" is an invalid escape sequence. Such sequences will not work in the future. Did you mean "\\S"? A raw string is also an option.
<unknown>:22: SyntaxWarning: "\S" is an invalid escape sequence. Such sequences will not work in the future. Did you mean "\\S"? A raw string is also an option.
<unknown>:4: SyntaxWarning: "\m" is an invalid escape sequence. Such sequences will not work in the future. Did you mean "\\m"? A raw string is also an option.
<unknown>:16: SyntaxWarning: "\m" is an invalid escape sequence. Such sequences will not work in the future. Did you mean "\\m"? A raw string is also an option.
<unknown>:47: SyntaxWarning: "\m" is an invalid escape sequence. Such sequences will not work in the future. Did you mean "\\m"? A raw string is also an option.
<unknown>:121: SyntaxWarning: "\s" is an invalid escape sequence. Such sequences will not work in the future. Did you mean "\\s"? A raw string is also an option.
<unknown>:130: SyntaxWarning: "\s" is an invalid escape sequence. Such sequences will not work in the future. Did you mean "\\s"? A raw string is also an option.
<unknown>:287: SyntaxWarning: "\w" is an invalid escape sequence. Such sequences will not work in the future. Did you mean "\\w"? A raw string is also an option.
<unknown>:341: SyntaxWarning: "\*" is an invalid escape sequence. Such sequences will not work in the future. Did you mean "\\*"? A raw string is also an option.
<unknown>:469: SyntaxWarning: "\*" is an invalid escape sequence. Such sequences will not work in the future. Did you mean "\\*"? A raw string is also an option.
<unknown>:487: SyntaxWarning: "\*" is an invalid escape sequence. Such sequences will not work in the future. Did you mean "\\*"? A raw string is also an option.
[116/300] django__django-16910           file_rec=1.0 cov=0 line_R@5 arise=0 ours=0
[117/300] pytest-dev__pytest-6116        file_rec=1.0 cov=0 line_R@5 arise=1 ours=1
[118/300] scikit-learn__scikit-learn-12471 file_rec=0.0 cov=0 line_R@5 arise=0 ours=0
[119/300] scikit-learn__scikit-learn-25747 file_rec=0.0 cov=0 line_R@5 arise=0 ours=0
[120/300] sympy__sympy-20442             file_rec=1.0 cov=0 line_R@5 arise=0 ours=0
[121/300] sympy__sympy-24102             file_rec=1.0 cov=0 line_R@5 arise=0 ours=0
<unknown>:289: SyntaxWarning: "\w" is an invalid escape sequence. Such sequences will not work in the future. Did you mean "\\w"? A raw string is also an option.
<unknown>:343: SyntaxWarning: "\*" is an invalid escape sequence. Such sequences will not work in the future. Did you mean "\\*"? A raw string is also an option.
<unknown>:468: SyntaxWarning: "\*" is an invalid escape sequence. Such sequences will not work in the future. Did you mean "\\*"? A raw string is also an option.
<unknown>:486: SyntaxWarning: "\*" is an invalid escape sequence. Such sequences will not work in the future. Did you mean "\\*"? A raw string is also an option.
[122/300] mwaskom__seaborn-3190          file_rec=1.0 cov=0 line_R@5 arise=1 ours=1
[123/300] sympy__sympy-18087             file_rec=0.0 cov=0 line_R@5 arise=0 ours=0
[124/300] pydata__xarray-4493            file_rec=0.0 cov=0 line_R@5 arise=0 ours=0
[125/300] sympy__sympy-13773             file_rec=1.0 cov=0 line_R@5 arise=0 ours=1
<unknown>:687: SyntaxWarning: "\l" is an invalid escape sequence. Such sequences will not work in the future. Did you mean "\\l"? A raw string is also an option.
<unknown>:1301: SyntaxWarning: "\i" is an invalid escape sequence. Such sequences will not work in the future. Did you mean "\\i"? A raw string is also an option.
<unknown>:1798: SyntaxWarning: "\{" is an invalid escape sequence. Such sequences will not work in the future. Did you mean "\\{"? A raw string is also an option.
<unknown>:3054: SyntaxWarning: "\{" is an invalid escape sequence. Such sequences will not work in the future. Did you mean "\\{"? A raw string is also an option.
<unknown>:3350: SyntaxWarning: "\O" is an invalid escape sequence. Such sequences will not work in the future. Did you mean "\\O"? A raw string is also an option.
<unknown>:124: SyntaxWarning: "\i" is an invalid escape sequence. Such sequences will not work in the future. Did you mean "\\i"? A raw string is also an option.
<unknown>:394: SyntaxWarning: "\9" is an invalid escape sequence. Such sequences will not work in the future. Did you mean "\\9"? A raw string is also an option.
<unknown>:1751: SyntaxWarning: "\e" is an invalid escape sequence. Such sequences will not work in the future. Did you mean "\\e"? A raw string is also an option.
<unknown>:1825: SyntaxWarning: "\e" is an invalid escape sequence. Such sequences will not work in the future. Did you mean "\\e"? A raw string is also an option.
<unknown>:1923: SyntaxWarning: "\p" is an invalid escape sequence. Such sequences will not work in the future. Did you mean "\\p"? A raw string is also an option.
<unknown>:713: SyntaxWarning: "\|" is an invalid escape sequence. Such sequences will not work in the future. Did you mean "\\|"? A raw string is also an option.
<unknown>:1883: SyntaxWarning: "\c" is an invalid escape sequence. Such sequences will not work in the future. Did you mean "\\c"? A raw string is also an option.
<unknown>:947: SyntaxWarning: "\ " is an invalid escape sequence. Such sequences will not work in the future. Did you mean "\\ "? A raw string is also an option.
<unknown>:1062: SyntaxWarning: "\ " is an invalid escape sequence. Such sequences will not work in the future. Did you mean "\\ "? A raw string is also an option.
<unknown>:181: SyntaxWarning: "\ " is an invalid escape sequence. Such sequences will not work in the future. Did you mean "\\ "? A raw string is also an option.
<unknown>:310: SyntaxWarning: "\ " is an invalid escape sequence. Such sequences will not work in the future. Did you mean "\\ "? A raw string is also an option.
<unknown>:33: SyntaxWarning: "\^" is an invalid escape sequence. Such sequences will not work in the future. Did you mean "\\^"? A raw string is also an option.
<unknown>:47: SyntaxWarning: "\s" is an invalid escape sequence. Such sequences will not work in the future. Did you mean "\\s"? A raw string is also an option.
<unknown>:83: SyntaxWarning: "\l" is an invalid escape sequence. Such sequences will not work in the future. Did you mean "\\l"? A raw string is also an option.
<unknown>:12: SyntaxWarning: "\s" is an invalid escape sequence. Such sequences will not work in the future. Did you mean "\\s"? A raw string is also an option.
<unknown>:499: SyntaxWarning: "\/" is an invalid escape sequence. Such sequences will not work in the future. Did you mean "\\/"? A raw string is also an option.
<unknown>:260: SyntaxWarning: "\m" is an invalid escape sequence. Such sequences will not work in the future. Did you mean "\\m"? A raw string is also an option.
<unknown>:448: SyntaxWarning: "\m" is an invalid escape sequence. Such sequences will not work in the future. Did you mean "\\m"? A raw string is also an option.
<unknown>:423: SyntaxWarning: "\l" is an invalid escape sequence. Such sequences will not work in the future. Did you mean "\\l"? A raw string is also an option.
<unknown>:207: SyntaxWarning: "\i" is an invalid escape sequence. Such sequences will not work in the future. Did you mean "\\i"? A raw string is also an option.
<unknown>:24: SyntaxWarning: "\ " is an invalid escape sequence. Such sequences will not work in the future. Did you mean "\\ "? A raw string is also an option.
<unknown>:121: SyntaxWarning: "\ " is an invalid escape sequence. Such sequences will not work in the future. Did you mean "\\ "? A raw string is also an option.
<unknown>:159: SyntaxWarning: "\l" is an invalid escape sequence. Such sequences will not work in the future. Did you mean "\\l"? A raw string is also an option.
<unknown>:694: SyntaxWarning: "\g" is an invalid escape sequence. Such sequences will not work in the future. Did you mean "\\g"? A raw string is also an option.
<unknown>:938: SyntaxWarning: "\p" is an invalid escape sequence. Such sequences will not work in the future. Did you mean "\\p"? A raw string is also an option.
[126/300] pytest-dev__pytest-5413        file_rec=0.0 cov=0 line_R@5 arise=0 ours=0
<unknown>:35: SyntaxWarning: "\s" is an invalid escape sequence. Such sequences will not work in the future. Did you mean "\\s"? A raw string is also an option.
<unknown>:23: SyntaxWarning: "\S" is an invalid escape sequence. Such sequences will not work in the future. Did you mean "\\S"? A raw string is also an option.
<unknown>:22: SyntaxWarning: "\S" is an invalid escape sequence. Such sequences will not work in the future. Did you mean "\\S"? A raw string is also an option.
<unknown>:4: SyntaxWarning: "\m" is an invalid escape sequence. Such sequences will not work in the future. Did you mean "\\m"? A raw string is also an option.
<unknown>:16: SyntaxWarning: "\m" is an invalid escape sequence. Such sequences will not work in the future. Did you mean "\\m"? A raw string is also an option.
<unknown>:47: SyntaxWarning: "\m" is an invalid escape sequence. Such sequences will not work in the future. Did you mean "\\m"? A raw string is also an option.
<unknown>:121: SyntaxWarning: "\s" is an invalid escape sequence. Such sequences will not work in the future. Did you mean "\\s"? A raw string is also an option.
<unknown>:130: SyntaxWarning: "\s" is an invalid escape sequence. Such sequences will not work in the future. Did you mean "\\s"? A raw string is also an option.
<unknown>:287: SyntaxWarning: "\w" is an invalid escape sequence. Such sequences will not work in the future. Did you mean "\\w"? A raw string is also an option.
<unknown>:341: SyntaxWarning: "\*" is an invalid escape sequence. Such sequences will not work in the future. Did you mean "\\*"? A raw string is also an option.
<unknown>:469: SyntaxWarning: "\*" is an invalid escape sequence. Such sequences will not work in the future. Did you mean "\\*"? A raw string is also an option.
<unknown>:487: SyntaxWarning: "\*" is an invalid escape sequence. Such sequences will not work in the future. Did you mean "\\*"? A raw string is also an option.
[127/300] django__django-11099           file_rec=1.0 cov=0 line_R@5 arise=0 ours=1
[128/300] sympy__sympy-19254             file_rec=1.0 cov=0 line_R@5 arise=1 ours=1
<unknown>:23: SyntaxWarning: "\S" is an invalid escape sequence. Such sequences will not work in the future. Did you mean "\\S"? A raw string is also an option.
<unknown>:22: SyntaxWarning: "\S" is an invalid escape sequence. Such sequences will not work in the future. Did you mean "\\S"? A raw string is also an option.
<unknown>:4: SyntaxWarning: "\m" is an invalid escape sequence. Such sequences will not work in the future. Did you mean "\\m"? A raw string is also an option.
<unknown>:16: SyntaxWarning: "\m" is an invalid escape sequence. Such sequences will not work in the future. Did you mean "\\m"? A raw string is also an option.
<unknown>:47: SyntaxWarning: "\m" is an invalid escape sequence. Such sequences will not work in the future. Did you mean "\\m"? A raw string is also an option.
<unknown>:121: SyntaxWarning: "\s" is an invalid escape sequence. Such sequences will not work in the future. Did you mean "\\s"? A raw string is also an option.
<unknown>:130: SyntaxWarning: "\s" is an invalid escape sequence. Such sequences will not work in the future. Did you mean "\\s"? A raw string is also an option.
<unknown>:287: SyntaxWarning: "\w" is an invalid escape sequence. Such sequences will not work in the future. Did you mean "\\w"? A raw string is also an option.
<unknown>:341: SyntaxWarning: "\*" is an invalid escape sequence. Such sequences will not work in the future. Did you mean "\\*"? A raw string is also an option.
<unknown>:469: SyntaxWarning: "\*" is an invalid escape sequence. Such sequences will not work in the future. Did you mean "\\*"? A raw string is also an option.
<unknown>:487: SyntaxWarning: "\*" is an invalid escape sequence. Such sequences will not work in the future. Did you mean "\\*"? A raw string is also an option.
[129/300] sympy__sympy-13043             file_rec=1.0 cov=0 line_R@5 arise=1 ours=1
<unknown>:637: SyntaxWarning: "\S" is an invalid escape sequence. Such sequences will not work in the future. Did you mean "\\S"? A raw string is also an option.
[130/300] scikit-learn__scikit-learn-14983 file_rec=0.0 cov=0 line_R@5 arise=0 ours=0
<unknown>:268: SyntaxWarning: "\l" is an invalid escape sequence. Such sequences will not work in the future. Did you mean "\\l"? A raw string is also an option.
<unknown>:523: SyntaxWarning: "\O" is an invalid escape sequence. Such sequences will not work in the future. Did you mean "\\O"? A raw string is also an option.
<unknown>:1124: SyntaxWarning: "\i" is an invalid escape sequence. Such sequences will not work in the future. Did you mean "\\i"? A raw string is also an option.
<unknown>:1621: SyntaxWarning: "\{" is an invalid escape sequence. Such sequences will not work in the future. Did you mean "\\{"? A raw string is also an option.
<unknown>:2836: SyntaxWarning: "\{" is an invalid escape sequence. Such sequences will not work in the future. Did you mean "\\{"? A raw string is also an option.
<unknown>:3120: SyntaxWarning: "\O" is an invalid escape sequence. Such sequences will not work in the future. Did you mean "\\O"? A raw string is also an option.
<unknown>:124: SyntaxWarning: "\i" is an invalid escape sequence. Such sequences will not work in the future. Did you mean "\\i"? A raw string is also an option.
<unknown>:19: SyntaxWarning: "\m" is an invalid escape sequence. Such sequences will not work in the future. Did you mean "\\m"? A raw string is also an option.
<unknown>:1465: SyntaxWarning: "\*" is an invalid escape sequence. Such sequences will not work in the future. Did you mean "\\*"? A raw string is also an option.
<unknown>:2234: SyntaxWarning: "\*" is an invalid escape sequence. Such sequences will not work in the future. Did you mean "\\*"? A raw string is also an option.
<unknown>:34: SyntaxWarning: "\_" is an invalid escape sequence. Such sequences will not work in the future. Did you mean "\\_"? A raw string is also an option.
<unknown>:1875: SyntaxWarning: "\s" is an invalid escape sequence. Such sequences will not work in the future. Did you mean "\\s"? A raw string is also an option.
<unknown>:424: SyntaxWarning: "\," is an invalid escape sequence. Such sequences will not work in the future. Did you mean "\\,"? A raw string is also an option.
<unknown>:452: SyntaxWarning: "\," is an invalid escape sequence. Such sequences will not work in the future. Did you mean "\\,"? A raw string is also an option.
<unknown>:452: SyntaxWarning: "\:" is an invalid escape sequence. Such sequences will not work in the future. Did you mean "\\:"? A raw string is also an option.
<unknown>:452: SyntaxWarning: "\ " is an invalid escape sequence. Such sequences will not work in the future. Did you mean "\\ "? A raw string is also an option.
<unknown>:394: SyntaxWarning: "\9" is an invalid escape sequence. Such sequences will not work in the future. Did you mean "\\9"? A raw string is also an option.
<unknown>:1750: SyntaxWarning: "\e" is an invalid escape sequence. Such sequences will not work in the future. Did you mean "\\e"? A raw string is also an option.
<unknown>:1824: SyntaxWarning: "\e" is an invalid escape sequence. Such sequences will not work in the future. Did you mean "\\e"? A raw string is also an option.
<unknown>:1922: SyntaxWarning: "\p" is an invalid escape sequence. Such sequences will not work in the future. Did you mean "\\p"? A raw string is also an option.
<unknown>:709: SyntaxWarning: "\|" is an invalid escape sequence. Such sequences will not work in the future. Did you mean "\\|"? A raw string is also an option.
<unknown>:723: SyntaxWarning: "\i" is an invalid escape sequence. Such sequences will not work in the future. Did you mean "\\i"? A raw string is also an option.
<unknown>:838: SyntaxWarning: "\i" is an invalid escape sequence. Such sequences will not work in the future. Did you mean "\\i"? A raw string is also an option.
<unknown>:2007: SyntaxWarning: "\i" is an invalid escape sequence. Such sequences will not work in the future. Did you mean "\\i"? A raw string is also an option.
<unknown>:592: SyntaxWarning: "\ " is an invalid escape sequence. Such sequences will not work in the future. Did you mean "\\ "? A raw string is also an option.
<unknown>:699: SyntaxWarning: "\ " is an invalid escape sequence. Such sequences will not work in the future. Did you mean "\\ "? A raw string is also an option.
<unknown>:181: SyntaxWarning: "\ " is an invalid escape sequence. Such sequences will not work in the future. Did you mean "\\ "? A raw string is also an option.
<unknown>:310: SyntaxWarning: "\ " is an invalid escape sequence. Such sequences will not work in the future. Did you mean "\\ "? A raw string is also an option.
<unknown>:1718: SyntaxWarning: "\i" is an invalid escape sequence. Such sequences will not work in the future. Did you mean "\\i"? A raw string is also an option.
<unknown>:323: SyntaxWarning: "\/" is an invalid escape sequence. Such sequences will not work in the future. Did you mean "\\/"? A raw string is also an option.
<unknown>:385: SyntaxWarning: "\/" is an invalid escape sequence. Such sequences will not work in the future. Did you mean "\\/"? A raw string is also an option.
<unknown>:1016: SyntaxWarning: "\*" is an invalid escape sequence. Such sequences will not work in the future. Did you mean "\\*"? A raw string is also an option.
<unknown>:1532: SyntaxWarning: "\p" is an invalid escape sequence. Such sequences will not work in the future. Did you mean "\\p"? A raw string is also an option.
<unknown>:1575: SyntaxWarning: "\l" is an invalid escape sequence. Such sequences will not work in the future. Did you mean "\\l"? A raw string is also an option.
<unknown>:1621: SyntaxWarning: "\s" is an invalid escape sequence. Such sequences will not work in the future. Did you mean "\\s"? A raw string is also an option.
<unknown>:1694: SyntaxWarning: "\p" is an invalid escape sequence. Such sequences will not work in the future. Did you mean "\\p"? A raw string is also an option.
<unknown>:1784: SyntaxWarning: "\s" is an invalid escape sequence. Such sequences will not work in the future. Did you mean "\\s"? A raw string is also an option.
<unknown>:33: SyntaxWarning: "\^" is an invalid escape sequence. Such sequences will not work in the future. Did you mean "\\^"? A raw string is also an option.
<unknown>:47: SyntaxWarning: "\s" is an invalid escape sequence. Such sequences will not work in the future. Did you mean "\\s"? A raw string is also an option.
<unknown>:83: SyntaxWarning: "\l" is an invalid escape sequence. Such sequences will not work in the future. Did you mean "\\l"? A raw string is also an option.
<unknown>:107: SyntaxWarning: "\m" is an invalid escape sequence. Such sequences will not work in the future. Did you mean "\\m"? A raw string is also an option.
<unknown>:135: SyntaxWarning: "\l" is an invalid escape sequence. Such sequences will not work in the future. Did you mean "\\l"? A raw string is also an option.
<unknown>:405: SyntaxWarning: "\d" is an invalid escape sequence. Such sequences will not work in the future. Did you mean "\\d"? A raw string is also an option.
<unknown>:406: SyntaxWarning: "\d" is an invalid escape sequence. Such sequences will not work in the future. Did you mean "\\d"? A raw string is also an option.
<unknown>:407: SyntaxWarning: "\(" is an invalid escape sequence. Such sequences will not work in the future. Did you mean "\\("? A raw string is also an option.
<unknown>:408: SyntaxWarning: "\[" is an invalid escape sequence. Such sequences will not work in the future. Did you mean "\\["? A raw string is also an option.
<unknown>:409: SyntaxWarning: "\(" is an invalid escape sequence. Such sequences will not work in the future. Did you mean "\\("? A raw string is also an option.
<unknown>:410: SyntaxWarning: "\<" is an invalid escape sequence. Such sequences will not work in the future. Did you mean "\\<"? A raw string is also an option.
<unknown>:565: SyntaxWarning: "\_" is an invalid escape sequence. Such sequences will not work in the future. Did you mean "\\_"? A raw string is also an option.
<unknown>:584: SyntaxWarning: "\_" is an invalid escape sequence. Such sequences will not work in the future. Did you mean "\\_"? A raw string is also an option.
<unknown>:794: SyntaxWarning: "\_" is an invalid escape sequence. Such sequences will not work in the future. Did you mean "\\_"? A raw string is also an option.
<unknown>:849: SyntaxWarning: "\_" is an invalid escape sequence. Such sequences will not work in the future. Did you mean "\\_"? A raw string is also an option.
<unknown>:1082: SyntaxWarning: "\_" is an invalid escape sequence. Such sequences will not work in the future. Did you mean "\\_"? A raw string is also an option.
<unknown>:1266: SyntaxWarning: "\_" is an invalid escape sequence. Such sequences will not work in the future. Did you mean "\\_"? A raw string is also an option.
<unknown>:1526: SyntaxWarning: "\_" is an invalid escape sequence. Such sequences will not work in the future. Did you mean "\\_"? A raw string is also an option.
<unknown>:1663: SyntaxWarning: "\_" is an invalid escape sequence. Such sequences will not work in the future. Did you mean "\\_"? A raw string is also an option.
<unknown>:637: SyntaxWarning: "\o" is an invalid escape sequence. Such sequences will not work in the future. Did you mean "\\o"? A raw string is also an option.
<unknown>:653: SyntaxWarning: "\s" is an invalid escape sequence. Such sequences will not work in the future. Did you mean "\\s"? A raw string is also an option.
<unknown>:1367: SyntaxWarning: "\d" is an invalid escape sequence. Such sequences will not work in the future. Did you mean "\\d"? A raw string is also an option.
<unknown>:1390: SyntaxWarning: "\c" is an invalid escape sequence. Such sequences will not work in the future. Did you mean "\\c"? A raw string is also an option.
<unknown>:1518: SyntaxWarning: "\l" is an invalid escape sequence. Such sequences will not work in the future. Did you mean "\\l"? A raw string is also an option.
<unknown>:1522: SyntaxWarning: "\l" is an invalid escape sequence. Such sequences will not work in the future. Did you mean "\\l"? A raw string is also an option.
<unknown>:1611: SyntaxWarning: "\l" is an invalid escape sequence. Such sequences will not work in the future. Did you mean "\\l"? A raw string is also an option.
<unknown>:677: SyntaxWarning: "\ " is an invalid escape sequence. Such sequences will not work in the future. Did you mean "\\ "? A raw string is also an option.
<unknown>:31: SyntaxWarning: "\e" is an invalid escape sequence. Such sequences will not work in the future. Did you mean "\\e"? A raw string is also an option.
<unknown>:192: SyntaxWarning: "\s" is an invalid escape sequence. Such sequences will not work in the future. Did you mean "\\s"? A raw string is also an option.
<unknown>:329: SyntaxWarning: "\*" is an invalid escape sequence. Such sequences will not work in the future. Did you mean "\\*"? A raw string is also an option.
<unknown>:299: SyntaxWarning: "\l" is an invalid escape sequence. Such sequences will not work in the future. Did you mean "\\l"? A raw string is also an option.
<unknown>:921: SyntaxWarning: "\*" is an invalid escape sequence. Such sequences will not work in the future. Did you mean "\\*"? A raw string is also an option.
<unknown>:182: SyntaxWarning: "\ " is an invalid escape sequence. Such sequences will not work in the future. Did you mean "\\ "? A raw string is also an option.
<unknown>:1580: SyntaxWarning: "\{" is an invalid escape sequence. Such sequences will not work in the future. Did you mean "\\{"? A raw string is also an option.
<unknown>:671: SyntaxWarning: "\/" is an invalid escape sequence. Such sequences will not work in the future. Did you mean "\\/"? A raw string is also an option.
<unknown>:119: SyntaxWarning: "\e" is an invalid escape sequence. Such sequences will not work in the future. Did you mean "\\e"? A raw string is also an option.
<unknown>:1189: SyntaxWarning: "\g" is an invalid escape sequence. Such sequences will not work in the future. Did you mean "\\g"? A raw string is also an option.
<unknown>:1254: SyntaxWarning: "\s" is an invalid escape sequence. Such sequences will not work in the future. Did you mean "\\s"? A raw string is also an option.
<unknown>:1317: SyntaxWarning: "\s" is an invalid escape sequence. Such sequences will not work in the future. Did you mean "\\s"? A raw string is also an option.
<unknown>:1438: SyntaxWarning: "\s" is an invalid escape sequence. Such sequences will not work in the future. Did you mean "\\s"? A raw string is also an option.
<unknown>:2175: SyntaxWarning: "\ " is an invalid escape sequence. Such sequences will not work in the future. Did you mean "\\ "? A raw string is also an option.
<unknown>:2339: SyntaxWarning: "\e" is an invalid escape sequence. Such sequences will not work in the future. Did you mean "\\e"? A raw string is also an option.
<unknown>:2381: SyntaxWarning: "\e" is an invalid escape sequence. Such sequences will not work in the future. Did you mean "\\e"? A raw string is also an option.
<unknown>:2391: SyntaxWarning: "\c" is an invalid escape sequence. Such sequences will not work in the future. Did you mean "\\c"? A raw string is also an option.
<unknown>:2401: SyntaxWarning: "\g" is an invalid escape sequence. Such sequences will not work in the future. Did you mean "\\g"? A raw string is also an option.
<unknown>:2542: SyntaxWarning: "\i" is an invalid escape sequence. Such sequences will not work in the future. Did you mean "\\i"? A raw string is also an option.
<unknown>:2756: SyntaxWarning: "\g" is an invalid escape sequence. Such sequences will not work in the future. Did you mean "\\g"? A raw string is also an option.
<unknown>:2836: SyntaxWarning: "\g" is an invalid escape sequence. Such sequences will not work in the future. Did you mean "\\g"? A raw string is also an option.
<unknown>:24: SyntaxWarning: "\d" is an invalid escape sequence. Such sequences will not work in the future. Did you mean "\\d"? A raw string is also an option.
<unknown>:73: SyntaxWarning: "\o" is an invalid escape sequence. Such sequences will not work in the future. Did you mean "\\o"? A raw string is also an option.
<unknown>:351: SyntaxWarning: "\o" is an invalid escape sequence. Such sequences will not work in the future. Did you mean "\\o"? A raw string is also an option.
<unknown>:462: SyntaxWarning: "\o" is an invalid escape sequence. Such sequences will not work in the future. Did you mean "\\o"? A raw string is also an option.
<unknown>:666: SyntaxWarning: "\o" is an invalid escape sequence. Such sequences will not work in the future. Did you mean "\\o"? A raw string is also an option.
<unknown>:548: SyntaxWarning: "\ " is an invalid escape sequence. Such sequences will not work in the future. Did you mean "\\ "? A raw string is also an option.
<unknown>:57: SyntaxWarning: "\_" is an invalid escape sequence. Such sequences will not work in the future. Did you mean "\\_"? A raw string is also an option.
<unknown>:718: SyntaxWarning: "\_" is an invalid escape sequence. Such sequences will not work in the future. Did you mean "\\_"? A raw string is also an option.
<unknown>:12: SyntaxWarning: "\s" is an invalid escape sequence. Such sequences will not work in the future. Did you mean "\\s"? A raw string is also an option.
<unknown>:497: SyntaxWarning: "\/" is an invalid escape sequence. Such sequences will not work in the future. Did you mean "\\/"? A raw string is also an option.
<unknown>:11: SyntaxWarning: "\_" is an invalid escape sequence. Such sequences will not work in the future. Did you mean "\\_"? A raw string is also an option.
<unknown>:41: SyntaxWarning: "\ " is an invalid escape sequence. Such sequences will not work in the future. Did you mean "\\ "? A raw string is also an option.
<unknown>:531: SyntaxWarning: "\*" is an invalid escape sequence. Such sequences will not work in the future. Did you mean "\\*"? A raw string is also an option.
<unknown>:1318: SyntaxWarning: "\*" is an invalid escape sequence. Such sequences will not work in the future. Did you mean "\\*"? A raw string is also an option.
<unknown>:1564: SyntaxWarning: "\d" is an invalid escape sequence. Such sequences will not work in the future. Did you mean "\\d"? A raw string is also an option.
<unknown>:1772: SyntaxWarning: "\s" is an invalid escape sequence. Such sequences will not work in the future. Did you mean "\\s"? A raw string is also an option.
<unknown>:1776: SyntaxWarning: "\s" is an invalid escape sequence. Such sequences will not work in the future. Did you mean "\\s"? A raw string is also an option.
<unknown>:261: SyntaxWarning: "\m" is an invalid escape sequence. Such sequences will not work in the future. Did you mean "\\m"? A raw string is also an option.
<unknown>:451: SyntaxWarning: "\m" is an invalid escape sequence. Such sequences will not work in the future. Did you mean "\\m"? A raw string is also an option.
<unknown>:487: SyntaxWarning: "\%" is an invalid escape sequence. Such sequences will not work in the future. Did you mean "\\%"? A raw string is also an option.
<unknown>:1573: SyntaxWarning: "\ " is an invalid escape sequence. Such sequences will not work in the future. Did you mean "\\ "? A raw string is also an option.
<unknown>:577: SyntaxWarning: "\_" is an invalid escape sequence. Such sequences will not work in the future. Did you mean "\\_"? A raw string is also an option.
<unknown>:839: SyntaxWarning: "\:" is an invalid escape sequence. Such sequences will not work in the future. Did you mean "\\:"? A raw string is also an option.
<unknown>:841: SyntaxWarning: "\:" is an invalid escape sequence. Such sequences will not work in the future. Did you mean "\\:"? A raw string is also an option.
<unknown>:894: SyntaxWarning: "\," is an invalid escape sequence. Such sequences will not work in the future. Did you mean "\\,"? A raw string is also an option.
<unknown>:898: SyntaxWarning: "\," is an invalid escape sequence. Such sequences will not work in the future. Did you mean "\\,"? A raw string is also an option.
<unknown>:1161: SyntaxWarning: "\m" is an invalid escape sequence. Such sequences will not work in the future. Did you mean "\\m"? A raw string is also an option.
<unknown>:1164: SyntaxWarning: "\e" is an invalid escape sequence. Such sequences will not work in the future. Did you mean "\\e"? A raw string is also an option.
<unknown>:736: SyntaxWarning: "\ " is an invalid escape sequence. Such sequences will not work in the future. Did you mean "\\ "? A raw string is also an option.
<unknown>:1469: SyntaxWarning: "\k" is an invalid escape sequence. Such sequences will not work in the future. Did you mean "\\k"? A raw string is also an option.
<unknown>:1486: SyntaxWarning: "\ " is an invalid escape sequence. Such sequences will not work in the future. Did you mean "\\ "? A raw string is also an option.
<unknown>:1504: SyntaxWarning: "\k" is an invalid escape sequence. Such sequences will not work in the future. Did you mean "\\k"? A raw string is also an option.
<unknown>:1749: SyntaxWarning: "\y" is an invalid escape sequence. Such sequences will not work in the future. Did you mean "\\y"? A raw string is also an option.
<unknown>:1765: SyntaxWarning: "\y" is an invalid escape sequence. Such sequences will not work in the future. Did you mean "\\y"? A raw string is also an option.
<unknown>:1823: SyntaxWarning: "\/" is an invalid escape sequence. Such sequences will not work in the future. Did you mean "\\/"? A raw string is also an option.
<unknown>:1834: SyntaxWarning: "\/" is an invalid escape sequence. Such sequences will not work in the future. Did you mean "\\/"? A raw string is also an option.
<unknown>:1848: SyntaxWarning: "\/" is an invalid escape sequence. Such sequences will not work in the future. Did you mean "\\/"? A raw string is also an option.
<unknown>:1863: SyntaxWarning: "\/" is an invalid escape sequence. Such sequences will not work in the future. Did you mean "\\/"? A raw string is also an option.
<unknown>:1879: SyntaxWarning: "\/" is an invalid escape sequence. Such sequences will not work in the future. Did you mean "\\/"? A raw string is also an option.
<unknown>:1893: SyntaxWarning: "\/" is an invalid escape sequence. Such sequences will not work in the future. Did you mean "\\/"? A raw string is also an option.
<unknown>:1907: SyntaxWarning: "\/" is an invalid escape sequence. Such sequences will not work in the future. Did you mean "\\/"? A raw string is also an option.
<unknown>:1923: SyntaxWarning: "\/" is an invalid escape sequence. Such sequences will not work in the future. Did you mean "\\/"? A raw string is also an option.
<unknown>:2010: SyntaxWarning: "\9" is an invalid escape sequence. Such sequences will not work in the future. Did you mean "\\9"? A raw string is also an option.
<unknown>:2038: SyntaxWarning: "\9" is an invalid escape sequence. Such sequences will not work in the future. Did you mean "\\9"? A raw string is also an option.
<unknown>:2275: SyntaxWarning: "\l" is an invalid escape sequence. Such sequences will not work in the future. Did you mean "\\l"? A raw string is also an option.
<unknown>:2484: SyntaxWarning: "\ " is an invalid escape sequence. Such sequences will not work in the future. Did you mean "\\ "? A raw string is also an option.
<unknown>:2707: SyntaxWarning: "\[" is an invalid escape sequence. Such sequences will not work in the future. Did you mean "\\["? A raw string is also an option.
<unknown>:2717: SyntaxWarning: "\ " is an invalid escape sequence. Such sequences will not work in the future. Did you mean "\\ "? A raw string is also an option.
<unknown>:2777: SyntaxWarning: "\ " is an invalid escape sequence. Such sequences will not work in the future. Did you mean "\\ "? A raw string is also an option.
<unknown>:2814: SyntaxWarning: "\ " is an invalid escape sequence. Such sequences will not work in the future. Did you mean "\\ "? A raw string is also an option.
<unknown>:2843: SyntaxWarning: "\ " is an invalid escape sequence. Such sequences will not work in the future. Did you mean "\\ "? A raw string is also an option.
<unknown>:2891: SyntaxWarning: "\ " is an invalid escape sequence. Such sequences will not work in the future. Did you mean "\\ "? A raw string is also an option.
<unknown>:2920: SyntaxWarning: "\ " is an invalid escape sequence. Such sequences will not work in the future. Did you mean "\\ "? A raw string is also an option.
<unknown>:2952: SyntaxWarning: "\ " is an invalid escape sequence. Such sequences will not work in the future. Did you mean "\\ "? A raw string is also an option.
<unknown>:2977: SyntaxWarning: "\ " is an invalid escape sequence. Such sequences will not work in the future. Did you mean "\\ "? A raw string is also an option.
<unknown>:3438: SyntaxWarning: "\ " is an invalid escape sequence. Such sequences will not work in the future. Did you mean "\\ "? A raw string is also an option.
<unknown>:4008: SyntaxWarning: "\ " is an invalid escape sequence. Such sequences will not work in the future. Did you mean "\\ "? A raw string is also an option.
<unknown>:4058: SyntaxWarning: "\ " is an invalid escape sequence. Such sequences will not work in the future. Did you mean "\\ "? A raw string is also an option.
<unknown>:4624: SyntaxWarning: "\_" is an invalid escape sequence. Such sequences will not work in the future. Did you mean "\\_"? A raw string is also an option.
<unknown>:4643: SyntaxWarning: "\_" is an invalid escape sequence. Such sequences will not work in the future. Did you mean "\\_"? A raw string is also an option.
<unknown>:4659: SyntaxWarning: "\_" is an invalid escape sequence. Such sequences will not work in the future. Did you mean "\\_"? A raw string is also an option.
<unknown>:4688: SyntaxWarning: "\_" is an invalid escape sequence. Such sequences will not work in the future. Did you mean "\\_"? A raw string is also an option.
<unknown>:4723: SyntaxWarning: "\_" is an invalid escape sequence. Such sequences will not work in the future. Did you mean "\\_"? A raw string is also an option.
<unknown>:4855: SyntaxWarning: "\z" is an invalid escape sequence. Such sequences will not work in the future. Did you mean "\\z"? A raw string is also an option.
<unknown>:4871: SyntaxWarning: "\ " is an invalid escape sequence. Such sequences will not work in the future. Did you mean "\\ "? A raw string is also an option.
<unknown>:4887: SyntaxWarning: "\z" is an invalid escape sequence. Such sequences will not work in the future. Did you mean "\\z"? A raw string is also an option.
<unknown>:4903: SyntaxWarning: "\ " is an invalid escape sequence. Such sequences will not work in the future. Did you mean "\\ "? A raw string is also an option.
<unknown>:4919: SyntaxWarning: "\ " is an invalid escape sequence. Such sequences will not work in the future. Did you mean "\\ "? A raw string is also an option.
<unknown>:4935: SyntaxWarning: "\ " is an invalid escape sequence. Such sequences will not work in the future. Did you mean "\\ "? A raw string is also an option.
<unknown>:4984: SyntaxWarning: "\ " is an invalid escape sequence. Such sequences will not work in the future. Did you mean "\\ "? A raw string is also an option.
<unknown>:5067: SyntaxWarning: "\/" is an invalid escape sequence. Such sequences will not work in the future. Did you mean "\\/"? A raw string is also an option.
<unknown>:5352: SyntaxWarning: "\ " is an invalid escape sequence. Such sequences will not work in the future. Did you mean "\\ "? A raw string is also an option.
<unknown>:5353: SyntaxWarning: "\ " is an invalid escape sequence. Such sequences will not work in the future. Did you mean "\\ "? A raw string is also an option.
<unknown>:5354: SyntaxWarning: "\ " is an invalid escape sequence. Such sequences will not work in the future. Did you mean "\\ "? A raw string is also an option.
<unknown>:5355: SyntaxWarning: "\ " is an invalid escape sequence. Such sequences will not work in the future. Did you mean "\\ "? A raw string is also an option.
<unknown>:5481: SyntaxWarning: "\ " is an invalid escape sequence. Such sequences will not work in the future. Did you mean "\\ "? A raw string is also an option.
<unknown>:5485: SyntaxWarning: "\ " is an invalid escape sequence. Such sequences will not work in the future. Did you mean "\\ "? A raw string is also an option.
<unknown>:423: SyntaxWarning: "\d" is an invalid escape sequence. Such sequences will not work in the future. Did you mean "\\d"? A raw string is also an option.
<unknown>:207: SyntaxWarning: "\i" is an invalid escape sequence. Such sequences will not work in the future. Did you mean "\\i"? A raw string is also an option.
<unknown>:388: SyntaxWarning: "\d" is an invalid escape sequence. Such sequences will not work in the future. Did you mean "\\d"? A raw string is also an option.
<unknown>:24: SyntaxWarning: "\ " is an invalid escape sequence. Such sequences will not work in the future. Did you mean "\\ "? A raw string is also an option.
<unknown>:121: SyntaxWarning: "\ " is an invalid escape sequence. Such sequences will not work in the future. Did you mean "\\ "? A raw string is also an option.
<unknown>:159: SyntaxWarning: "\l" is an invalid escape sequence. Such sequences will not work in the future. Did you mean "\\l"? A raw string is also an option.
<unknown>:694: SyntaxWarning: "\g" is an invalid escape sequence. Such sequences will not work in the future. Did you mean "\\g"? A raw string is also an option.
<unknown>:938: SyntaxWarning: "\p" is an invalid escape sequence. Such sequences will not work in the future. Did you mean "\\p"? A raw string is also an option.
<unknown>:539: SyntaxWarning: "\d" is an invalid escape sequence. Such sequences will not work in the future. Did you mean "\\d"? A raw string is also an option.
<unknown>:812: SyntaxWarning: "\d" is an invalid escape sequence. Such sequences will not work in the future. Did you mean "\\d"? A raw string is also an option.
<unknown>:870: SyntaxWarning: "\L" is an invalid escape sequence. Such sequences will not work in the future. Did you mean "\\L"? A raw string is also an option.
<unknown>:35: SyntaxWarning: "\s" is an invalid escape sequence. Such sequences will not work in the future. Did you mean "\\s"? A raw string is also an option.
<unknown>:458: SyntaxWarning: "\l" is an invalid escape sequence. Such sequences will not work in the future. Did you mean "\\l"? A raw string is also an option.
<unknown>:482: SyntaxWarning: "\l" is an invalid escape sequence. Such sequences will not work in the future. Did you mean "\\l"? A raw string is also an option.
<unknown>:576: SyntaxWarning: "\l" is an invalid escape sequence. Such sequences will not work in the future. Did you mean "\\l"? A raw string is also an option.
<unknown>:757: SyntaxWarning: "\e" is an invalid escape sequence. Such sequences will not work in the future. Did you mean "\\e"? A raw string is also an option.
<unknown>:2341: SyntaxWarning: "\s" is an invalid escape sequence. Such sequences will not work in the future. Did you mean "\\s"? A raw string is also an option.
<unknown>:228: SyntaxWarning: "\d" is an invalid escape sequence. Such sequences will not work in the future. Did you mean "\\d"? A raw string is also an option.
<unknown>:229: SyntaxWarning: "\d" is an invalid escape sequence. Such sequences will not work in the future. Did you mean "\\d"? A raw string is also an option.
<unknown>:5: SyntaxWarning: "\i" is an invalid escape sequence. Such sequences will not work in the future. Did you mean "\\i"? A raw string is also an option.
<unknown>:28: SyntaxWarning: "\s" is an invalid escape sequence. Such sequences will not work in the future. Did you mean "\\s"? A raw string is also an option.
<unknown>:305: SyntaxWarning: "\," is an invalid escape sequence. Such sequences will not work in the future. Did you mean "\\,"? A raw string is also an option.
<unknown>:23: SyntaxWarning: "\S" is an invalid escape sequence. Such sequences will not work in the future. Did you mean "\\S"? A raw string is also an option.
<unknown>:22: SyntaxWarning: "\S" is an invalid escape sequence. Such sequences will not work in the future. Did you mean "\\S"? A raw string is also an option.
<unknown>:4: SyntaxWarning: "\m" is an invalid escape sequence. Such sequences will not work in the future. Did you mean "\\m"? A raw string is also an option.
<unknown>:16: SyntaxWarning: "\m" is an invalid escape sequence. Such sequences will not work in the future. Did you mean "\\m"? A raw string is also an option.
<unknown>:47: SyntaxWarning: "\m" is an invalid escape sequence. Such sequences will not work in the future. Did you mean "\\m"? A raw string is also an option.
<unknown>:121: SyntaxWarning: "\s" is an invalid escape sequence. Such sequences will not work in the future. Did you mean "\\s"? A raw string is also an option.
<unknown>:130: SyntaxWarning: "\s" is an invalid escape sequence. Such sequences will not work in the future. Did you mean "\\s"? A raw string is also an option.
<unknown>:287: SyntaxWarning: "\w" is an invalid escape sequence. Such sequences will not work in the future. Did you mean "\\w"? A raw string is also an option.
<unknown>:341: SyntaxWarning: "\*" is an invalid escape sequence. Such sequences will not work in the future. Did you mean "\\*"? A raw string is also an option.
<unknown>:469: SyntaxWarning: "\*" is an invalid escape sequence. Such sequences will not work in the future. Did you mean "\\*"? A raw string is also an option.
<unknown>:487: SyntaxWarning: "\*" is an invalid escape sequence. Such sequences will not work in the future. Did you mean "\\*"? A raw string is also an option.
<unknown>:8: SyntaxWarning: "\[" is an invalid escape sequence. Such sequences will not work in the future. Did you mean "\\["? A raw string is also an option.
<unknown>:9: SyntaxWarning: "\/" is an invalid escape sequence. Such sequences will not work in the future. Did you mean "\\/"? A raw string is also an option.
<unknown>:10: SyntaxWarning: "\`" is an invalid escape sequence. Such sequences will not work in the future. Did you mean "\\`"? A raw string is also an option.
<unknown>:17: SyntaxWarning: "\o" is an invalid escape sequence. Such sequences will not work in the future. Did you mean "\\o"? A raw string is also an option.
<unknown>:19: SyntaxWarning: "\8" is an invalid escape sequence. Such sequences will not work in the future. Did you mean "\\8"? A raw string is also an option.
<unknown>:32: SyntaxWarning: "\P" is an invalid escape sequence. Such sequences will not work in the future. Did you mean "\\P"? A raw string is also an option.
[131/300] sympy__sympy-13971             file_rec=1.0 cov=0 line_R@5 arise=0 ours=1
[132/300] sympy__sympy-20590             file_rec=0.0 cov=0 line_R@5 arise=0 ours=0
[133/300] django__django-15320           file_rec=1.0 cov=0 line_R@5 arise=0 ours=1
<unknown>:289: SyntaxWarning: "\w" is an invalid escape sequence. Such sequences will not work in the future. Did you mean "\\w"? A raw string is also an option.
<unknown>:343: SyntaxWarning: "\*" is an invalid escape sequence. Such sequences will not work in the future. Did you mean "\\*"? A raw string is also an option.
<unknown>:468: SyntaxWarning: "\*" is an invalid escape sequence. Such sequences will not work in the future. Did you mean "\\*"? A raw string is also an option.
<unknown>:486: SyntaxWarning: "\*" is an invalid escape sequence. Such sequences will not work in the future. Did you mean "\\*"? A raw string is also an option.
[134/300] sphinx-doc__sphinx-7975        file_rec=1.0 cov=0 line_R@5 arise=0 ours=1
[135/300] scikit-learn__scikit-learn-13584 file_rec=1.0 cov=0 line_R@5 arise=0 ours=0
[136/300] django__django-14667           file_rec=1.0 cov=0 line_R@5 arise=0 ours=0
<unknown>:23: SyntaxWarning: "\S" is an invalid escape sequence. Such sequences will not work in the future. Did you mean "\\S"? A raw string is also an option.
<unknown>:22: SyntaxWarning: "\S" is an invalid escape sequence. Such sequences will not work in the future. Did you mean "\\S"? A raw string is also an option.
<unknown>:4: SyntaxWarning: "\m" is an invalid escape sequence. Such sequences will not work in the future. Did you mean "\\m"? A raw string is also an option.
<unknown>:16: SyntaxWarning: "\m" is an invalid escape sequence. Such sequences will not work in the future. Did you mean "\\m"? A raw string is also an option.
<unknown>:47: SyntaxWarning: "\m" is an invalid escape sequence. Such sequences will not work in the future. Did you mean "\\m"? A raw string is also an option.
<unknown>:121: SyntaxWarning: "\s" is an invalid escape sequence. Such sequences will not work in the future. Did you mean "\\s"? A raw string is also an option.
<unknown>:130: SyntaxWarning: "\s" is an invalid escape sequence. Such sequences will not work in the future. Did you mean "\\s"? A raw string is also an option.
<unknown>:287: SyntaxWarning: "\w" is an invalid escape sequence. Such sequences will not work in the future. Did you mean "\\w"? A raw string is also an option.
<unknown>:341: SyntaxWarning: "\*" is an invalid escape sequence. Such sequences will not work in the future. Did you mean "\\*"? A raw string is also an option.
<unknown>:469: SyntaxWarning: "\*" is an invalid escape sequence. Such sequences will not work in the future. Did you mean "\\*"? A raw string is also an option.
<unknown>:487: SyntaxWarning: "\*" is an invalid escape sequence. Such sequences will not work in the future. Did you mean "\\*"? A raw string is also an option.
<unknown>:99: SyntaxWarning: "\s" is an invalid escape sequence. Such sequences will not work in the future. Did you mean "\\s"? A raw string is also an option.
[137/300] django__django-13658           file_rec=1.0 cov=0 line_R@5 arise=1 ours=1
[138/300] pylint-dev__pylint-7228        file_rec=1.0 cov=0 line_R@5 arise=0 ours=1
[139/300] astropy__astropy-7746          file_rec=1.0 cov=0 line_R@5 arise=0 ours=1
[140/300] sympy__sympy-11400             file_rec=1.0 cov=0 line_R@5 arise=0 ours=0
[141/300] django__django-12915           file_rec=1.0 cov=0 line_R@5 arise=0 ours=0
[142/300] matplotlib__matplotlib-22835   file_rec=1.0 cov=0 line_R@5 arise=1 ours=0
[143/300] sphinx-doc__sphinx-8595        file_rec=1.0 cov=0 line_R@5 arise=0 ours=1
[144/300] sympy__sympy-19487             file_rec=1.0 cov=0 line_R@5 arise=0 ours=0
[145/300] scikit-learn__scikit-learn-13497 file_rec=0.0 cov=0 line_R@5 arise=0 ours=0
[146/300] django__django-16255           file_rec=1.0 cov=0 line_R@5 arise=1 ours=1
[147/300] matplotlib__matplotlib-25311   file_rec=0.0 cov=0 line_R@5 arise=0 ours=0
[148/300] mwaskom__seaborn-3407          file_rec=1.0 cov=0 line_R@5 arise=0 ours=0
[149/300] sympy__sympy-13437             file_rec=1.0 cov=0 line_R@5 arise=0 ours=0
<unknown>:23: SyntaxWarning: "\S" is an invalid escape sequence. Such sequences will not work in the future. Did you mean "\\S"? A raw string is also an option.
<unknown>:22: SyntaxWarning: "\S" is an invalid escape sequence. Such sequences will not work in the future. Did you mean "\\S"? A raw string is also an option.
<unknown>:4: SyntaxWarning: "\m" is an invalid escape sequence. Such sequences will not work in the future. Did you mean "\\m"? A raw string is also an option.
<unknown>:16: SyntaxWarning: "\m" is an invalid escape sequence. Such sequences will not work in the future. Did you mean "\\m"? A raw string is also an option.
<unknown>:47: SyntaxWarning: "\m" is an invalid escape sequence. Such sequences will not work in the future. Did you mean "\\m"? A raw string is also an option.
<unknown>:121: SyntaxWarning: "\s" is an invalid escape sequence. Such sequences will not work in the future. Did you mean "\\s"? A raw string is also an option.
<unknown>:130: SyntaxWarning: "\s" is an invalid escape sequence. Such sequences will not work in the future. Did you mean "\\s"? A raw string is also an option.
<unknown>:290: SyntaxWarning: "\w" is an invalid escape sequence. Such sequences will not work in the future. Did you mean "\\w"? A raw string is also an option.
<unknown>:344: SyntaxWarning: "\*" is an invalid escape sequence. Such sequences will not work in the future. Did you mean "\\*"? A raw string is also an option.
<unknown>:472: SyntaxWarning: "\*" is an invalid escape sequence. Such sequences will not work in the future. Did you mean "\\*"? A raw string is also an option.
<unknown>:490: SyntaxWarning: "\*" is an invalid escape sequence. Such sequences will not work in the future. Did you mean "\\*"? A raw string is also an option.
[150/300] django__django-13925           file_rec=1.0 cov=0 line_R@5 arise=0 ours=1
[151/300] django__django-13220           file_rec=1.0 cov=0 line_R@5 arise=0 ours=0
[152/300] sympy__sympy-20322             file_rec=0.0 cov=0 line_R@5 arise=0 ours=0
<unknown>:624: SyntaxWarning: "\S" is an invalid escape sequence. Such sequences will not work in the future. Did you mean "\\S"? A raw string is also an option.
[153/300] django__django-15695           file_rec=1.0 cov=0 line_R@5 arise=0 ours=0
[154/300] sympy__sympy-17022             file_rec=0.0 cov=0 line_R@5 arise=0 ours=0
[155/300] django__django-13321           file_rec=1.0 cov=0 line_R@5 arise=0 ours=0
<unknown>:23: SyntaxWarning: "\S" is an invalid escape sequence. Such sequences will not work in the future. Did you mean "\\S"? A raw string is also an option.
<unknown>:22: SyntaxWarning: "\S" is an invalid escape sequence. Such sequences will not work in the future. Did you mean "\\S"? A raw string is also an option.
<unknown>:4: SyntaxWarning: "\m" is an invalid escape sequence. Such sequences will not work in the future. Did you mean "\\m"? A raw string is also an option.
<unknown>:16: SyntaxWarning: "\m" is an invalid escape sequence. Such sequences will not work in the future. Did you mean "\\m"? A raw string is also an option.
<unknown>:47: SyntaxWarning: "\m" is an invalid escape sequence. Such sequences will not work in the future. Did you mean "\\m"? A raw string is also an option.
<unknown>:121: SyntaxWarning: "\s" is an invalid escape sequence. Such sequences will not work in the future. Did you mean "\\s"? A raw string is also an option.
<unknown>:130: SyntaxWarning: "\s" is an invalid escape sequence. Such sequences will not work in the future. Did you mean "\\s"? A raw string is also an option.
<unknown>:287: SyntaxWarning: "\w" is an invalid escape sequence. Such sequences will not work in the future. Did you mean "\\w"? A raw string is also an option.
<unknown>:341: SyntaxWarning: "\*" is an invalid escape sequence. Such sequences will not work in the future. Did you mean "\\*"? A raw string is also an option.
<unknown>:469: SyntaxWarning: "\*" is an invalid escape sequence. Such sequences will not work in the future. Did you mean "\\*"? A raw string is also an option.
<unknown>:487: SyntaxWarning: "\*" is an invalid escape sequence. Such sequences will not work in the future. Did you mean "\\*"? A raw string is also an option.
[156/300] scikit-learn__scikit-learn-13779 file_rec=1.0 cov=0 line_R@5 arise=1 ours=1
[157/300] django__django-10914           file_rec=1.0 cov=0 line_R@5 arise=0 ours=1
[158/300] sympy__sympy-13146             file_rec=0.0 cov=0 line_R@5 arise=0 ours=0
[159/300] django__django-12125           file_rec=1.0 cov=0 line_R@5 arise=0 ours=1
[160/300] django__django-11583           file_rec=1.0 cov=0 line_R@5 arise=0 ours=0
<unknown>:23: SyntaxWarning: "\S" is an invalid escape sequence. Such sequences will not work in the future. Did you mean "\\S"? A raw string is also an option.
<unknown>:22: SyntaxWarning: "\S" is an invalid escape sequence. Such sequences will not work in the future. Did you mean "\\S"? A raw string is also an option.
<unknown>:4: SyntaxWarning: "\m" is an invalid escape sequence. Such sequences will not work in the future. Did you mean "\\m"? A raw string is also an option.
<unknown>:16: SyntaxWarning: "\m" is an invalid escape sequence. Such sequences will not work in the future. Did you mean "\\m"? A raw string is also an option.
<unknown>:47: SyntaxWarning: "\m" is an invalid escape sequence. Such sequences will not work in the future. Did you mean "\\m"? A raw string is also an option.
<unknown>:121: SyntaxWarning: "\s" is an invalid escape sequence. Such sequences will not work in the future. Did you mean "\\s"? A raw string is also an option.
<unknown>:130: SyntaxWarning: "\s" is an invalid escape sequence. Such sequences will not work in the future. Did you mean "\\s"? A raw string is also an option.
<unknown>:290: SyntaxWarning: "\w" is an invalid escape sequence. Such sequences will not work in the future. Did you mean "\\w"? A raw string is also an option.
<unknown>:344: SyntaxWarning: "\*" is an invalid escape sequence. Such sequences will not work in the future. Did you mean "\\*"? A raw string is also an option.
<unknown>:472: SyntaxWarning: "\*" is an invalid escape sequence. Such sequences will not work in the future. Did you mean "\\*"? A raw string is also an option.
<unknown>:490: SyntaxWarning: "\*" is an invalid escape sequence. Such sequences will not work in the future. Did you mean "\\*"? A raw string is also an option.
[161/300] astropy__astropy-6938          file_rec=1.0 cov=0 line_R@5 arise=1 ours=1
[162/300] sympy__sympy-21055             file_rec=1.0 cov=0 line_R@5 arise=0 ours=0
[163/300] scikit-learn__scikit-learn-11040 file_rec=1.0 cov=0 line_R@5 arise=0 ours=1
[164/300] sphinx-doc__sphinx-8282        file_rec=1.0 cov=0 line_R@5 arise=0 ours=0
[165/300] django__django-16379           file_rec=1.0 cov=0 line_R@5 arise=0 ours=1
[166/300] django__django-11049           file_rec=1.0 cov=0 line_R@5 arise=0 ours=1
[167/300] sphinx-doc__sphinx-8273        file_rec=1.0 cov=0 line_R@5 arise=0 ours=1
[168/300] sympy__sympy-16988             file_rec=1.0 cov=0 line_R@5 arise=0 ours=0
<unknown>:8: SyntaxWarning: "\[" is an invalid escape sequence. Such sequences will not work in the future. Did you mean "\\["? A raw string is also an option.
<unknown>:9: SyntaxWarning: "\/" is an invalid escape sequence. Such sequences will not work in the future. Did you mean "\\/"? A raw string is also an option.
<unknown>:10: SyntaxWarning: "\`" is an invalid escape sequence. Such sequences will not work in the future. Did you mean "\\`"? A raw string is also an option.
<unknown>:17: SyntaxWarning: "\o" is an invalid escape sequence. Such sequences will not work in the future. Did you mean "\\o"? A raw string is also an option.
<unknown>:19: SyntaxWarning: "\8" is an invalid escape sequence. Such sequences will not work in the future. Did you mean "\\8"? A raw string is also an option.
<unknown>:32: SyntaxWarning: "\P" is an invalid escape sequence. Such sequences will not work in the future. Did you mean "\\P"? A raw string is also an option.
[169/300] scikit-learn__scikit-learn-14092 file_rec=1.0 cov=0 line_R@5 arise=1 ours=1
[170/300] django__django-11905           file_rec=0.0 cov=0 line_R@5 arise=0 ours=0
[171/300] pallets__flask-4992            file_rec=1.0 cov=0 line_R@5 arise=1 ours=1
<unknown>:23: SyntaxWarning: "\S" is an invalid escape sequence. Such sequences will not work in the future. Did you mean "\\S"? A raw string is also an option.
<unknown>:22: SyntaxWarning: "\S" is an invalid escape sequence. Such sequences will not work in the future. Did you mean "\\S"? A raw string is also an option.
<unknown>:4: SyntaxWarning: "\m" is an invalid escape sequence. Such sequences will not work in the future. Did you mean "\\m"? A raw string is also an option.
<unknown>:16: SyntaxWarning: "\m" is an invalid escape sequence. Such sequences will not work in the future. Did you mean "\\m"? A raw string is also an option.
<unknown>:47: SyntaxWarning: "\m" is an invalid escape sequence. Such sequences will not work in the future. Did you mean "\\m"? A raw string is also an option.
<unknown>:120: SyntaxWarning: "\s" is an invalid escape sequence. Such sequences will not work in the future. Did you mean "\\s"? A raw string is also an option.
<unknown>:129: SyntaxWarning: "\s" is an invalid escape sequence. Such sequences will not work in the future. Did you mean "\\s"? A raw string is also an option.
<unknown>:289: SyntaxWarning: "\w" is an invalid escape sequence. Such sequences will not work in the future. Did you mean "\\w"? A raw string is also an option.
<unknown>:343: SyntaxWarning: "\*" is an invalid escape sequence. Such sequences will not work in the future. Did you mean "\\*"? A raw string is also an option.
<unknown>:471: SyntaxWarning: "\*" is an invalid escape sequence. Such sequences will not work in the future. Did you mean "\\*"? A raw string is also an option.
<unknown>:489: SyntaxWarning: "\*" is an invalid escape sequence. Such sequences will not work in the future. Did you mean "\\*"? A raw string is also an option.
[172/300] pylint-dev__pylint-7114        file_rec=0.0 cov=0 line_R@5 arise=0 ours=0
[173/300] matplotlib__matplotlib-23562   file_rec=0.0 cov=0 line_R@5 arise=0 ours=0
[174/300] django__django-11283           file_rec=0.0 cov=0 line_R@5 arise=0 ours=0
[175/300] django__django-15738           file_rec=0.0 cov=0 line_R@5 arise=0 ours=0
[176/300] scikit-learn__scikit-learn-13439 file_rec=1.0 cov=0 line_R@5 arise=0 ours=0
[177/300] django__django-12908           file_rec=1.0 cov=0 line_R@5 arise=0 ours=0
[178/300] sympy__sympy-20212             file_rec=1.0 cov=0 line_R@5 arise=1 ours=0
[179/300] sphinx-doc__sphinx-8721        file_rec=1.0 cov=0 line_R@5 arise=0 ours=0
[180/300] django__django-13757           file_rec=1.0 cov=0 line_R@5 arise=1 ours=1
[181/300] django__django-14155           file_rec=1.0 cov=0 line_R@5 arise=1 ours=1
[182/300] django__django-13448           file_rec=1.0 cov=0 line_R@5 arise=0 ours=0
[183/300] sympy__sympy-18621             file_rec=1.0 cov=0 line_R@5 arise=0 ours=0
<unknown>:23: SyntaxWarning: "\S" is an invalid escape sequence. Such sequences will not work in the future. Did you mean "\\S"? A raw string is also an option.
<unknown>:22: SyntaxWarning: "\S" is an invalid escape sequence. Such sequences will not work in the future. Did you mean "\\S"? A raw string is also an option.
<unknown>:4: SyntaxWarning: "\m" is an invalid escape sequence. Such sequences will not work in the future. Did you mean "\\m"? A raw string is also an option.
<unknown>:16: SyntaxWarning: "\m" is an invalid escape sequence. Such sequences will not work in the future. Did you mean "\\m"? A raw string is also an option.
<unknown>:47: SyntaxWarning: "\m" is an invalid escape sequence. Such sequences will not work in the future. Did you mean "\\m"? A raw string is also an option.
<unknown>:121: SyntaxWarning: "\s" is an invalid escape sequence. Such sequences will not work in the future. Did you mean "\\s"? A raw string is also an option.
<unknown>:130: SyntaxWarning: "\s" is an invalid escape sequence. Such sequences will not work in the future. Did you mean "\\s"? A raw string is also an option.
<unknown>:287: SyntaxWarning: "\w" is an invalid escape sequence. Such sequences will not work in the future. Did you mean "\\w"? A raw string is also an option.
<unknown>:341: SyntaxWarning: "\*" is an invalid escape sequence. Such sequences will not work in the future. Did you mean "\\*"? A raw string is also an option.
<unknown>:469: SyntaxWarning: "\*" is an invalid escape sequence. Such sequences will not work in the future. Did you mean "\\*"? A raw string is also an option.
<unknown>:487: SyntaxWarning: "\*" is an invalid escape sequence. Such sequences will not work in the future. Did you mean "\\*"? A raw string is also an option.
[184/300] pytest-dev__pytest-7432        file_rec=1.0 cov=0 line_R@5 arise=0 ours=0
<unknown>:23: SyntaxWarning: "\S" is an invalid escape sequence. Such sequences will not work in the future. Did you mean "\\S"? A raw string is also an option.
<unknown>:22: SyntaxWarning: "\S" is an invalid escape sequence. Such sequences will not work in the future. Did you mean "\\S"? A raw string is also an option.
<unknown>:4: SyntaxWarning: "\m" is an invalid escape sequence. Such sequences will not work in the future. Did you mean "\\m"? A raw string is also an option.
<unknown>:16: SyntaxWarning: "\m" is an invalid escape sequence. Such sequences will not work in the future. Did you mean "\\m"? A raw string is also an option.
<unknown>:47: SyntaxWarning: "\m" is an invalid escape sequence. Such sequences will not work in the future. Did you mean "\\m"? A raw string is also an option.
<unknown>:121: SyntaxWarning: "\s" is an invalid escape sequence. Such sequences will not work in the future. Did you mean "\\s"? A raw string is also an option.
<unknown>:130: SyntaxWarning: "\s" is an invalid escape sequence. Such sequences will not work in the future. Did you mean "\\s"? A raw string is also an option.
<unknown>:292: SyntaxWarning: "\w" is an invalid escape sequence. Such sequences will not work in the future. Did you mean "\\w"? A raw string is also an option.
<unknown>:346: SyntaxWarning: "\*" is an invalid escape sequence. Such sequences will not work in the future. Did you mean "\\*"? A raw string is also an option.
<unknown>:474: SyntaxWarning: "\*" is an invalid escape sequence. Such sequences will not work in the future. Did you mean "\\*"? A raw string is also an option.
<unknown>:492: SyntaxWarning: "\*" is an invalid escape sequence. Such sequences will not work in the future. Did you mean "\\*"? A raw string is also an option.
<unknown>:957: SyntaxWarning: "\l" is an invalid escape sequence. Such sequences will not work in the future. Did you mean "\\l"? A raw string is also an option.
<unknown>:1275: SyntaxWarning: "\i" is an invalid escape sequence. Such sequences will not work in the future. Did you mean "\\i"? A raw string is also an option.
<unknown>:1772: SyntaxWarning: "\{" is an invalid escape sequence. Such sequences will not work in the future. Did you mean "\\{"? A raw string is also an option.
<unknown>:2992: SyntaxWarning: "\{" is an invalid escape sequence. Such sequences will not work in the future. Did you mean "\\{"? A raw string is also an option.
<unknown>:3288: SyntaxWarning: "\O" is an invalid escape sequence. Such sequences will not work in the future. Did you mean "\\O"? A raw string is also an option.
<unknown>:124: SyntaxWarning: "\i" is an invalid escape sequence. Such sequences will not work in the future. Did you mean "\\i"? A raw string is also an option.
<unknown>:394: SyntaxWarning: "\9" is an invalid escape sequence. Such sequences will not work in the future. Did you mean "\\9"? A raw string is also an option.
<unknown>:1751: SyntaxWarning: "\e" is an invalid escape sequence. Such sequences will not work in the future. Did you mean "\\e"? A raw string is also an option.
<unknown>:1825: SyntaxWarning: "\e" is an invalid escape sequence. Such sequences will not work in the future. Did you mean "\\e"? A raw string is also an option.
<unknown>:1923: SyntaxWarning: "\p" is an invalid escape sequence. Such sequences will not work in the future. Did you mean "\\p"? A raw string is also an option.
<unknown>:713: SyntaxWarning: "\|" is an invalid escape sequence. Such sequences will not work in the future. Did you mean "\\|"? A raw string is also an option.
<unknown>:1865: SyntaxWarning: "\c" is an invalid escape sequence. Such sequences will not work in the future. Did you mean "\\c"? A raw string is also an option.
<unknown>:947: SyntaxWarning: "\ " is an invalid escape sequence. Such sequences will not work in the future. Did you mean "\\ "? A raw string is also an option.
<unknown>:1057: SyntaxWarning: "\ " is an invalid escape sequence. Such sequences will not work in the future. Did you mean "\\ "? A raw string is also an option.
<unknown>:181: SyntaxWarning: "\ " is an invalid escape sequence. Such sequences will not work in the future. Did you mean "\\ "? A raw string is also an option.
<unknown>:310: SyntaxWarning: "\ " is an invalid escape sequence. Such sequences will not work in the future. Did you mean "\\ "? A raw string is also an option.
<unknown>:33: SyntaxWarning: "\^" is an invalid escape sequence. Such sequences will not work in the future. Did you mean "\\^"? A raw string is also an option.
<unknown>:47: SyntaxWarning: "\s" is an invalid escape sequence. Such sequences will not work in the future. Did you mean "\\s"? A raw string is also an option.
<unknown>:83: SyntaxWarning: "\l" is an invalid escape sequence. Such sequences will not work in the future. Did you mean "\\l"? A raw string is also an option.
<unknown>:12: SyntaxWarning: "\s" is an invalid escape sequence. Such sequences will not work in the future. Did you mean "\\s"? A raw string is also an option.
<unknown>:499: SyntaxWarning: "\/" is an invalid escape sequence. Such sequences will not work in the future. Did you mean "\\/"? A raw string is also an option.
<unknown>:260: SyntaxWarning: "\m" is an invalid escape sequence. Such sequences will not work in the future. Did you mean "\\m"? A raw string is also an option.
<unknown>:460: SyntaxWarning: "\m" is an invalid escape sequence. Such sequences will not work in the future. Did you mean "\\m"? A raw string is also an option.
[185/300] pytest-dev__pytest-5692        file_rec=1.0 cov=0 line_R@5 arise=0 ours=1
<unknown>:423: SyntaxWarning: "\l" is an invalid escape sequence. Such sequences will not work in the future. Did you mean "\\l"? A raw string is also an option.
<unknown>:207: SyntaxWarning: "\i" is an invalid escape sequence. Such sequences will not work in the future. Did you mean "\\i"? A raw string is also an option.
<unknown>:24: SyntaxWarning: "\ " is an invalid escape sequence. Such sequences will not work in the future. Did you mean "\\ "? A raw string is also an option.
<unknown>:121: SyntaxWarning: "\ " is an invalid escape sequence. Such sequences will not work in the future. Did you mean "\\ "? A raw string is also an option.
<unknown>:159: SyntaxWarning: "\l" is an invalid escape sequence. Such sequences will not work in the future. Did you mean "\\l"? A raw string is also an option.
<unknown>:694: SyntaxWarning: "\g" is an invalid escape sequence. Such sequences will not work in the future. Did you mean "\\g"? A raw string is also an option.
<unknown>:938: SyntaxWarning: "\p" is an invalid escape sequence. Such sequences will not work in the future. Did you mean "\\p"? A raw string is also an option.
<unknown>:35: SyntaxWarning: "\s" is an invalid escape sequence. Such sequences will not work in the future. Did you mean "\\s"? A raw string is also an option.
<unknown>:23: SyntaxWarning: "\S" is an invalid escape sequence. Such sequences will not work in the future. Did you mean "\\S"? A raw string is also an option.
<unknown>:22: SyntaxWarning: "\S" is an invalid escape sequence. Such sequences will not work in the future. Did you mean "\\S"? A raw string is also an option.
<unknown>:4: SyntaxWarning: "\m" is an invalid escape sequence. Such sequences will not work in the future. Did you mean "\\m"? A raw string is also an option.
<unknown>:16: SyntaxWarning: "\m" is an invalid escape sequence. Such sequences will not work in the future. Did you mean "\\m"? A raw string is also an option.
<unknown>:47: SyntaxWarning: "\m" is an invalid escape sequence. Such sequences will not work in the future. Did you mean "\\m"? A raw string is also an option.
<unknown>:121: SyntaxWarning: "\s" is an invalid escape sequence. Such sequences will not work in the future. Did you mean "\\s"? A raw string is also an option.
<unknown>:130: SyntaxWarning: "\s" is an invalid escape sequence. Such sequences will not work in the future. Did you mean "\\s"? A raw string is also an option.
<unknown>:287: SyntaxWarning: "\w" is an invalid escape sequence. Such sequences will not work in the future. Did you mean "\\w"? A raw string is also an option.
<unknown>:341: SyntaxWarning: "\*" is an invalid escape sequence. Such sequences will not work in the future. Did you mean "\\*"? A raw string is also an option.
<unknown>:469: SyntaxWarning: "\*" is an invalid escape sequence. Such sequences will not work in the future. Did you mean "\\*"? A raw string is also an option.
<unknown>:487: SyntaxWarning: "\*" is an invalid escape sequence. Such sequences will not work in the future. Did you mean "\\*"? A raw string is also an option.
[186/300] django__django-14997           file_rec=0.0 cov=0 line_R@5 arise=0 ours=0
[187/300] django__django-12113           file_rec=0.0 cov=0 line_R@5 arise=0 ours=0
<unknown>:23: SyntaxWarning: "\S" is an invalid escape sequence. Such sequences will not work in the future. Did you mean "\\S"? A raw string is also an option.
<unknown>:22: SyntaxWarning: "\S" is an invalid escape sequence. Such sequences will not work in the future. Did you mean "\\S"? A raw string is also an option.
<unknown>:4: SyntaxWarning: "\m" is an invalid escape sequence. Such sequences will not work in the future. Did you mean "\\m"? A raw string is also an option.
<unknown>:16: SyntaxWarning: "\m" is an invalid escape sequence. Such sequences will not work in the future. Did you mean "\\m"? A raw string is also an option.
<unknown>:47: SyntaxWarning: "\m" is an invalid escape sequence. Such sequences will not work in the future. Did you mean "\\m"? A raw string is also an option.
<unknown>:121: SyntaxWarning: "\s" is an invalid escape sequence. Such sequences will not work in the future. Did you mean "\\s"? A raw string is also an option.
<unknown>:130: SyntaxWarning: "\s" is an invalid escape sequence. Such sequences will not work in the future. Did you mean "\\s"? A raw string is also an option.
<unknown>:287: SyntaxWarning: "\w" is an invalid escape sequence. Such sequences will not work in the future. Did you mean "\\w"? A raw string is also an option.
<unknown>:341: SyntaxWarning: "\*" is an invalid escape sequence. Such sequences will not work in the future. Did you mean "\\*"? A raw string is also an option.
<unknown>:469: SyntaxWarning: "\*" is an invalid escape sequence. Such sequences will not work in the future. Did you mean "\\*"? A raw string is also an option.
<unknown>:487: SyntaxWarning: "\*" is an invalid escape sequence. Such sequences will not work in the future. Did you mean "\\*"? A raw string is also an option.
[188/300] pytest-dev__pytest-5495        file_rec=0.0 cov=0 line_R@5 arise=0 ours=0
[189/300] scikit-learn__scikit-learn-13496 file_rec=1.0 cov=0 line_R@5 arise=1 ours=1
[190/300] sympy__sympy-18199             file_rec=1.0 cov=0 line_R@5 arise=0 ours=0
[191/300] matplotlib__matplotlib-24970   file_rec=1.0 cov=0 line_R@5 arise=0 ours=1
[192/300] django__django-11564           file_rec=0.0 cov=0 line_R@5 arise=0 ours=0
[193/300] django__django-12286           file_rec=1.0 cov=0 line_R@5 arise=1 ours=1
[194/300] sympy__sympy-13031             file_rec=1.0 cov=0 line_R@5 arise=0 ours=0
[195/300] django__django-11797           file_rec=0.0 cov=0 line_R@5 arise=0 ours=0
[196/300] sympy__sympy-13471             file_rec=1.0 cov=0 line_R@5 arise=0 ours=1
[197/300] matplotlib__matplotlib-22711   file_rec=1.0 cov=0 line_R@5 arise=1 ours=1
[198/300] pytest-dev__pytest-11148       file_rec=0.0 cov=0 line_R@5 arise=0 ours=0
[199/300] django__django-13660           file_rec=1.0 cov=0 line_R@5 arise=1 ours=1
[200/300] django__django-15388           file_rec=1.0 cov=0 line_R@5 arise=0 ours=0
[201/300] django__django-11742           file_rec=1.0 cov=0 line_R@5 arise=0 ours=0
[202/300] django__django-16820           file_rec=1.0 cov=0 line_R@5 arise=0 ours=0
[203/300] sympy__sympy-14396             file_rec=1.0 cov=0 line_R@5 arise=0 ours=0
<unknown>:23: SyntaxWarning: "\S" is an invalid escape sequence. Such sequences will not work in the future. Did you mean "\\S"? A raw string is also an option.
<unknown>:22: SyntaxWarning: "\S" is an invalid escape sequence. Such sequences will not work in the future. Did you mean "\\S"? A raw string is also an option.
<unknown>:4: SyntaxWarning: "\m" is an invalid escape sequence. Such sequences will not work in the future. Did you mean "\\m"? A raw string is also an option.
<unknown>:16: SyntaxWarning: "\m" is an invalid escape sequence. Such sequences will not work in the future. Did you mean "\\m"? A raw string is also an option.
<unknown>:47: SyntaxWarning: "\m" is an invalid escape sequence. Such sequences will not work in the future. Did you mean "\\m"? A raw string is also an option.
<unknown>:121: SyntaxWarning: "\s" is an invalid escape sequence. Such sequences will not work in the future. Did you mean "\\s"? A raw string is also an option.
<unknown>:130: SyntaxWarning: "\s" is an invalid escape sequence. Such sequences will not work in the future. Did you mean "\\s"? A raw string is also an option.
<unknown>:290: SyntaxWarning: "\w" is an invalid escape sequence. Such sequences will not work in the future. Did you mean "\\w"? A raw string is also an option.
<unknown>:344: SyntaxWarning: "\*" is an invalid escape sequence. Such sequences will not work in the future. Did you mean "\\*"? A raw string is also an option.
<unknown>:472: SyntaxWarning: "\*" is an invalid escape sequence. Such sequences will not work in the future. Did you mean "\\*"? A raw string is also an option.
<unknown>:490: SyntaxWarning: "\*" is an invalid escape sequence. Such sequences will not work in the future. Did you mean "\\*"? A raw string is also an option.
<unknown>:56: SyntaxWarning: "\*" is an invalid escape sequence. Such sequences will not work in the future. Did you mean "\\*"? A raw string is also an option.
<unknown>:67: SyntaxWarning: "\*" is an invalid escape sequence. Such sequences will not work in the future. Did you mean "\\*"? A raw string is also an option.
<unknown>:78: SyntaxWarning: "\*" is an invalid escape sequence. Such sequences will not work in the future. Did you mean "\\*"? A raw string is also an option.
<unknown>:91: SyntaxWarning: "\*" is an invalid escape sequence. Such sequences will not work in the future. Did you mean "\\*"? A raw string is also an option.
<unknown>:102: SyntaxWarning: "\*" is an invalid escape sequence. Such sequences will not work in the future. Did you mean "\\*"? A raw string is also an option.
<unknown>:113: SyntaxWarning: "\*" is an invalid escape sequence. Such sequences will not work in the future. Did you mean "\\*"? A raw string is also an option.
<unknown>:123: SyntaxWarning: "\*" is an invalid escape sequence. Such sequences will not work in the future. Did you mean "\\*"? A raw string is also an option.
<unknown>:779: SyntaxWarning: "\*" is an invalid escape sequence. Such sequences will not work in the future. Did you mean "\\*"? A raw string is also an option.
<unknown>:465: SyntaxWarning: "\*" is an invalid escape sequence. Such sequences will not work in the future. Did you mean "\\*"? A raw string is also an option.
<unknown>:475: SyntaxWarning: "\*" is an invalid escape sequence. Such sequences will not work in the future. Did you mean "\\*"? A raw string is also an option.
<unknown>:485: SyntaxWarning: "\*" is an invalid escape sequence. Such sequences will not work in the future. Did you mean "\\*"? A raw string is also an option.
<unknown>:497: SyntaxWarning: "\*" is an invalid escape sequence. Such sequences will not work in the future. Did you mean "\\*"? A raw string is also an option.
<unknown>:507: SyntaxWarning: "\*" is an invalid escape sequence. Such sequences will not work in the future. Did you mean "\\*"? A raw string is also an option.
<unknown>:517: SyntaxWarning: "\*" is an invalid escape sequence. Such sequences will not work in the future. Did you mean "\\*"? A raw string is also an option.
<unknown>:526: SyntaxWarning: "\*" is an invalid escape sequence. Such sequences will not work in the future. Did you mean "\\*"? A raw string is also an option.
<unknown>:134: SyntaxWarning: "\*" is an invalid escape sequence. Such sequences will not work in the future. Did you mean "\\*"? A raw string is also an option.
<unknown>:479: SyntaxWarning: "\*" is an invalid escape sequence. Such sequences will not work in the future. Did you mean "\\*"? A raw string is also an option.
<unknown>:743: SyntaxWarning: "\*" is an invalid escape sequence. Such sequences will not work in the future. Did you mean "\\*"? A raw string is also an option.
<unknown>:44: SyntaxWarning: "\*" is an invalid escape sequence. Such sequences will not work in the future. Did you mean "\\*"? A raw string is also an option.
[204/300] django__django-13447           file_rec=1.0 cov=0 line_R@5 arise=0 ours=1
[205/300] pydata__xarray-3364            file_rec=1.0 cov=0 line_R@5 arise=0 ours=0
[206/300] django__django-14238           file_rec=1.0 cov=0 line_R@5 arise=1 ours=1
[207/300] sphinx-doc__sphinx-7686        file_rec=0.0 cov=0 line_R@5 arise=0 ours=0
<unknown>:465: SyntaxWarning: "\*" is an invalid escape sequence. Such sequences will not work in the future. Did you mean "\\*"? A raw string is also an option.
<unknown>:475: SyntaxWarning: "\*" is an invalid escape sequence. Such sequences will not work in the future. Did you mean "\\*"? A raw string is also an option.
<unknown>:485: SyntaxWarning: "\*" is an invalid escape sequence. Such sequences will not work in the future. Did you mean "\\*"? A raw string is also an option.
<unknown>:497: SyntaxWarning: "\*" is an invalid escape sequence. Such sequences will not work in the future. Did you mean "\\*"? A raw string is also an option.
<unknown>:507: SyntaxWarning: "\*" is an invalid escape sequence. Such sequences will not work in the future. Did you mean "\\*"? A raw string is also an option.
<unknown>:517: SyntaxWarning: "\*" is an invalid escape sequence. Such sequences will not work in the future. Did you mean "\\*"? A raw string is also an option.
<unknown>:526: SyntaxWarning: "\*" is an invalid escape sequence. Such sequences will not work in the future. Did you mean "\\*"? A raw string is also an option.
<unknown>:51: SyntaxWarning: "\*" is an invalid escape sequence. Such sequences will not work in the future. Did you mean "\\*"? A raw string is also an option.
<unknown>:62: SyntaxWarning: "\*" is an invalid escape sequence. Such sequences will not work in the future. Did you mean "\\*"? A raw string is also an option.
<unknown>:73: SyntaxWarning: "\*" is an invalid escape sequence. Such sequences will not work in the future. Did you mean "\\*"? A raw string is also an option.
<unknown>:85: SyntaxWarning: "\*" is an invalid escape sequence. Such sequences will not work in the future. Did you mean "\\*"? A raw string is also an option.
<unknown>:96: SyntaxWarning: "\*" is an invalid escape sequence. Such sequences will not work in the future. Did you mean "\\*"? A raw string is also an option.
<unknown>:107: SyntaxWarning: "\*" is an invalid escape sequence. Such sequences will not work in the future. Did you mean "\\*"? A raw string is also an option.
<unknown>:117: SyntaxWarning: "\*" is an invalid escape sequence. Such sequences will not work in the future. Did you mean "\\*"? A raw string is also an option.
[208/300] django__django-11019           file_rec=1.0 cov=0 line_R@5 arise=1 ours=1
<unknown>:743: SyntaxWarning: "\*" is an invalid escape sequence. Such sequences will not work in the future. Did you mean "\\*"? A raw string is also an option.
<unknown>:401: SyntaxWarning: "\*" is an invalid escape sequence. Such sequences will not work in the future. Did you mean "\\*"? A raw string is also an option.
<unknown>:411: SyntaxWarning: "\*" is an invalid escape sequence. Such sequences will not work in the future. Did you mean "\\*"? A raw string is also an option.
<unknown>:421: SyntaxWarning: "\*" is an invalid escape sequence. Such sequences will not work in the future. Did you mean "\\*"? A raw string is also an option.
<unknown>:432: SyntaxWarning: "\*" is an invalid escape sequence. Such sequences will not work in the future. Did you mean "\\*"? A raw string is also an option.
<unknown>:442: SyntaxWarning: "\*" is an invalid escape sequence. Such sequences will not work in the future. Did you mean "\\*"? A raw string is also an option.
<unknown>:452: SyntaxWarning: "\*" is an invalid escape sequence. Such sequences will not work in the future. Did you mean "\\*"? A raw string is also an option.
<unknown>:461: SyntaxWarning: "\*" is an invalid escape sequence. Such sequences will not work in the future. Did you mean "\\*"? A raw string is also an option.
<unknown>:447: SyntaxWarning: "\*" is an invalid escape sequence. Such sequences will not work in the future. Did you mean "\\*"? A raw string is also an option.
<unknown>:673: SyntaxWarning: "\*" is an invalid escape sequence. Such sequences will not work in the future. Did you mean "\\*"? A raw string is also an option.
<unknown>:48: SyntaxWarning: "\*" is an invalid escape sequence. Such sequences will not work in the future. Did you mean "\\*"? A raw string is also an option.
<unknown>:401: SyntaxWarning: "\*" is an invalid escape sequence. Such sequences will not work in the future. Did you mean "\\*"? A raw string is also an option.
<unknown>:411: SyntaxWarning: "\*" is an invalid escape sequence. Such sequences will not work in the future. Did you mean "\\*"? A raw string is also an option.
<unknown>:421: SyntaxWarning: "\*" is an invalid escape sequence. Such sequences will not work in the future. Did you mean "\\*"? A raw string is also an option.
<unknown>:432: SyntaxWarning: "\*" is an invalid escape sequence. Such sequences will not work in the future. Did you mean "\\*"? A raw string is also an option.
<unknown>:442: SyntaxWarning: "\*" is an invalid escape sequence. Such sequences will not work in the future. Did you mean "\\*"? A raw string is also an option.
<unknown>:452: SyntaxWarning: "\*" is an invalid escape sequence. Such sequences will not work in the future. Did you mean "\\*"? A raw string is also an option.
<unknown>:461: SyntaxWarning: "\*" is an invalid escape sequence. Such sequences will not work in the future. Did you mean "\\*"? A raw string is also an option.
[209/300] django__django-15819           file_rec=1.0 cov=0 line_R@5 arise=1 ours=0
<unknown>:465: SyntaxWarning: "\*" is an invalid escape sequence. Such sequences will not work in the future. Did you mean "\\*"? A raw string is also an option.
<unknown>:475: SyntaxWarning: "\*" is an invalid escape sequence. Such sequences will not work in the future. Did you mean "\\*"? A raw string is also an option.
<unknown>:485: SyntaxWarning: "\*" is an invalid escape sequence. Such sequences will not work in the future. Did you mean "\\*"? A raw string is also an option.
<unknown>:497: SyntaxWarning: "\*" is an invalid escape sequence. Such sequences will not work in the future. Did you mean "\\*"? A raw string is also an option.
<unknown>:507: SyntaxWarning: "\*" is an invalid escape sequence. Such sequences will not work in the future. Did you mean "\\*"? A raw string is also an option.
<unknown>:517: SyntaxWarning: "\*" is an invalid escape sequence. Such sequences will not work in the future. Did you mean "\\*"? A raw string is also an option.
<unknown>:526: SyntaxWarning: "\*" is an invalid escape sequence. Such sequences will not work in the future. Did you mean "\\*"? A raw string is also an option.
[210/300] pallets__flask-4045            file_rec=1.0 cov=0 line_R@5 arise=1 ours=1
[211/300] django__django-16229           file_rec=1.0 cov=0 line_R@5 arise=0 ours=0
[212/300] psf__requests-2317             file_rec=1.0 cov=0 line_R@5 arise=1 ours=1
<unknown>:65: SyntaxWarning: "\*" is an invalid escape sequence. Such sequences will not work in the future. Did you mean "\\*"? A raw string is also an option.
<unknown>:78: SyntaxWarning: "\*" is an invalid escape sequence. Such sequences will not work in the future. Did you mean "\\*"? A raw string is also an option.
<unknown>:91: SyntaxWarning: "\*" is an invalid escape sequence. Such sequences will not work in the future. Did you mean "\\*"? A raw string is also an option.
<unknown>:106: SyntaxWarning: "\*" is an invalid escape sequence. Such sequences will not work in the future. Did you mean "\\*"? A raw string is also an option.
<unknown>:119: SyntaxWarning: "\*" is an invalid escape sequence. Such sequences will not work in the future. Did you mean "\\*"? A raw string is also an option.
<unknown>:132: SyntaxWarning: "\*" is an invalid escape sequence. Such sequences will not work in the future. Did you mean "\\*"? A raw string is also an option.
<unknown>:144: SyntaxWarning: "\*" is an invalid escape sequence. Such sequences will not work in the future. Did you mean "\\*"? A raw string is also an option.
<unknown>:798: SyntaxWarning: "\*" is an invalid escape sequence. Such sequences will not work in the future. Did you mean "\\*"? A raw string is also an option.
<unknown>:485: SyntaxWarning: "\*" is an invalid escape sequence. Such sequences will not work in the future. Did you mean "\\*"? A raw string is also an option.
<unknown>:495: SyntaxWarning: "\*" is an invalid escape sequence. Such sequences will not work in the future. Did you mean "\\*"? A raw string is also an option.
<unknown>:505: SyntaxWarning: "\*" is an invalid escape sequence. Such sequences will not work in the future. Did you mean "\\*"? A raw string is also an option.
<unknown>:517: SyntaxWarning: "\*" is an invalid escape sequence. Such sequences will not work in the future. Did you mean "\\*"? A raw string is also an option.
<unknown>:527: SyntaxWarning: "\*" is an invalid escape sequence. Such sequences will not work in the future. Did you mean "\\*"? A raw string is also an option.
<unknown>:537: SyntaxWarning: "\*" is an invalid escape sequence. Such sequences will not work in the future. Did you mean "\\*"? A raw string is also an option.
<unknown>:546: SyntaxWarning: "\*" is an invalid escape sequence. Such sequences will not work in the future. Did you mean "\\*"? A raw string is also an option.
<unknown>:159: SyntaxWarning: "\*" is an invalid escape sequence. Such sequences will not work in the future. Did you mean "\\*"? A raw string is also an option.
<unknown>:529: SyntaxWarning: "\*" is an invalid escape sequence. Such sequences will not work in the future. Did you mean "\\*"? A raw string is also an option.
<unknown>:834: SyntaxWarning: "\*" is an invalid escape sequence. Such sequences will not work in the future. Did you mean "\\*"? A raw string is also an option.
<unknown>:45: SyntaxWarning: "\*" is an invalid escape sequence. Such sequences will not work in the future. Did you mean "\\*"? A raw string is also an option.
<unknown>:401: SyntaxWarning: "\*" is an invalid escape sequence. Such sequences will not work in the future. Did you mean "\\*"? A raw string is also an option.
<unknown>:411: SyntaxWarning: "\*" is an invalid escape sequence. Such sequences will not work in the future. Did you mean "\\*"? A raw string is also an option.
<unknown>:421: SyntaxWarning: "\*" is an invalid escape sequence. Such sequences will not work in the future. Did you mean "\\*"? A raw string is also an option.
<unknown>:432: SyntaxWarning: "\*" is an invalid escape sequence. Such sequences will not work in the future. Did you mean "\\*"? A raw string is also an option.
<unknown>:442: SyntaxWarning: "\*" is an invalid escape sequence. Such sequences will not work in the future. Did you mean "\\*"? A raw string is also an option.
<unknown>:452: SyntaxWarning: "\*" is an invalid escape sequence. Such sequences will not work in the future. Did you mean "\\*"? A raw string is also an option.
<unknown>:461: SyntaxWarning: "\*" is an invalid escape sequence. Such sequences will not work in the future. Did you mean "\\*"? A raw string is also an option.
[213/300] django__django-12589           file_rec=0.0 cov=0 line_R@5 arise=0 ours=0
[214/300] sympy__sympy-24213             file_rec=1.0 cov=0 line_R@5 arise=1 ours=1
[215/300] psf__requests-3362             file_rec=0.0 cov=0 line_R@5 arise=0 ours=0
[216/300] sympy__sympy-15678             file_rec=1.0 cov=0 line_R@5 arise=1 ours=1
<unknown>:401: SyntaxWarning: "\*" is an invalid escape sequence. Such sequences will not work in the future. Did you mean "\\*"? A raw string is also an option.
<unknown>:411: SyntaxWarning: "\*" is an invalid escape sequence. Such sequences will not work in the future. Did you mean "\\*"? A raw string is also an option.
<unknown>:421: SyntaxWarning: "\*" is an invalid escape sequence. Such sequences will not work in the future. Did you mean "\\*"? A raw string is also an option.
<unknown>:432: SyntaxWarning: "\*" is an invalid escape sequence. Such sequences will not work in the future. Did you mean "\\*"? A raw string is also an option.
<unknown>:442: SyntaxWarning: "\*" is an invalid escape sequence. Such sequences will not work in the future. Did you mean "\\*"? A raw string is also an option.
<unknown>:452: SyntaxWarning: "\*" is an invalid escape sequence. Such sequences will not work in the future. Did you mean "\\*"? A raw string is also an option.
<unknown>:461: SyntaxWarning: "\*" is an invalid escape sequence. Such sequences will not work in the future. Did you mean "\\*"? A raw string is also an option.
[217/300] psf__requests-1963             file_rec=1.0 cov=0 line_R@5 arise=0 ours=0
<unknown>:23: SyntaxWarning: "\S" is an invalid escape sequence. Such sequences will not work in the future. Did you mean "\\S"? A raw string is also an option.
<unknown>:22: SyntaxWarning: "\S" is an invalid escape sequence. Such sequences will not work in the future. Did you mean "\\S"? A raw string is also an option.
<unknown>:4: SyntaxWarning: "\m" is an invalid escape sequence. Such sequences will not work in the future. Did you mean "\\m"? A raw string is also an option.
<unknown>:16: SyntaxWarning: "\m" is an invalid escape sequence. Such sequences will not work in the future. Did you mean "\\m"? A raw string is also an option.
<unknown>:47: SyntaxWarning: "\m" is an invalid escape sequence. Such sequences will not work in the future. Did you mean "\\m"? A raw string is also an option.
<unknown>:121: SyntaxWarning: "\s" is an invalid escape sequence. Such sequences will not work in the future. Did you mean "\\s"? A raw string is also an option.
<unknown>:130: SyntaxWarning: "\s" is an invalid escape sequence. Such sequences will not work in the future. Did you mean "\\s"? A raw string is also an option.
<unknown>:292: SyntaxWarning: "\w" is an invalid escape sequence. Such sequences will not work in the future. Did you mean "\\w"? A raw string is also an option.
<unknown>:346: SyntaxWarning: "\*" is an invalid escape sequence. Such sequences will not work in the future. Did you mean "\\*"? A raw string is also an option.
<unknown>:474: SyntaxWarning: "\*" is an invalid escape sequence. Such sequences will not work in the future. Did you mean "\\*"? A raw string is also an option.
<unknown>:492: SyntaxWarning: "\*" is an invalid escape sequence. Such sequences will not work in the future. Did you mean "\\*"? A raw string is also an option.
[218/300] sympy__sympy-24066             file_rec=1.0 cov=0 line_R@5 arise=0 ours=0
<unknown>:425: SyntaxWarning: "\*" is an invalid escape sequence. Such sequences will not work in the future. Did you mean "\\*"? A raw string is also an option.
<unknown>:473: SyntaxWarning: "\l" is an invalid escape sequence. Such sequences will not work in the future. Did you mean "\\l"? A raw string is also an option.
<unknown>:864: SyntaxWarning: "\l" is an invalid escape sequence. Such sequences will not work in the future. Did you mean "\\l"? A raw string is also an option.
<unknown>:1127: SyntaxWarning: "\i" is an invalid escape sequence. Such sequences will not work in the future. Did you mean "\\i"? A raw string is also an option.
<unknown>:1624: SyntaxWarning: "\{" is an invalid escape sequence. Such sequences will not work in the future. Did you mean "\\{"? A raw string is also an option.
<unknown>:2840: SyntaxWarning: "\{" is an invalid escape sequence. Such sequences will not work in the future. Did you mean "\\{"? A raw string is also an option.
<unknown>:3124: SyntaxWarning: "\O" is an invalid escape sequence. Such sequences will not work in the future. Did you mean "\\O"? A raw string is also an option.
<unknown>:124: SyntaxWarning: "\i" is an invalid escape sequence. Such sequences will not work in the future. Did you mean "\\i"? A raw string is also an option.
<unknown>:19: SyntaxWarning: "\m" is an invalid escape sequence. Such sequences will not work in the future. Did you mean "\\m"? A raw string is also an option.
<unknown>:1473: SyntaxWarning: "\*" is an invalid escape sequence. Such sequences will not work in the future. Did you mean "\\*"? A raw string is also an option.
<unknown>:2278: SyntaxWarning: "\*" is an invalid escape sequence. Such sequences will not work in the future. Did you mean "\\*"? A raw string is also an option.
<unknown>:34: SyntaxWarning: "\_" is an invalid escape sequence. Such sequences will not work in the future. Did you mean "\\_"? A raw string is also an option.
<unknown>:1987: SyntaxWarning: "\s" is an invalid escape sequence. Such sequences will not work in the future. Did you mean "\\s"? A raw string is also an option.
<unknown>:425: SyntaxWarning: "\," is an invalid escape sequence. Such sequences will not work in the future. Did you mean "\\,"? A raw string is also an option.
<unknown>:453: SyntaxWarning: "\," is an invalid escape sequence. Such sequences will not work in the future. Did you mean "\\,"? A raw string is also an option.
<unknown>:453: SyntaxWarning: "\:" is an invalid escape sequence. Such sequences will not work in the future. Did you mean "\\:"? A raw string is also an option.
<unknown>:453: SyntaxWarning: "\ " is an invalid escape sequence. Such sequences will not work in the future. Did you mean "\\ "? A raw string is also an option.
<unknown>:394: SyntaxWarning: "\9" is an invalid escape sequence. Such sequences will not work in the future. Did you mean "\\9"? A raw string is also an option.
<unknown>:1751: SyntaxWarning: "\e" is an invalid escape sequence. Such sequences will not work in the future. Did you mean "\\e"? A raw string is also an option.
<unknown>:1825: SyntaxWarning: "\e" is an invalid escape sequence. Such sequences will not work in the future. Did you mean "\\e"? A raw string is also an option.
<unknown>:1923: SyntaxWarning: "\p" is an invalid escape sequence. Such sequences will not work in the future. Did you mean "\\p"? A raw string is also an option.
<unknown>:709: SyntaxWarning: "\|" is an invalid escape sequence. Such sequences will not work in the future. Did you mean "\\|"? A raw string is also an option.
<unknown>:1865: SyntaxWarning: "\c" is an invalid escape sequence. Such sequences will not work in the future. Did you mean "\\c"? A raw string is also an option.
<unknown>:723: SyntaxWarning: "\i" is an invalid escape sequence. Such sequences will not work in the future. Did you mean "\\i"? A raw string is also an option.
<unknown>:838: SyntaxWarning: "\i" is an invalid escape sequence. Such sequences will not work in the future. Did you mean "\\i"? A raw string is also an option.
<unknown>:2015: SyntaxWarning: "\i" is an invalid escape sequence. Such sequences will not work in the future. Did you mean "\\i"? A raw string is also an option.
<unknown>:592: SyntaxWarning: "\ " is an invalid escape sequence. Such sequences will not work in the future. Did you mean "\\ "? A raw string is also an option.
<unknown>:699: SyntaxWarning: "\ " is an invalid escape sequence. Such sequences will not work in the future. Did you mean "\\ "? A raw string is also an option.
<unknown>:181: SyntaxWarning: "\ " is an invalid escape sequence. Such sequences will not work in the future. Did you mean "\\ "? A raw string is also an option.
<unknown>:310: SyntaxWarning: "\ " is an invalid escape sequence. Such sequences will not work in the future. Did you mean "\\ "? A raw string is also an option.
<unknown>:1718: SyntaxWarning: "\i" is an invalid escape sequence. Such sequences will not work in the future. Did you mean "\\i"? A raw string is also an option.
<unknown>:329: SyntaxWarning: "\/" is an invalid escape sequence. Such sequences will not work in the future. Did you mean "\\/"? A raw string is also an option.
<unknown>:385: SyntaxWarning: "\/" is an invalid escape sequence. Such sequences will not work in the future. Did you mean "\\/"? A raw string is also an option.
<unknown>:904: SyntaxWarning: "\*" is an invalid escape sequence. Such sequences will not work in the future. Did you mean "\\*"? A raw string is also an option.
<unknown>:3594: SyntaxWarning: "\m" is an invalid escape sequence. Such sequences will not work in the future. Did you mean "\\m"? A raw string is also an option.
<unknown>:23: SyntaxWarning: "\S" is an invalid escape sequence. Such sequences will not work in the future. Did you mean "\\S"? A raw string is also an option.
<unknown>:22: SyntaxWarning: "\S" is an invalid escape sequence. Such sequences will not work in the future. Did you mean "\\S"? A raw string is also an option.
<unknown>:4: SyntaxWarning: "\m" is an invalid escape sequence. Such sequences will not work in the future. Did you mean "\\m"? A raw string is also an option.
<unknown>:16: SyntaxWarning: "\m" is an invalid escape sequence. Such sequences will not work in the future. Did you mean "\\m"? A raw string is also an option.
<unknown>:47: SyntaxWarning: "\m" is an invalid escape sequence. Such sequences will not work in the future. Did you mean "\\m"? A raw string is also an option.
<unknown>:121: SyntaxWarning: "\s" is an invalid escape sequence. Such sequences will not work in the future. Did you mean "\\s"? A raw string is also an option.
<unknown>:130: SyntaxWarning: "\s" is an invalid escape sequence. Such sequences will not work in the future. Did you mean "\\s"? A raw string is also an option.
<unknown>:1560: SyntaxWarning: "\p" is an invalid escape sequence. Such sequences will not work in the future. Did you mean "\\p"? A raw string is also an option.
<unknown>:1603: SyntaxWarning: "\l" is an invalid escape sequence. Such sequences will not work in the future. Did you mean "\\l"? A raw string is also an option.
<unknown>:1649: SyntaxWarning: "\s" is an invalid escape sequence. Such sequences will not work in the future. Did you mean "\\s"? A raw string is also an option.
<unknown>:1722: SyntaxWarning: "\p" is an invalid escape sequence. Such sequences will not work in the future. Did you mean "\\p"? A raw string is also an option.
<unknown>:1812: SyntaxWarning: "\s" is an invalid escape sequence. Such sequences will not work in the future. Did you mean "\\s"? A raw string is also an option.
<unknown>:287: SyntaxWarning: "\w" is an invalid escape sequence. Such sequences will not work in the future. Did you mean "\\w"? A raw string is also an option.
<unknown>:341: SyntaxWarning: "\*" is an invalid escape sequence. Such sequences will not work in the future. Did you mean "\\*"? A raw string is also an option.
<unknown>:469: SyntaxWarning: "\*" is an invalid escape sequence. Such sequences will not work in the future. Did you mean "\\*"? A raw string is also an option.
<unknown>:487: SyntaxWarning: "\*" is an invalid escape sequence. Such sequences will not work in the future. Did you mean "\\*"? A raw string is also an option.
<unknown>:33: SyntaxWarning: "\^" is an invalid escape sequence. Such sequences will not work in the future. Did you mean "\\^"? A raw string is also an option.
<unknown>:47: SyntaxWarning: "\s" is an invalid escape sequence. Such sequences will not work in the future. Did you mean "\\s"? A raw string is also an option.
<unknown>:83: SyntaxWarning: "\l" is an invalid escape sequence. Such sequences will not work in the future. Did you mean "\\l"? A raw string is also an option.
<unknown>:107: SyntaxWarning: "\m" is an invalid escape sequence. Such sequences will not work in the future. Did you mean "\\m"? A raw string is also an option.
<unknown>:135: SyntaxWarning: "\l" is an invalid escape sequence. Such sequences will not work in the future. Did you mean "\\l"? A raw string is also an option.
<unknown>:405: SyntaxWarning: "\d" is an invalid escape sequence. Such sequences will not work in the future. Did you mean "\\d"? A raw string is also an option.
<unknown>:406: SyntaxWarning: "\d" is an invalid escape sequence. Such sequences will not work in the future. Did you mean "\\d"? A raw string is also an option.
<unknown>:407: SyntaxWarning: "\(" is an invalid escape sequence. Such sequences will not work in the future. Did you mean "\\("? A raw string is also an option.
<unknown>:408: SyntaxWarning: "\[" is an invalid escape sequence. Such sequences will not work in the future. Did you mean "\\["? A raw string is also an option.
<unknown>:409: SyntaxWarning: "\(" is an invalid escape sequence. Such sequences will not work in the future. Did you mean "\\("? A raw string is also an option.
<unknown>:410: SyntaxWarning: "\<" is an invalid escape sequence. Such sequences will not work in the future. Did you mean "\\<"? A raw string is also an option.
<unknown>:565: SyntaxWarning: "\_" is an invalid escape sequence. Such sequences will not work in the future. Did you mean "\\_"? A raw string is also an option.
<unknown>:584: SyntaxWarning: "\_" is an invalid escape sequence. Such sequences will not work in the future. Did you mean "\\_"? A raw string is also an option.
<unknown>:794: SyntaxWarning: "\_" is an invalid escape sequence. Such sequences will not work in the future. Did you mean "\\_"? A raw string is also an option.
<unknown>:849: SyntaxWarning: "\_" is an invalid escape sequence. Such sequences will not work in the future. Did you mean "\\_"? A raw string is also an option.
<unknown>:1084: SyntaxWarning: "\_" is an invalid escape sequence. Such sequences will not work in the future. Did you mean "\\_"? A raw string is also an option.
<unknown>:1268: SyntaxWarning: "\_" is an invalid escape sequence. Such sequences will not work in the future. Did you mean "\\_"? A raw string is also an option.
<unknown>:1528: SyntaxWarning: "\_" is an invalid escape sequence. Such sequences will not work in the future. Did you mean "\\_"? A raw string is also an option.
<unknown>:1665: SyntaxWarning: "\_" is an invalid escape sequence. Such sequences will not work in the future. Did you mean "\\_"? A raw string is also an option.
<unknown>:664: SyntaxWarning: "\o" is an invalid escape sequence. Such sequences will not work in the future. Did you mean "\\o"? A raw string is also an option.
<unknown>:680: SyntaxWarning: "\s" is an invalid escape sequence. Such sequences will not work in the future. Did you mean "\\s"? A raw string is also an option.
<unknown>:1397: SyntaxWarning: "\d" is an invalid escape sequence. Such sequences will not work in the future. Did you mean "\\d"? A raw string is also an option.
<unknown>:1427: SyntaxWarning: "\c" is an invalid escape sequence. Such sequences will not work in the future. Did you mean "\\c"? A raw string is also an option.
<unknown>:1606: SyntaxWarning: "\l" is an invalid escape sequence. Such sequences will not work in the future. Did you mean "\\l"? A raw string is also an option.
<unknown>:1610: SyntaxWarning: "\l" is an invalid escape sequence. Such sequences will not work in the future. Did you mean "\\l"? A raw string is also an option.
<unknown>:1699: SyntaxWarning: "\l" is an invalid escape sequence. Such sequences will not work in the future. Did you mean "\\l"? A raw string is also an option.
<unknown>:687: SyntaxWarning: "\ " is an invalid escape sequence. Such sequences will not work in the future. Did you mean "\\ "? A raw string is also an option.
<unknown>:31: SyntaxWarning: "\e" is an invalid escape sequence. Such sequences will not work in the future. Did you mean "\\e"? A raw string is also an option.
<unknown>:192: SyntaxWarning: "\s" is an invalid escape sequence. Such sequences will not work in the future. Did you mean "\\s"? A raw string is also an option.
<unknown>:200: SyntaxWarning: "\s" is an invalid escape sequence. Such sequences will not work in the future. Did you mean "\\s"? A raw string is also an option.
<unknown>:329: SyntaxWarning: "\*" is an invalid escape sequence. Such sequences will not work in the future. Did you mean "\\*"? A raw string is also an option.
<unknown>:299: SyntaxWarning: "\l" is an invalid escape sequence. Such sequences will not work in the future. Did you mean "\\l"? A raw string is also an option.
<unknown>:921: SyntaxWarning: "\*" is an invalid escape sequence. Such sequences will not work in the future. Did you mean "\\*"? A raw string is also an option.
<unknown>:182: SyntaxWarning: "\ " is an invalid escape sequence. Such sequences will not work in the future. Did you mean "\\ "? A raw string is also an option.
<unknown>:1659: SyntaxWarning: "\{" is an invalid escape sequence. Such sequences will not work in the future. Did you mean "\\{"? A raw string is also an option.
<unknown>:671: SyntaxWarning: "\/" is an invalid escape sequence. Such sequences will not work in the future. Did you mean "\\/"? A raw string is also an option.
<unknown>:119: SyntaxWarning: "\e" is an invalid escape sequence. Such sequences will not work in the future. Did you mean "\\e"? A raw string is also an option.
<unknown>:1405: SyntaxWarning: "\g" is an invalid escape sequence. Such sequences will not work in the future. Did you mean "\\g"? A raw string is also an option.
<unknown>:1470: SyntaxWarning: "\s" is an invalid escape sequence. Such sequences will not work in the future. Did you mean "\\s"? A raw string is also an option.
<unknown>:1533: SyntaxWarning: "\s" is an invalid escape sequence. Such sequences will not work in the future. Did you mean "\\s"? A raw string is also an option.
<unknown>:1654: SyntaxWarning: "\s" is an invalid escape sequence. Such sequences will not work in the future. Did you mean "\\s"? A raw string is also an option.
<unknown>:2391: SyntaxWarning: "\ " is an invalid escape sequence. Such sequences will not work in the future. Did you mean "\\ "? A raw string is also an option.
<unknown>:2555: SyntaxWarning: "\e" is an invalid escape sequence. Such sequences will not work in the future. Did you mean "\\e"? A raw string is also an option.
<unknown>:2597: SyntaxWarning: "\e" is an invalid escape sequence. Such sequences will not work in the future. Did you mean "\\e"? A raw string is also an option.
<unknown>:2607: SyntaxWarning: "\c" is an invalid escape sequence. Such sequences will not work in the future. Did you mean "\\c"? A raw string is also an option.
<unknown>:2617: SyntaxWarning: "\g" is an invalid escape sequence. Such sequences will not work in the future. Did you mean "\\g"? A raw string is also an option.
<unknown>:2758: SyntaxWarning: "\i" is an invalid escape sequence. Such sequences will not work in the future. Did you mean "\\i"? A raw string is also an option.
<unknown>:2972: SyntaxWarning: "\g" is an invalid escape sequence. Such sequences will not work in the future. Did you mean "\\g"? A raw string is also an option.
<unknown>:3052: SyntaxWarning: "\g" is an invalid escape sequence. Such sequences will not work in the future. Did you mean "\\g"? A raw string is also an option.
<unknown>:24: SyntaxWarning: "\l" is an invalid escape sequence. Such sequences will not work in the future. Did you mean "\\l"? A raw string is also an option.
<unknown>:73: SyntaxWarning: "\o" is an invalid escape sequence. Such sequences will not work in the future. Did you mean "\\o"? A raw string is also an option.
<unknown>:351: SyntaxWarning: "\o" is an invalid escape sequence. Such sequences will not work in the future. Did you mean "\\o"? A raw string is also an option.
<unknown>:462: SyntaxWarning: "\o" is an invalid escape sequence. Such sequences will not work in the future. Did you mean "\\o"? A raw string is also an option.
<unknown>:666: SyntaxWarning: "\o" is an invalid escape sequence. Such sequences will not work in the future. Did you mean "\\o"? A raw string is also an option.
<unknown>:565: SyntaxWarning: "\ " is an invalid escape sequence. Such sequences will not work in the future. Did you mean "\\ "? A raw string is also an option.
<unknown>:62: SyntaxWarning: "\_" is an invalid escape sequence. Such sequences will not work in the future. Did you mean "\\_"? A raw string is also an option.
<unknown>:834: SyntaxWarning: "\_" is an invalid escape sequence. Such sequences will not work in the future. Did you mean "\\_"? A raw string is also an option.
<unknown>:12: SyntaxWarning: "\s" is an invalid escape sequence. Such sequences will not work in the future. Did you mean "\\s"? A raw string is also an option.
<unknown>:499: SyntaxWarning: "\/" is an invalid escape sequence. Such sequences will not work in the future. Did you mean "\\/"? A raw string is also an option.
<unknown>:11: SyntaxWarning: "\_" is an invalid escape sequence. Such sequences will not work in the future. Did you mean "\\_"? A raw string is also an option.
<unknown>:47: SyntaxWarning: "\ " is an invalid escape sequence. Such sequences will not work in the future. Did you mean "\\ "? A raw string is also an option.
<unknown>:542: SyntaxWarning: "\*" is an invalid escape sequence. Such sequences will not work in the future. Did you mean "\\*"? A raw string is also an option.
<unknown>:1329: SyntaxWarning: "\*" is an invalid escape sequence. Such sequences will not work in the future. Did you mean "\\*"? A raw string is also an option.
<unknown>:1575: SyntaxWarning: "\d" is an invalid escape sequence. Such sequences will not work in the future. Did you mean "\\d"? A raw string is also an option.
<unknown>:1783: SyntaxWarning: "\s" is an invalid escape sequence. Such sequences will not work in the future. Did you mean "\\s"? A raw string is also an option.
<unknown>:1787: SyntaxWarning: "\s" is an invalid escape sequence. Such sequences will not work in the future. Did you mean "\\s"? A raw string is also an option.
<unknown>:260: SyntaxWarning: "\m" is an invalid escape sequence. Such sequences will not work in the future. Did you mean "\\m"? A raw string is also an option.
<unknown>:453: SyntaxWarning: "\m" is an invalid escape sequence. Such sequences will not work in the future. Did you mean "\\m"? A raw string is also an option.
<unknown>:490: SyntaxWarning: "\%" is an invalid escape sequence. Such sequences will not work in the future. Did you mean "\\%"? A raw string is also an option.
<unknown>:1629: SyntaxWarning: "\ " is an invalid escape sequence. Such sequences will not work in the future. Did you mean "\\ "? A raw string is also an option.
<unknown>:576: SyntaxWarning: "\_" is an invalid escape sequence. Such sequences will not work in the future. Did you mean "\\_"? A raw string is also an option.
<unknown>:859: SyntaxWarning: "\:" is an invalid escape sequence. Such sequences will not work in the future. Did you mean "\\:"? A raw string is also an option.
<unknown>:861: SyntaxWarning: "\:" is an invalid escape sequence. Such sequences will not work in the future. Did you mean "\\:"? A raw string is also an option.
<unknown>:948: SyntaxWarning: "\," is an invalid escape sequence. Such sequences will not work in the future. Did you mean "\\,"? A raw string is also an option.
<unknown>:952: SyntaxWarning: "\," is an invalid escape sequence. Such sequences will not work in the future. Did you mean "\\,"? A raw string is also an option.
<unknown>:1215: SyntaxWarning: "\m" is an invalid escape sequence. Such sequences will not work in the future. Did you mean "\\m"? A raw string is also an option.
<unknown>:1218: SyntaxWarning: "\e" is an invalid escape sequence. Such sequences will not work in the future. Did you mean "\\e"? A raw string is also an option.
<unknown>:745: SyntaxWarning: "\ " is an invalid escape sequence. Such sequences will not work in the future. Did you mean "\\ "? A raw string is also an option.
<unknown>:1472: SyntaxWarning: "\k" is an invalid escape sequence. Such sequences will not work in the future. Did you mean "\\k"? A raw string is also an option.
<unknown>:1489: SyntaxWarning: "\ " is an invalid escape sequence. Such sequences will not work in the future. Did you mean "\\ "? A raw string is also an option.
<unknown>:1507: SyntaxWarning: "\k" is an invalid escape sequence. Such sequences will not work in the future. Did you mean "\\k"? A raw string is also an option.
<unknown>:1752: SyntaxWarning: "\y" is an invalid escape sequence. Such sequences will not work in the future. Did you mean "\\y"? A raw string is also an option.
<unknown>:1768: SyntaxWarning: "\y" is an invalid escape sequence. Such sequences will not work in the future. Did you mean "\\y"? A raw string is also an option.
<unknown>:1826: SyntaxWarning: "\/" is an invalid escape sequence. Such sequences will not work in the future. Did you mean "\\/"? A raw string is also an option.
<unknown>:1837: SyntaxWarning: "\/" is an invalid escape sequence. Such sequences will not work in the future. Did you mean "\\/"? A raw string is also an option.
<unknown>:1851: SyntaxWarning: "\/" is an invalid escape sequence. Such sequences will not work in the future. Did you mean "\\/"? A raw string is also an option.
<unknown>:1866: SyntaxWarning: "\/" is an invalid escape sequence. Such sequences will not work in the future. Did you mean "\\/"? A raw string is also an option.
<unknown>:1882: SyntaxWarning: "\/" is an invalid escape sequence. Such sequences will not work in the future. Did you mean "\\/"? A raw string is also an option.
<unknown>:1896: SyntaxWarning: "\/" is an invalid escape sequence. Such sequences will not work in the future. Did you mean "\\/"? A raw string is also an option.
<unknown>:1910: SyntaxWarning: "\/" is an invalid escape sequence. Such sequences will not work in the future. Did you mean "\\/"? A raw string is also an option.
<unknown>:1926: SyntaxWarning: "\/" is an invalid escape sequence. Such sequences will not work in the future. Did you mean "\\/"? A raw string is also an option.
<unknown>:2013: SyntaxWarning: "\9" is an invalid escape sequence. Such sequences will not work in the future. Did you mean "\\9"? A raw string is also an option.
<unknown>:2041: SyntaxWarning: "\9" is an invalid escape sequence. Such sequences will not work in the future. Did you mean "\\9"? A raw string is also an option.
<unknown>:2278: SyntaxWarning: "\l" is an invalid escape sequence. Such sequences will not work in the future. Did you mean "\\l"? A raw string is also an option.
<unknown>:2487: SyntaxWarning: "\ " is an invalid escape sequence. Such sequences will not work in the future. Did you mean "\\ "? A raw string is also an option.
<unknown>:2884: SyntaxWarning: "\[" is an invalid escape sequence. Such sequences will not work in the future. Did you mean "\\["? A raw string is also an option.
<unknown>:2894: SyntaxWarning: "\ " is an invalid escape sequence. Such sequences will not work in the future. Did you mean "\\ "? A raw string is also an option.
<unknown>:2954: SyntaxWarning: "\ " is an invalid escape sequence. Such sequences will not work in the future. Did you mean "\\ "? A raw string is also an option.
<unknown>:2991: SyntaxWarning: "\ " is an invalid escape sequence. Such sequences will not work in the future. Did you mean "\\ "? A raw string is also an option.
<unknown>:3020: SyntaxWarning: "\ " is an invalid escape sequence. Such sequences will not work in the future. Did you mean "\\ "? A raw string is also an option.
<unknown>:3068: SyntaxWarning: "\ " is an invalid escape sequence. Such sequences will not work in the future. Did you mean "\\ "? A raw string is also an option.
<unknown>:3097: SyntaxWarning: "\ " is an invalid escape sequence. Such sequences will not work in the future. Did you mean "\\ "? A raw string is also an option.
<unknown>:3129: SyntaxWarning: "\ " is an invalid escape sequence. Such sequences will not work in the future. Did you mean "\\ "? A raw string is also an option.
<unknown>:3154: SyntaxWarning: "\ " is an invalid escape sequence. Such sequences will not work in the future. Did you mean "\\ "? A raw string is also an option.
<unknown>:3615: SyntaxWarning: "\ " is an invalid escape sequence. Such sequences will not work in the future. Did you mean "\\ "? A raw string is also an option.
<unknown>:4185: SyntaxWarning: "\ " is an invalid escape sequence. Such sequences will not work in the future. Did you mean "\\ "? A raw string is also an option.
<unknown>:4235: SyntaxWarning: "\ " is an invalid escape sequence. Such sequences will not work in the future. Did you mean "\\ "? A raw string is also an option.
<unknown>:4830: SyntaxWarning: "\_" is an invalid escape sequence. Such sequences will not work in the future. Did you mean "\\_"? A raw string is also an option.
<unknown>:4849: SyntaxWarning: "\_" is an invalid escape sequence. Such sequences will not work in the future. Did you mean "\\_"? A raw string is also an option.
<unknown>:4865: SyntaxWarning: "\_" is an invalid escape sequence. Such sequences will not work in the future. Did you mean "\\_"? A raw string is also an option.
<unknown>:4894: SyntaxWarning: "\_" is an invalid escape sequence. Such sequences will not work in the future. Did you mean "\\_"? A raw string is also an option.
<unknown>:4929: SyntaxWarning: "\_" is an invalid escape sequence. Such sequences will not work in the future. Did you mean "\\_"? A raw string is also an option.
<unknown>:5061: SyntaxWarning: "\z" is an invalid escape sequence. Such sequences will not work in the future. Did you mean "\\z"? A raw string is also an option.
<unknown>:5077: SyntaxWarning: "\ " is an invalid escape sequence. Such sequences will not work in the future. Did you mean "\\ "? A raw string is also an option.
<unknown>:5093: SyntaxWarning: "\z" is an invalid escape sequence. Such sequences will not work in the future. Did you mean "\\z"? A raw string is also an option.
<unknown>:5109: SyntaxWarning: "\ " is an invalid escape sequence. Such sequences will not work in the future. Did you mean "\\ "? A raw string is also an option.
<unknown>:5125: SyntaxWarning: "\ " is an invalid escape sequence. Such sequences will not work in the future. Did you mean "\\ "? A raw string is also an option.
<unknown>:5141: SyntaxWarning: "\ " is an invalid escape sequence. Such sequences will not work in the future. Did you mean "\\ "? A raw string is also an option.
<unknown>:5190: SyntaxWarning: "\ " is an invalid escape sequence. Such sequences will not work in the future. Did you mean "\\ "? A raw string is also an option.
<unknown>:5273: SyntaxWarning: "\/" is an invalid escape sequence. Such sequences will not work in the future. Did you mean "\\/"? A raw string is also an option.
<unknown>:5558: SyntaxWarning: "\ " is an invalid escape sequence. Such sequences will not work in the future. Did you mean "\\ "? A raw string is also an option.
<unknown>:5559: SyntaxWarning: "\ " is an invalid escape sequence. Such sequences will not work in the future. Did you mean "\\ "? A raw string is also an option.
<unknown>:5560: SyntaxWarning: "\ " is an invalid escape sequence. Such sequences will not work in the future. Did you mean "\\ "? A raw string is also an option.
<unknown>:5561: SyntaxWarning: "\ " is an invalid escape sequence. Such sequences will not work in the future. Did you mean "\\ "? A raw string is also an option.
<unknown>:5687: SyntaxWarning: "\ " is an invalid escape sequence. Such sequences will not work in the future. Did you mean "\\ "? A raw string is also an option.
<unknown>:5691: SyntaxWarning: "\ " is an invalid escape sequence. Such sequences will not work in the future. Did you mean "\\ "? A raw string is also an option.
<unknown>:423: SyntaxWarning: "\l" is an invalid escape sequence. Such sequences will not work in the future. Did you mean "\\l"? A raw string is also an option.
<unknown>:207: SyntaxWarning: "\i" is an invalid escape sequence. Such sequences will not work in the future. Did you mean "\\i"? A raw string is also an option.
<unknown>:388: SyntaxWarning: "\l" is an invalid escape sequence. Such sequences will not work in the future. Did you mean "\\l"? A raw string is also an option.
<unknown>:24: SyntaxWarning: "\ " is an invalid escape sequence. Such sequences will not work in the future. Did you mean "\\ "? A raw string is also an option.
<unknown>:121: SyntaxWarning: "\ " is an invalid escape sequence. Such sequences will not work in the future. Did you mean "\\ "? A raw string is also an option.
<unknown>:159: SyntaxWarning: "\l" is an invalid escape sequence. Such sequences will not work in the future. Did you mean "\\l"? A raw string is also an option.
<unknown>:694: SyntaxWarning: "\g" is an invalid escape sequence. Such sequences will not work in the future. Did you mean "\\g"? A raw string is also an option.
<unknown>:938: SyntaxWarning: "\p" is an invalid escape sequence. Such sequences will not work in the future. Did you mean "\\p"? A raw string is also an option.
<unknown>:23: SyntaxWarning: "\S" is an invalid escape sequence. Such sequences will not work in the future. Did you mean "\\S"? A raw string is also an option.
<unknown>:22: SyntaxWarning: "\S" is an invalid escape sequence. Such sequences will not work in the future. Did you mean "\\S"? A raw string is also an option.
<unknown>:4: SyntaxWarning: "\m" is an invalid escape sequence. Such sequences will not work in the future. Did you mean "\\m"? A raw string is also an option.
<unknown>:16: SyntaxWarning: "\m" is an invalid escape sequence. Such sequences will not work in the future. Did you mean "\\m"? A raw string is also an option.
<unknown>:47: SyntaxWarning: "\m" is an invalid escape sequence. Such sequences will not work in the future. Did you mean "\\m"? A raw string is also an option.
<unknown>:121: SyntaxWarning: "\s" is an invalid escape sequence. Such sequences will not work in the future. Did you mean "\\s"? A raw string is also an option.
<unknown>:130: SyntaxWarning: "\s" is an invalid escape sequence. Such sequences will not work in the future. Did you mean "\\s"? A raw string is also an option.
<unknown>:287: SyntaxWarning: "\w" is an invalid escape sequence. Such sequences will not work in the future. Did you mean "\\w"? A raw string is also an option.
<unknown>:341: SyntaxWarning: "\*" is an invalid escape sequence. Such sequences will not work in the future. Did you mean "\\*"? A raw string is also an option.
<unknown>:469: SyntaxWarning: "\*" is an invalid escape sequence. Such sequences will not work in the future. Did you mean "\\*"? A raw string is also an option.
<unknown>:487: SyntaxWarning: "\*" is an invalid escape sequence. Such sequences will not work in the future. Did you mean "\\*"? A raw string is also an option.
<unknown>:539: SyntaxWarning: "\d" is an invalid escape sequence. Such sequences will not work in the future. Did you mean "\\d"? A raw string is also an option.
<unknown>:812: SyntaxWarning: "\d" is an invalid escape sequence. Such sequences will not work in the future. Did you mean "\\d"? A raw string is also an option.
<unknown>:870: SyntaxWarning: "\L" is an invalid escape sequence. Such sequences will not work in the future. Did you mean "\\L"? A raw string is also an option.
<unknown>:35: SyntaxWarning: "\s" is an invalid escape sequence. Such sequences will not work in the future. Did you mean "\\s"? A raw string is also an option.
[219/300] pytest-dev__pytest-7490        file_rec=0.0 cov=0 line_R@5 arise=0 ours=0
<unknown>:458: SyntaxWarning: "\l" is an invalid escape sequence. Such sequences will not work in the future. Did you mean "\\l"? A raw string is also an option.
<unknown>:480: SyntaxWarning: "\l" is an invalid escape sequence. Such sequences will not work in the future. Did you mean "\\l"? A raw string is also an option.
<unknown>:574: SyntaxWarning: "\l" is an invalid escape sequence. Such sequences will not work in the future. Did you mean "\\l"? A raw string is also an option.
<unknown>:755: SyntaxWarning: "\e" is an invalid escape sequence. Such sequences will not work in the future. Did you mean "\\e"? A raw string is also an option.
<unknown>:2433: SyntaxWarning: "\s" is an invalid escape sequence. Such sequences will not work in the future. Did you mean "\\s"? A raw string is also an option.
<unknown>:230: SyntaxWarning: "\d" is an invalid escape sequence. Such sequences will not work in the future. Did you mean "\\d"? A raw string is also an option.
<unknown>:231: SyntaxWarning: "\d" is an invalid escape sequence. Such sequences will not work in the future. Did you mean "\\d"? A raw string is also an option.
<unknown>:5: SyntaxWarning: "\i" is an invalid escape sequence. Such sequences will not work in the future. Did you mean "\\i"? A raw string is also an option.
<unknown>:28: SyntaxWarning: "\s" is an invalid escape sequence. Such sequences will not work in the future. Did you mean "\\s"? A raw string is also an option.
<unknown>:304: SyntaxWarning: "\," is an invalid escape sequence. Such sequences will not work in the future. Did you mean "\\,"? A raw string is also an option.
<unknown>:23: SyntaxWarning: "\S" is an invalid escape sequence. Such sequences will not work in the future. Did you mean "\\S"? A raw string is also an option.
<unknown>:22: SyntaxWarning: "\S" is an invalid escape sequence. Such sequences will not work in the future. Did you mean "\\S"? A raw string is also an option.
<unknown>:4: SyntaxWarning: "\m" is an invalid escape sequence. Such sequences will not work in the future. Did you mean "\\m"? A raw string is also an option.
<unknown>:16: SyntaxWarning: "\m" is an invalid escape sequence. Such sequences will not work in the future. Did you mean "\\m"? A raw string is also an option.
<unknown>:47: SyntaxWarning: "\m" is an invalid escape sequence. Such sequences will not work in the future. Did you mean "\\m"? A raw string is also an option.
<unknown>:121: SyntaxWarning: "\s" is an invalid escape sequence. Such sequences will not work in the future. Did you mean "\\s"? A raw string is also an option.
<unknown>:130: SyntaxWarning: "\s" is an invalid escape sequence. Such sequences will not work in the future. Did you mean "\\s"? A raw string is also an option.
<unknown>:287: SyntaxWarning: "\w" is an invalid escape sequence. Such sequences will not work in the future. Did you mean "\\w"? A raw string is also an option.
<unknown>:341: SyntaxWarning: "\*" is an invalid escape sequence. Such sequences will not work in the future. Did you mean "\\*"? A raw string is also an option.
<unknown>:469: SyntaxWarning: "\*" is an invalid escape sequence. Such sequences will not work in the future. Did you mean "\\*"? A raw string is also an option.
<unknown>:487: SyntaxWarning: "\*" is an invalid escape sequence. Such sequences will not work in the future. Did you mean "\\*"? A raw string is also an option.
<unknown>:23: SyntaxWarning: "\S" is an invalid escape sequence. Such sequences will not work in the future. Did you mean "\\S"? A raw string is also an option.
<unknown>:22: SyntaxWarning: "\S" is an invalid escape sequence. Such sequences will not work in the future. Did you mean "\\S"? A raw string is also an option.
<unknown>:4: SyntaxWarning: "\m" is an invalid escape sequence. Such sequences will not work in the future. Did you mean "\\m"? A raw string is also an option.
<unknown>:16: SyntaxWarning: "\m" is an invalid escape sequence. Such sequences will not work in the future. Did you mean "\\m"? A raw string is also an option.
<unknown>:47: SyntaxWarning: "\m" is an invalid escape sequence. Such sequences will not work in the future. Did you mean "\\m"? A raw string is also an option.
<unknown>:120: SyntaxWarning: "\s" is an invalid escape sequence. Such sequences will not work in the future. Did you mean "\\s"? A raw string is also an option.
<unknown>:129: SyntaxWarning: "\s" is an invalid escape sequence. Such sequences will not work in the future. Did you mean "\\s"? A raw string is also an option.
<unknown>:289: SyntaxWarning: "\w" is an invalid escape sequence. Such sequences will not work in the future. Did you mean "\\w"? A raw string is also an option.
<unknown>:343: SyntaxWarning: "\*" is an invalid escape sequence. Such sequences will not work in the future. Did you mean "\\*"? A raw string is also an option.
<unknown>:471: SyntaxWarning: "\*" is an invalid escape sequence. Such sequences will not work in the future. Did you mean "\\*"? A raw string is also an option.
<unknown>:489: SyntaxWarning: "\*" is an invalid escape sequence. Such sequences will not work in the future. Did you mean "\\*"? A raw string is also an option.
[220/300] matplotlib__matplotlib-25498   file_rec=1.0 cov=0 line_R@5 arise=0 ours=0
[221/300] matplotlib__matplotlib-26011   file_rec=0.0 cov=0 line_R@5 arise=0 ours=0
<unknown>:23: SyntaxWarning: "\S" is an invalid escape sequence. Such sequences will not work in the future. Did you mean "\\S"? A raw string is also an option.
<unknown>:22: SyntaxWarning: "\S" is an invalid escape sequence. Such sequences will not work in the future. Did you mean "\\S"? A raw string is also an option.
<unknown>:4: SyntaxWarning: "\m" is an invalid escape sequence. Such sequences will not work in the future. Did you mean "\\m"? A raw string is also an option.
<unknown>:16: SyntaxWarning: "\m" is an invalid escape sequence. Such sequences will not work in the future. Did you mean "\\m"? A raw string is also an option.
<unknown>:47: SyntaxWarning: "\m" is an invalid escape sequence. Such sequences will not work in the future. Did you mean "\\m"? A raw string is also an option.
<unknown>:121: SyntaxWarning: "\s" is an invalid escape sequence. Such sequences will not work in the future. Did you mean "\\s"? A raw string is also an option.
<unknown>:130: SyntaxWarning: "\s" is an invalid escape sequence. Such sequences will not work in the future. Did you mean "\\s"? A raw string is also an option.
<unknown>:287: SyntaxWarning: "\w" is an invalid escape sequence. Such sequences will not work in the future. Did you mean "\\w"? A raw string is also an option.
<unknown>:341: SyntaxWarning: "\*" is an invalid escape sequence. Such sequences will not work in the future. Did you mean "\\*"? A raw string is also an option.
<unknown>:469: SyntaxWarning: "\*" is an invalid escape sequence. Such sequences will not work in the future. Did you mean "\\*"? A raw string is also an option.
<unknown>:487: SyntaxWarning: "\*" is an invalid escape sequence. Such sequences will not work in the future. Did you mean "\\*"? A raw string is also an option.
<unknown>:23: SyntaxWarning: "\S" is an invalid escape sequence. Such sequences will not work in the future. Did you mean "\\S"? A raw string is also an option.
<unknown>:22: SyntaxWarning: "\S" is an invalid escape sequence. Such sequences will not work in the future. Did you mean "\\S"? A raw string is also an option.
<unknown>:4: SyntaxWarning: "\m" is an invalid escape sequence. Such sequences will not work in the future. Did you mean "\\m"? A raw string is also an option.
<unknown>:16: SyntaxWarning: "\m" is an invalid escape sequence. Such sequences will not work in the future. Did you mean "\\m"? A raw string is also an option.
<unknown>:47: SyntaxWarning: "\m" is an invalid escape sequence. Such sequences will not work in the future. Did you mean "\\m"? A raw string is also an option.
<unknown>:121: SyntaxWarning: "\s" is an invalid escape sequence. Such sequences will not work in the future. Did you mean "\\s"? A raw string is also an option.
<unknown>:130: SyntaxWarning: "\s" is an invalid escape sequence. Such sequences will not work in the future. Did you mean "\\s"? A raw string is also an option.
<unknown>:290: SyntaxWarning: "\w" is an invalid escape sequence. Such sequences will not work in the future. Did you mean "\\w"? A raw string is also an option.
<unknown>:344: SyntaxWarning: "\*" is an invalid escape sequence. Such sequences will not work in the future. Did you mean "\\*"? A raw string is also an option.
<unknown>:472: SyntaxWarning: "\*" is an invalid escape sequence. Such sequences will not work in the future. Did you mean "\\*"? A raw string is also an option.
<unknown>:490: SyntaxWarning: "\*" is an invalid escape sequence. Such sequences will not work in the future. Did you mean "\\*"? A raw string is also an option.
[222/300] sympy__sympy-21379             file_rec=0.0 cov=0 line_R@5 arise=0 ours=0
<unknown>:3594: SyntaxWarning: "\m" is an invalid escape sequence. Such sequences will not work in the future. Did you mean "\\m"? A raw string is also an option.
[223/300] sympy__sympy-18057             file_rec=0.0 cov=0 line_R@5 arise=0 ours=0
[224/300] sympy__sympy-13480             file_rec=1.0 cov=0 line_R@5 arise=1 ours=1
[225/300] sympy__sympy-18532             file_rec=1.0 cov=0 line_R@5 arise=0 ours=0
[226/300] sympy__sympy-14317             file_rec=1.0 cov=0 line_R@5 arise=0 ours=0
<unknown>:23: SyntaxWarning: "\S" is an invalid escape sequence. Such sequences will not work in the future. Did you mean "\\S"? A raw string is also an option.
<unknown>:22: SyntaxWarning: "\S" is an invalid escape sequence. Such sequences will not work in the future. Did you mean "\\S"? A raw string is also an option.
<unknown>:4: SyntaxWarning: "\m" is an invalid escape sequence. Such sequences will not work in the future. Did you mean "\\m"? A raw string is also an option.
<unknown>:16: SyntaxWarning: "\m" is an invalid escape sequence. Such sequences will not work in the future. Did you mean "\\m"? A raw string is also an option.
<unknown>:47: SyntaxWarning: "\m" is an invalid escape sequence. Such sequences will not work in the future. Did you mean "\\m"? A raw string is also an option.
<unknown>:121: SyntaxWarning: "\s" is an invalid escape sequence. Such sequences will not work in the future. Did you mean "\\s"? A raw string is also an option.
<unknown>:130: SyntaxWarning: "\s" is an invalid escape sequence. Such sequences will not work in the future. Did you mean "\\s"? A raw string is also an option.
<unknown>:290: SyntaxWarning: "\w" is an invalid escape sequence. Such sequences will not work in the future. Did you mean "\\w"? A raw string is also an option.
<unknown>:344: SyntaxWarning: "\*" is an invalid escape sequence. Such sequences will not work in the future. Did you mean "\\*"? A raw string is also an option.
<unknown>:472: SyntaxWarning: "\*" is an invalid escape sequence. Such sequences will not work in the future. Did you mean "\\*"? A raw string is also an option.
<unknown>:490: SyntaxWarning: "\*" is an invalid escape sequence. Such sequences will not work in the future. Did you mean "\\*"? A raw string is also an option.
<unknown>:3594: SyntaxWarning: "\m" is an invalid escape sequence. Such sequences will not work in the future. Did you mean "\\m"? A raw string is also an option.
[227/300] sympy__sympy-12454             file_rec=1.0 cov=0 line_R@5 arise=0 ours=1
[228/300] django__django-13964           file_rec=0.0 cov=0 line_R@5 arise=0 ours=0
[229/300] sympy__sympy-13177             file_rec=1.0 cov=0 line_R@5 arise=1 ours=1
<unknown>:23: SyntaxWarning: "\S" is an invalid escape sequence. Such sequences will not work in the future. Did you mean "\\S"? A raw string is also an option.
<unknown>:22: SyntaxWarning: "\S" is an invalid escape sequence. Such sequences will not work in the future. Did you mean "\\S"? A raw string is also an option.
<unknown>:4: SyntaxWarning: "\m" is an invalid escape sequence. Such sequences will not work in the future. Did you mean "\\m"? A raw string is also an option.
<unknown>:16: SyntaxWarning: "\m" is an invalid escape sequence. Such sequences will not work in the future. Did you mean "\\m"? A raw string is also an option.
<unknown>:47: SyntaxWarning: "\m" is an invalid escape sequence. Such sequences will not work in the future. Did you mean "\\m"? A raw string is also an option.
<unknown>:121: SyntaxWarning: "\s" is an invalid escape sequence. Such sequences will not work in the future. Did you mean "\\s"? A raw string is also an option.
<unknown>:130: SyntaxWarning: "\s" is an invalid escape sequence. Such sequences will not work in the future. Did you mean "\\s"? A raw string is also an option.
<unknown>:287: SyntaxWarning: "\w" is an invalid escape sequence. Such sequences will not work in the future. Did you mean "\\w"? A raw string is also an option.
<unknown>:341: SyntaxWarning: "\*" is an invalid escape sequence. Such sequences will not work in the future. Did you mean "\\*"? A raw string is also an option.
<unknown>:469: SyntaxWarning: "\*" is an invalid escape sequence. Such sequences will not work in the future. Did you mean "\\*"? A raw string is also an option.
<unknown>:487: SyntaxWarning: "\*" is an invalid escape sequence. Such sequences will not work in the future. Did you mean "\\*"? A raw string is also an option.
<unknown>:23: SyntaxWarning: "\S" is an invalid escape sequence. Such sequences will not work in the future. Did you mean "\\S"? A raw string is also an option.
<unknown>:22: SyntaxWarning: "\S" is an invalid escape sequence. Such sequences will not work in the future. Did you mean "\\S"? A raw string is also an option.
<unknown>:4: SyntaxWarning: "\m" is an invalid escape sequence. Such sequences will not work in the future. Did you mean "\\m"? A raw string is also an option.
<unknown>:16: SyntaxWarning: "\m" is an invalid escape sequence. Such sequences will not work in the future. Did you mean "\\m"? A raw string is also an option.
<unknown>:47: SyntaxWarning: "\m" is an invalid escape sequence. Such sequences will not work in the future. Did you mean "\\m"? A raw string is also an option.
<unknown>:121: SyntaxWarning: "\s" is an invalid escape sequence. Such sequences will not work in the future. Did you mean "\\s"? A raw string is also an option.
<unknown>:130: SyntaxWarning: "\s" is an invalid escape sequence. Such sequences will not work in the future. Did you mean "\\s"? A raw string is also an option.
<unknown>:287: SyntaxWarning: "\w" is an invalid escape sequence. Such sequences will not work in the future. Did you mean "\\w"? A raw string is also an option.
<unknown>:341: SyntaxWarning: "\*" is an invalid escape sequence. Such sequences will not work in the future. Did you mean "\\*"? A raw string is also an option.
<unknown>:469: SyntaxWarning: "\*" is an invalid escape sequence. Such sequences will not work in the future. Did you mean "\\*"? A raw string is also an option.
<unknown>:487: SyntaxWarning: "\*" is an invalid escape sequence. Such sequences will not work in the future. Did you mean "\\*"? A raw string is also an option.
[230/300] sphinx-doc__sphinx-10451       file_rec=1.0 cov=0 line_R@5 arise=0 ours=0
[231/300] django__django-15061           file_rec=1.0 cov=0 line_R@5 arise=0 ours=1
[232/300] sympy__sympy-16106             file_rec=1.0 cov=0 line_R@5 arise=0 ours=0
[233/300] sympy__sympy-13647             file_rec=1.0 cov=0 line_R@5 arise=0 ours=1
[234/300] sympy__sympy-24152             file_rec=1.0 cov=0 line_R@5 arise=0 ours=1
[235/300] matplotlib__matplotlib-23987   file_rec=1.0 cov=0 line_R@5 arise=0 ours=0
[236/300] sympy__sympy-17655             file_rec=1.0 cov=0 line_R@5 arise=0 ours=0
<unknown>:23: SyntaxWarning: "\S" is an invalid escape sequence. Such sequences will not work in the future. Did you mean "\\S"? A raw string is also an option.
<unknown>:22: SyntaxWarning: "\S" is an invalid escape sequence. Such sequences will not work in the future. Did you mean "\\S"? A raw string is also an option.
<unknown>:4: SyntaxWarning: "\m" is an invalid escape sequence. Such sequences will not work in the future. Did you mean "\\m"? A raw string is also an option.
<unknown>:16: SyntaxWarning: "\m" is an invalid escape sequence. Such sequences will not work in the future. Did you mean "\\m"? A raw string is also an option.
<unknown>:47: SyntaxWarning: "\m" is an invalid escape sequence. Such sequences will not work in the future. Did you mean "\\m"? A raw string is also an option.
<unknown>:121: SyntaxWarning: "\s" is an invalid escape sequence. Such sequences will not work in the future. Did you mean "\\s"? A raw string is also an option.
<unknown>:130: SyntaxWarning: "\s" is an invalid escape sequence. Such sequences will not work in the future. Did you mean "\\s"? A raw string is also an option.
<unknown>:290: SyntaxWarning: "\w" is an invalid escape sequence. Such sequences will not work in the future. Did you mean "\\w"? A raw string is also an option.
<unknown>:344: SyntaxWarning: "\*" is an invalid escape sequence. Such sequences will not work in the future. Did you mean "\\*"? A raw string is also an option.
<unknown>:472: SyntaxWarning: "\*" is an invalid escape sequence. Such sequences will not work in the future. Did you mean "\\*"? A raw string is also an option.
<unknown>:490: SyntaxWarning: "\*" is an invalid escape sequence. Such sequences will not work in the future. Did you mean "\\*"? A raw string is also an option.
<unknown>:23: SyntaxWarning: "\S" is an invalid escape sequence. Such sequences will not work in the future. Did you mean "\\S"? A raw string is also an option.
<unknown>:22: SyntaxWarning: "\S" is an invalid escape sequence. Such sequences will not work in the future. Did you mean "\\S"? A raw string is also an option.
<unknown>:4: SyntaxWarning: "\m" is an invalid escape sequence. Such sequences will not work in the future. Did you mean "\\m"? A raw string is also an option.
<unknown>:16: SyntaxWarning: "\m" is an invalid escape sequence. Such sequences will not work in the future. Did you mean "\\m"? A raw string is also an option.
<unknown>:47: SyntaxWarning: "\m" is an invalid escape sequence. Such sequences will not work in the future. Did you mean "\\m"? A raw string is also an option.
<unknown>:121: SyntaxWarning: "\s" is an invalid escape sequence. Such sequences will not work in the future. Did you mean "\\s"? A raw string is also an option.
<unknown>:130: SyntaxWarning: "\s" is an invalid escape sequence. Such sequences will not work in the future. Did you mean "\\s"? A raw string is also an option.
<unknown>:287: SyntaxWarning: "\w" is an invalid escape sequence. Such sequences will not work in the future. Did you mean "\\w"? A raw string is also an option.
<unknown>:341: SyntaxWarning: "\*" is an invalid escape sequence. Such sequences will not work in the future. Did you mean "\\*"? A raw string is also an option.
<unknown>:469: SyntaxWarning: "\*" is an invalid escape sequence. Such sequences will not work in the future. Did you mean "\\*"? A raw string is also an option.
<unknown>:487: SyntaxWarning: "\*" is an invalid escape sequence. Such sequences will not work in the future. Did you mean "\\*"? A raw string is also an option.
[237/300] matplotlib__matplotlib-25433   file_rec=1.0 cov=0 line_R@5 arise=0 ours=0
[238/300] sympy__sympy-11870             file_rec=0.0 cov=0 line_R@5 arise=0 ours=0
[239/300] django__django-16816           file_rec=0.0 cov=0 line_R@5 arise=0 ours=0
<unknown>:7: SyntaxWarning: "\[" is an invalid escape sequence. Such sequences will not work in the future. Did you mean "\\["? A raw string is also an option.
<unknown>:8: SyntaxWarning: "\/" is an invalid escape sequence. Such sequences will not work in the future. Did you mean "\\/"? A raw string is also an option.
<unknown>:9: SyntaxWarning: "\`" is an invalid escape sequence. Such sequences will not work in the future. Did you mean "\\`"? A raw string is also an option.
<unknown>:16: SyntaxWarning: "\o" is an invalid escape sequence. Such sequences will not work in the future. Did you mean "\\o"? A raw string is also an option.
<unknown>:18: SyntaxWarning: "\8" is an invalid escape sequence. Such sequences will not work in the future. Did you mean "\\8"? A raw string is also an option.
<unknown>:31: SyntaxWarning: "\P" is an invalid escape sequence. Such sequences will not work in the future. Did you mean "\\P"? A raw string is also an option.
[240/300] matplotlib__matplotlib-25442   file_rec=1.0 cov=0 line_R@5 arise=1 ours=1
[241/300] django__django-14855           file_rec=1.0 cov=0 line_R@5 arise=1 ours=1
[242/300] sympy__sympy-14774             file_rec=1.0 cov=0 line_R@5 arise=1 ours=1
[243/300] django__django-12470           file_rec=0.0 cov=0 line_R@5 arise=0 ours=0
[244/300] django__django-13315           file_rec=0.0 cov=0 line_R@5 arise=0 ours=0
[245/300] scikit-learn__scikit-learn-25638 file_rec=1.0 cov=0 line_R@5 arise=0 ours=0
[246/300] django__django-14580           file_rec=0.0 cov=0 line_R@5 arise=0 ours=0
[247/300] sympy__sympy-15609             file_rec=1.0 cov=0 line_R@5 arise=0 ours=1
[248/300] django__django-11001           file_rec=1.0 cov=0 line_R@5 arise=1 ours=0
[249/300] matplotlib__matplotlib-23476   file_rec=1.0 cov=0 line_R@5 arise=0 ours=0
[250/300] django__django-15790           file_rec=1.0 cov=0 line_R@5 arise=0 ours=1
<unknown>:425: SyntaxWarning: "\*" is an invalid escape sequence. Such sequences will not work in the future. Did you mean "\\*"? A raw string is also an option.
<unknown>:469: SyntaxWarning: "\l" is an invalid escape sequence. Such sequences will not work in the future. Did you mean "\\l"? A raw string is also an option.
<unknown>:864: SyntaxWarning: "\l" is an invalid escape sequence. Such sequences will not work in the future. Did you mean "\\l"? A raw string is also an option.
<unknown>:1127: SyntaxWarning: "\i" is an invalid escape sequence. Such sequences will not work in the future. Did you mean "\\i"? A raw string is also an option.
<unknown>:1624: SyntaxWarning: "\{" is an invalid escape sequence. Such sequences will not work in the future. Did you mean "\\{"? A raw string is also an option.
<unknown>:2840: SyntaxWarning: "\{" is an invalid escape sequence. Such sequences will not work in the future. Did you mean "\\{"? A raw string is also an option.
<unknown>:3124: SyntaxWarning: "\O" is an invalid escape sequence. Such sequences will not work in the future. Did you mean "\\O"? A raw string is also an option.
<unknown>:124: SyntaxWarning: "\i" is an invalid escape sequence. Such sequences will not work in the future. Did you mean "\\i"? A raw string is also an option.
<unknown>:19: SyntaxWarning: "\m" is an invalid escape sequence. Such sequences will not work in the future. Did you mean "\\m"? A raw string is also an option.
[251/300] django__django-11815           file_rec=1.0 cov=0 line_R@5 arise=0 ours=1
<unknown>:1473: SyntaxWarning: "\*" is an invalid escape sequence. Such sequences will not work in the future. Did you mean "\\*"? A raw string is also an option.
<unknown>:2258: SyntaxWarning: "\*" is an invalid escape sequence. Such sequences will not work in the future. Did you mean "\\*"? A raw string is also an option.
<unknown>:34: SyntaxWarning: "\_" is an invalid escape sequence. Such sequences will not work in the future. Did you mean "\\_"? A raw string is also an option.
<unknown>:1987: SyntaxWarning: "\s" is an invalid escape sequence. Such sequences will not work in the future. Did you mean "\\s"? A raw string is also an option.
[252/300] matplotlib__matplotlib-23314   file_rec=0.0 cov=0 line_R@5 arise=0 ours=0
<unknown>:425: SyntaxWarning: "\," is an invalid escape sequence. Such sequences will not work in the future. Did you mean "\\,"? A raw string is also an option.
<unknown>:453: SyntaxWarning: "\," is an invalid escape sequence. Such sequences will not work in the future. Did you mean "\\,"? A raw string is also an option.
<unknown>:453: SyntaxWarning: "\:" is an invalid escape sequence. Such sequences will not work in the future. Did you mean "\\:"? A raw string is also an option.
<unknown>:453: SyntaxWarning: "\ " is an invalid escape sequence. Such sequences will not work in the future. Did you mean "\\ "? A raw string is also an option.
<unknown>:394: SyntaxWarning: "\9" is an invalid escape sequence. Such sequences will not work in the future. Did you mean "\\9"? A raw string is also an option.
<unknown>:1751: SyntaxWarning: "\e" is an invalid escape sequence. Such sequences will not work in the future. Did you mean "\\e"? A raw string is also an option.
<unknown>:1825: SyntaxWarning: "\e" is an invalid escape sequence. Such sequences will not work in the future. Did you mean "\\e"? A raw string is also an option.
<unknown>:1923: SyntaxWarning: "\p" is an invalid escape sequence. Such sequences will not work in the future. Did you mean "\\p"? A raw string is also an option.
<unknown>:709: SyntaxWarning: "\|" is an invalid escape sequence. Such sequences will not work in the future. Did you mean "\\|"? A raw string is also an option.
<unknown>:1865: SyntaxWarning: "\c" is an invalid escape sequence. Such sequences will not work in the future. Did you mean "\\c"? A raw string is also an option.
<unknown>:723: SyntaxWarning: "\i" is an invalid escape sequence. Such sequences will not work in the future. Did you mean "\\i"? A raw string is also an option.
<unknown>:838: SyntaxWarning: "\i" is an invalid escape sequence. Such sequences will not work in the future. Did you mean "\\i"? A raw string is also an option.
<unknown>:2015: SyntaxWarning: "\i" is an invalid escape sequence. Such sequences will not work in the future. Did you mean "\\i"? A raw string is also an option.
<unknown>:592: SyntaxWarning: "\ " is an invalid escape sequence. Such sequences will not work in the future. Did you mean "\\ "? A raw string is also an option.
<unknown>:699: SyntaxWarning: "\ " is an invalid escape sequence. Such sequences will not work in the future. Did you mean "\\ "? A raw string is also an option.
<unknown>:181: SyntaxWarning: "\ " is an invalid escape sequence. Such sequences will not work in the future. Did you mean "\\ "? A raw string is also an option.
<unknown>:310: SyntaxWarning: "\ " is an invalid escape sequence. Such sequences will not work in the future. Did you mean "\\ "? A raw string is also an option.
<unknown>:1718: SyntaxWarning: "\i" is an invalid escape sequence. Such sequences will not work in the future. Did you mean "\\i"? A raw string is also an option.
<unknown>:323: SyntaxWarning: "\/" is an invalid escape sequence. Such sequences will not work in the future. Did you mean "\\/"? A raw string is also an option.
<unknown>:385: SyntaxWarning: "\/" is an invalid escape sequence. Such sequences will not work in the future. Did you mean "\\/"? A raw string is also an option.
<unknown>:1184: SyntaxWarning: "\*" is an invalid escape sequence. Such sequences will not work in the future. Did you mean "\\*"? A raw string is also an option.
<unknown>:3218: SyntaxWarning: "\m" is an invalid escape sequence. Such sequences will not work in the future. Did you mean "\\m"? A raw string is also an option.
<unknown>:1532: SyntaxWarning: "\p" is an invalid escape sequence. Such sequences will not work in the future. Did you mean "\\p"? A raw string is also an option.
<unknown>:1575: SyntaxWarning: "\l" is an invalid escape sequence. Such sequences will not work in the future. Did you mean "\\l"? A raw string is also an option.
<unknown>:1621: SyntaxWarning: "\s" is an invalid escape sequence. Such sequences will not work in the future. Did you mean "\\s"? A raw string is also an option.
<unknown>:1694: SyntaxWarning: "\p" is an invalid escape sequence. Such sequences will not work in the future. Did you mean "\\p"? A raw string is also an option.
<unknown>:1784: SyntaxWarning: "\s" is an invalid escape sequence. Such sequences will not work in the future. Did you mean "\\s"? A raw string is also an option.
<unknown>:33: SyntaxWarning: "\^" is an invalid escape sequence. Such sequences will not work in the future. Did you mean "\\^"? A raw string is also an option.
<unknown>:47: SyntaxWarning: "\s" is an invalid escape sequence. Such sequences will not work in the future. Did you mean "\\s"? A raw string is also an option.
<unknown>:83: SyntaxWarning: "\l" is an invalid escape sequence. Such sequences will not work in the future. Did you mean "\\l"? A raw string is also an option.
<unknown>:107: SyntaxWarning: "\m" is an invalid escape sequence. Such sequences will not work in the future. Did you mean "\\m"? A raw string is also an option.
<unknown>:135: SyntaxWarning: "\l" is an invalid escape sequence. Such sequences will not work in the future. Did you mean "\\l"? A raw string is also an option.
<unknown>:405: SyntaxWarning: "\d" is an invalid escape sequence. Such sequences will not work in the future. Did you mean "\\d"? A raw string is also an option.
<unknown>:406: SyntaxWarning: "\d" is an invalid escape sequence. Such sequences will not work in the future. Did you mean "\\d"? A raw string is also an option.
<unknown>:407: SyntaxWarning: "\(" is an invalid escape sequence. Such sequences will not work in the future. Did you mean "\\("? A raw string is also an option.
<unknown>:408: SyntaxWarning: "\[" is an invalid escape sequence. Such sequences will not work in the future. Did you mean "\\["? A raw string is also an option.
<unknown>:409: SyntaxWarning: "\(" is an invalid escape sequence. Such sequences will not work in the future. Did you mean "\\("? A raw string is also an option.
<unknown>:410: SyntaxWarning: "\<" is an invalid escape sequence. Such sequences will not work in the future. Did you mean "\\<"? A raw string is also an option.
<unknown>:565: SyntaxWarning: "\_" is an invalid escape sequence. Such sequences will not work in the future. Did you mean "\\_"? A raw string is also an option.
<unknown>:584: SyntaxWarning: "\_" is an invalid escape sequence. Such sequences will not work in the future. Did you mean "\\_"? A raw string is also an option.
<unknown>:794: SyntaxWarning: "\_" is an invalid escape sequence. Such sequences will not work in the future. Did you mean "\\_"? A raw string is also an option.
<unknown>:849: SyntaxWarning: "\_" is an invalid escape sequence. Such sequences will not work in the future. Did you mean "\\_"? A raw string is also an option.
<unknown>:1082: SyntaxWarning: "\_" is an invalid escape sequence. Such sequences will not work in the future. Did you mean "\\_"? A raw string is also an option.
<unknown>:1266: SyntaxWarning: "\_" is an invalid escape sequence. Such sequences will not work in the future. Did you mean "\\_"? A raw string is also an option.
<unknown>:1526: SyntaxWarning: "\_" is an invalid escape sequence. Such sequences will not work in the future. Did you mean "\\_"? A raw string is also an option.
<unknown>:1663: SyntaxWarning: "\_" is an invalid escape sequence. Such sequences will not work in the future. Did you mean "\\_"? A raw string is also an option.
<unknown>:664: SyntaxWarning: "\o" is an invalid escape sequence. Such sequences will not work in the future. Did you mean "\\o"? A raw string is also an option.
<unknown>:680: SyntaxWarning: "\s" is an invalid escape sequence. Such sequences will not work in the future. Did you mean "\\s"? A raw string is also an option.
<unknown>:1396: SyntaxWarning: "\d" is an invalid escape sequence. Such sequences will not work in the future. Did you mean "\\d"? A raw string is also an option.
<unknown>:1426: SyntaxWarning: "\c" is an invalid escape sequence. Such sequences will not work in the future. Did you mean "\\c"? A raw string is also an option.
<unknown>:1605: SyntaxWarning: "\l" is an invalid escape sequence. Such sequences will not work in the future. Did you mean "\\l"? A raw string is also an option.
<unknown>:1609: SyntaxWarning: "\l" is an invalid escape sequence. Such sequences will not work in the future. Did you mean "\\l"? A raw string is also an option.
<unknown>:1698: SyntaxWarning: "\l" is an invalid escape sequence. Such sequences will not work in the future. Did you mean "\\l"? A raw string is also an option.
<unknown>:684: SyntaxWarning: "\ " is an invalid escape sequence. Such sequences will not work in the future. Did you mean "\\ "? A raw string is also an option.
<unknown>:31: SyntaxWarning: "\e" is an invalid escape sequence. Such sequences will not work in the future. Did you mean "\\e"? A raw string is also an option.
<unknown>:192: SyntaxWarning: "\s" is an invalid escape sequence. Such sequences will not work in the future. Did you mean "\\s"? A raw string is also an option.
<unknown>:200: SyntaxWarning: "\s" is an invalid escape sequence. Such sequences will not work in the future. Did you mean "\\s"? A raw string is also an option.
<unknown>:329: SyntaxWarning: "\*" is an invalid escape sequence. Such sequences will not work in the future. Did you mean "\\*"? A raw string is also an option.
<unknown>:299: SyntaxWarning: "\l" is an invalid escape sequence. Such sequences will not work in the future. Did you mean "\\l"? A raw string is also an option.
<unknown>:921: SyntaxWarning: "\*" is an invalid escape sequence. Such sequences will not work in the future. Did you mean "\\*"? A raw string is also an option.
<unknown>:182: SyntaxWarning: "\ " is an invalid escape sequence. Such sequences will not work in the future. Did you mean "\\ "? A raw string is also an option.
<unknown>:1659: SyntaxWarning: "\{" is an invalid escape sequence. Such sequences will not work in the future. Did you mean "\\{"? A raw string is also an option.
[253/300] django__django-14534           file_rec=1.0 cov=0 line_R@5 arise=0 ours=1
<unknown>:671: SyntaxWarning: "\/" is an invalid escape sequence. Such sequences will not work in the future. Did you mean "\\/"? A raw string is also an option.
<unknown>:119: SyntaxWarning: "\e" is an invalid escape sequence. Such sequences will not work in the future. Did you mean "\\e"? A raw string is also an option.
<unknown>:1405: SyntaxWarning: "\g" is an invalid escape sequence. Such sequences will not work in the future. Did you mean "\\g"? A raw string is also an option.
<unknown>:1470: SyntaxWarning: "\s" is an invalid escape sequence. Such sequences will not work in the future. Did you mean "\\s"? A raw string is also an option.
<unknown>:1533: SyntaxWarning: "\s" is an invalid escape sequence. Such sequences will not work in the future. Did you mean "\\s"? A raw string is also an option.
<unknown>:1654: SyntaxWarning: "\s" is an invalid escape sequence. Such sequences will not work in the future. Did you mean "\\s"? A raw string is also an option.
<unknown>:2391: SyntaxWarning: "\ " is an invalid escape sequence. Such sequences will not work in the future. Did you mean "\\ "? A raw string is also an option.
<unknown>:2555: SyntaxWarning: "\e" is an invalid escape sequence. Such sequences will not work in the future. Did you mean "\\e"? A raw string is also an option.
<unknown>:2597: SyntaxWarning: "\e" is an invalid escape sequence. Such sequences will not work in the future. Did you mean "\\e"? A raw string is also an option.
<unknown>:2607: SyntaxWarning: "\c" is an invalid escape sequence. Such sequences will not work in the future. Did you mean "\\c"? A raw string is also an option.
<unknown>:2617: SyntaxWarning: "\g" is an invalid escape sequence. Such sequences will not work in the future. Did you mean "\\g"? A raw string is also an option.
<unknown>:2758: SyntaxWarning: "\i" is an invalid escape sequence. Such sequences will not work in the future. Did you mean "\\i"? A raw string is also an option.
<unknown>:2972: SyntaxWarning: "\g" is an invalid escape sequence. Such sequences will not work in the future. Did you mean "\\g"? A raw string is also an option.
<unknown>:3052: SyntaxWarning: "\g" is an invalid escape sequence. Such sequences will not work in the future. Did you mean "\\g"? A raw string is also an option.
[254/300] django__django-11964           file_rec=0.0 cov=0 line_R@5 arise=0 ours=0
<unknown>:24: SyntaxWarning: "\l" is an invalid escape sequence. Such sequences will not work in the future. Did you mean "\\l"? A raw string is also an option.
<unknown>:73: SyntaxWarning: "\o" is an invalid escape sequence. Such sequences will not work in the future. Did you mean "\\o"? A raw string is also an option.
<unknown>:351: SyntaxWarning: "\o" is an invalid escape sequence. Such sequences will not work in the future. Did you mean "\\o"? A raw string is also an option.
<unknown>:462: SyntaxWarning: "\o" is an invalid escape sequence. Such sequences will not work in the future. Did you mean "\\o"? A raw string is also an option.
<unknown>:666: SyntaxWarning: "\o" is an invalid escape sequence. Such sequences will not work in the future. Did you mean "\\o"? A raw string is also an option.
<unknown>:565: SyntaxWarning: "\ " is an invalid escape sequence. Such sequences will not work in the future. Did you mean "\\ "? A raw string is also an option.
<unknown>:62: SyntaxWarning: "\_" is an invalid escape sequence. Such sequences will not work in the future. Did you mean "\\_"? A raw string is also an option.
<unknown>:808: SyntaxWarning: "\_" is an invalid escape sequence. Such sequences will not work in the future. Did you mean "\\_"? A raw string is also an option.
<unknown>:12: SyntaxWarning: "\s" is an invalid escape sequence. Such sequences will not work in the future. Did you mean "\\s"? A raw string is also an option.
<unknown>:499: SyntaxWarning: "\/" is an invalid escape sequence. Such sequences will not work in the future. Did you mean "\\/"? A raw string is also an option.
<unknown>:11: SyntaxWarning: "\_" is an invalid escape sequence. Such sequences will not work in the future. Did you mean "\\_"? A raw string is also an option.
<unknown>:47: SyntaxWarning: "\ " is an invalid escape sequence. Such sequences will not work in the future. Did you mean "\\ "? A raw string is also an option.
<unknown>:531: SyntaxWarning: "\*" is an invalid escape sequence. Such sequences will not work in the future. Did you mean "\\*"? A raw string is also an option.
<unknown>:1318: SyntaxWarning: "\*" is an invalid escape sequence. Such sequences will not work in the future. Did you mean "\\*"? A raw string is also an option.
<unknown>:1564: SyntaxWarning: "\d" is an invalid escape sequence. Such sequences will not work in the future. Did you mean "\\d"? A raw string is also an option.
<unknown>:1772: SyntaxWarning: "\s" is an invalid escape sequence. Such sequences will not work in the future. Did you mean "\\s"? A raw string is also an option.
<unknown>:1776: SyntaxWarning: "\s" is an invalid escape sequence. Such sequences will not work in the future. Did you mean "\\s"? A raw string is also an option.
<unknown>:260: SyntaxWarning: "\m" is an invalid escape sequence. Such sequences will not work in the future. Did you mean "\\m"? A raw string is also an option.
<unknown>:453: SyntaxWarning: "\m" is an invalid escape sequence. Such sequences will not work in the future. Did you mean "\\m"? A raw string is also an option.
[255/300] pylint-dev__pylint-7993        file_rec=1.0 cov=0 line_R@5 arise=0 ours=1
[256/300] django__django-15789           file_rec=1.0 cov=0 line_R@5 arise=1 ours=1
<unknown>:8: SyntaxWarning: "\[" is an invalid escape sequence. Such sequences will not work in the future. Did you mean "\\["? A raw string is also an option.
<unknown>:9: SyntaxWarning: "\/" is an invalid escape sequence. Such sequences will not work in the future. Did you mean "\\/"? A raw string is also an option.
<unknown>:10: SyntaxWarning: "\`" is an invalid escape sequence. Such sequences will not work in the future. Did you mean "\\`"? A raw string is also an option.
<unknown>:17: SyntaxWarning: "\o" is an invalid escape sequence. Such sequences will not work in the future. Did you mean "\\o"? A raw string is also an option.
<unknown>:19: SyntaxWarning: "\8" is an invalid escape sequence. Such sequences will not work in the future. Did you mean "\\8"? A raw string is also an option.
<unknown>:32: SyntaxWarning: "\P" is an invalid escape sequence. Such sequences will not work in the future. Did you mean "\\P"? A raw string is also an option.
<unknown>:490: SyntaxWarning: "\%" is an invalid escape sequence. Such sequences will not work in the future. Did you mean "\\%"? A raw string is also an option.
<unknown>:1629: SyntaxWarning: "\ " is an invalid escape sequence. Such sequences will not work in the future. Did you mean "\\ "? A raw string is also an option.
<unknown>:576: SyntaxWarning: "\_" is an invalid escape sequence. Such sequences will not work in the future. Did you mean "\\_"? A raw string is also an option.
<unknown>:859: SyntaxWarning: "\:" is an invalid escape sequence. Such sequences will not work in the future. Did you mean "\\:"? A raw string is also an option.
<unknown>:861: SyntaxWarning: "\:" is an invalid escape sequence. Such sequences will not work in the future. Did you mean "\\:"? A raw string is also an option.
<unknown>:948: SyntaxWarning: "\," is an invalid escape sequence. Such sequences will not work in the future. Did you mean "\\,"? A raw string is also an option.
<unknown>:952: SyntaxWarning: "\," is an invalid escape sequence. Such sequences will not work in the future. Did you mean "\\,"? A raw string is also an option.
<unknown>:1215: SyntaxWarning: "\m" is an invalid escape sequence. Such sequences will not work in the future. Did you mean "\\m"? A raw string is also an option.
<unknown>:1218: SyntaxWarning: "\e" is an invalid escape sequence. Such sequences will not work in the future. Did you mean "\\e"? A raw string is also an option.
<unknown>:742: SyntaxWarning: "\ " is an invalid escape sequence. Such sequences will not work in the future. Did you mean "\\ "? A raw string is also an option.
<unknown>:1472: SyntaxWarning: "\k" is an invalid escape sequence. Such sequences will not work in the future. Did you mean "\\k"? A raw string is also an option.
<unknown>:1489: SyntaxWarning: "\ " is an invalid escape sequence. Such sequences will not work in the future. Did you mean "\\ "? A raw string is also an option.
<unknown>:1507: SyntaxWarning: "\k" is an invalid escape sequence. Such sequences will not work in the future. Did you mean "\\k"? A raw string is also an option.
<unknown>:1752: SyntaxWarning: "\y" is an invalid escape sequence. Such sequences will not work in the future. Did you mean "\\y"? A raw string is also an option.
<unknown>:1768: SyntaxWarning: "\y" is an invalid escape sequence. Such sequences will not work in the future. Did you mean "\\y"? A raw string is also an option.
<unknown>:1826: SyntaxWarning: "\/" is an invalid escape sequence. Such sequences will not work in the future. Did you mean "\\/"? A raw string is also an option.
<unknown>:1837: SyntaxWarning: "\/" is an invalid escape sequence. Such sequences will not work in the future. Did you mean "\\/"? A raw string is also an option.
<unknown>:1851: SyntaxWarning: "\/" is an invalid escape sequence. Such sequences will not work in the future. Did you mean "\\/"? A raw string is also an option.
<unknown>:1866: SyntaxWarning: "\/" is an invalid escape sequence. Such sequences will not work in the future. Did you mean "\\/"? A raw string is also an option.
<unknown>:1882: SyntaxWarning: "\/" is an invalid escape sequence. Such sequences will not work in the future. Did you mean "\\/"? A raw string is also an option.
<unknown>:1896: SyntaxWarning: "\/" is an invalid escape sequence. Such sequences will not work in the future. Did you mean "\\/"? A raw string is also an option.
<unknown>:1910: SyntaxWarning: "\/" is an invalid escape sequence. Such sequences will not work in the future. Did you mean "\\/"? A raw string is also an option.
<unknown>:1926: SyntaxWarning: "\/" is an invalid escape sequence. Such sequences will not work in the future. Did you mean "\\/"? A raw string is also an option.
<unknown>:2013: SyntaxWarning: "\9" is an invalid escape sequence. Such sequences will not work in the future. Did you mean "\\9"? A raw string is also an option.
<unknown>:2041: SyntaxWarning: "\9" is an invalid escape sequence. Such sequences will not work in the future. Did you mean "\\9"? A raw string is also an option.
<unknown>:2278: SyntaxWarning: "\l" is an invalid escape sequence. Such sequences will not work in the future. Did you mean "\\l"? A raw string is also an option.
<unknown>:2487: SyntaxWarning: "\ " is an invalid escape sequence. Such sequences will not work in the future. Did you mean "\\ "? A raw string is also an option.
<unknown>:2884: SyntaxWarning: "\[" is an invalid escape sequence. Such sequences will not work in the future. Did you mean "\\["? A raw string is also an option.
<unknown>:2894: SyntaxWarning: "\ " is an invalid escape sequence. Such sequences will not work in the future. Did you mean "\\ "? A raw string is also an option.
<unknown>:2954: SyntaxWarning: "\ " is an invalid escape sequence. Such sequences will not work in the future. Did you mean "\\ "? A raw string is also an option.
<unknown>:2991: SyntaxWarning: "\ " is an invalid escape sequence. Such sequences will not work in the future. Did you mean "\\ "? A raw string is also an option.
<unknown>:3020: SyntaxWarning: "\ " is an invalid escape sequence. Such sequences will not work in the future. Did you mean "\\ "? A raw string is also an option.
<unknown>:3068: SyntaxWarning: "\ " is an invalid escape sequence. Such sequences will not work in the future. Did you mean "\\ "? A raw string is also an option.
<unknown>:3097: SyntaxWarning: "\ " is an invalid escape sequence. Such sequences will not work in the future. Did you mean "\\ "? A raw string is also an option.
<unknown>:3129: SyntaxWarning: "\ " is an invalid escape sequence. Such sequences will not work in the future. Did you mean "\\ "? A raw string is also an option.
<unknown>:3154: SyntaxWarning: "\ " is an invalid escape sequence. Such sequences will not work in the future. Did you mean "\\ "? A raw string is also an option.
<unknown>:3615: SyntaxWarning: "\ " is an invalid escape sequence. Such sequences will not work in the future. Did you mean "\\ "? A raw string is also an option.
<unknown>:4185: SyntaxWarning: "\ " is an invalid escape sequence. Such sequences will not work in the future. Did you mean "\\ "? A raw string is also an option.
<unknown>:4235: SyntaxWarning: "\ " is an invalid escape sequence. Such sequences will not work in the future. Did you mean "\\ "? A raw string is also an option.
<unknown>:4828: SyntaxWarning: "\_" is an invalid escape sequence. Such sequences will not work in the future. Did you mean "\\_"? A raw string is also an option.
<unknown>:4847: SyntaxWarning: "\_" is an invalid escape sequence. Such sequences will not work in the future. Did you mean "\\_"? A raw string is also an option.
<unknown>:4863: SyntaxWarning: "\_" is an invalid escape sequence. Such sequences will not work in the future. Did you mean "\\_"? A raw string is also an option.
<unknown>:4892: SyntaxWarning: "\_" is an invalid escape sequence. Such sequences will not work in the future. Did you mean "\\_"? A raw string is also an option.
<unknown>:4927: SyntaxWarning: "\_" is an invalid escape sequence. Such sequences will not work in the future. Did you mean "\\_"? A raw string is also an option.
<unknown>:5059: SyntaxWarning: "\z" is an invalid escape sequence. Such sequences will not work in the future. Did you mean "\\z"? A raw string is also an option.
<unknown>:5075: SyntaxWarning: "\ " is an invalid escape sequence. Such sequences will not work in the future. Did you mean "\\ "? A raw string is also an option.
<unknown>:5091: SyntaxWarning: "\z" is an invalid escape sequence. Such sequences will not work in the future. Did you mean "\\z"? A raw string is also an option.
<unknown>:5107: SyntaxWarning: "\ " is an invalid escape sequence. Such sequences will not work in the future. Did you mean "\\ "? A raw string is also an option.
<unknown>:5123: SyntaxWarning: "\ " is an invalid escape sequence. Such sequences will not work in the future. Did you mean "\\ "? A raw string is also an option.
<unknown>:5139: SyntaxWarning: "\ " is an invalid escape sequence. Such sequences will not work in the future. Did you mean "\\ "? A raw string is also an option.
<unknown>:5188: SyntaxWarning: "\ " is an invalid escape sequence. Such sequences will not work in the future. Did you mean "\\ "? A raw string is also an option.
<unknown>:5271: SyntaxWarning: "\/" is an invalid escape sequence. Such sequences will not work in the future. Did you mean "\\/"? A raw string is also an option.
<unknown>:5556: SyntaxWarning: "\ " is an invalid escape sequence. Such sequences will not work in the future. Did you mean "\\ "? A raw string is also an option.
<unknown>:5557: SyntaxWarning: "\ " is an invalid escape sequence. Such sequences will not work in the future. Did you mean "\\ "? A raw string is also an option.
<unknown>:5558: SyntaxWarning: "\ " is an invalid escape sequence. Such sequences will not work in the future. Did you mean "\\ "? A raw string is also an option.
<unknown>:5559: SyntaxWarning: "\ " is an invalid escape sequence. Such sequences will not work in the future. Did you mean "\\ "? A raw string is also an option.
<unknown>:5685: SyntaxWarning: "\ " is an invalid escape sequence. Such sequences will not work in the future. Did you mean "\\ "? A raw string is also an option.
<unknown>:5689: SyntaxWarning: "\ " is an invalid escape sequence. Such sequences will not work in the future. Did you mean "\\ "? A raw string is also an option.
<unknown>:423: SyntaxWarning: "\l" is an invalid escape sequence. Such sequences will not work in the future. Did you mean "\\l"? A raw string is also an option.
<unknown>:207: SyntaxWarning: "\i" is an invalid escape sequence. Such sequences will not work in the future. Did you mean "\\i"? A raw string is also an option.
<unknown>:388: SyntaxWarning: "\l" is an invalid escape sequence. Such sequences will not work in the future. Did you mean "\\l"? A raw string is also an option.
<unknown>:24: SyntaxWarning: "\ " is an invalid escape sequence. Such sequences will not work in the future. Did you mean "\\ "? A raw string is also an option.
<unknown>:121: SyntaxWarning: "\ " is an invalid escape sequence. Such sequences will not work in the future. Did you mean "\\ "? A raw string is also an option.
<unknown>:159: SyntaxWarning: "\l" is an invalid escape sequence. Such sequences will not work in the future. Did you mean "\\l"? A raw string is also an option.
[257/300] scikit-learn__scikit-learn-25570 file_rec=0.0 cov=0 line_R@5 arise=0 ours=0
<unknown>:694: SyntaxWarning: "\g" is an invalid escape sequence. Such sequences will not work in the future. Did you mean "\\g"? A raw string is also an option.
<unknown>:938: SyntaxWarning: "\p" is an invalid escape sequence. Such sequences will not work in the future. Did you mean "\\p"? A raw string is also an option.
<unknown>:539: SyntaxWarning: "\d" is an invalid escape sequence. Such sequences will not work in the future. Did you mean "\\d"? A raw string is also an option.
<unknown>:812: SyntaxWarning: "\d" is an invalid escape sequence. Such sequences will not work in the future. Did you mean "\\d"? A raw string is also an option.
<unknown>:870: SyntaxWarning: "\L" is an invalid escape sequence. Such sequences will not work in the future. Did you mean "\\L"? A raw string is also an option.
<unknown>:35: SyntaxWarning: "\s" is an invalid escape sequence. Such sequences will not work in the future. Did you mean "\\s"? A raw string is also an option.
<unknown>:458: SyntaxWarning: "\l" is an invalid escape sequence. Such sequences will not work in the future. Did you mean "\\l"? A raw string is also an option.
<unknown>:480: SyntaxWarning: "\l" is an invalid escape sequence. Such sequences will not work in the future. Did you mean "\\l"? A raw string is also an option.
<unknown>:574: SyntaxWarning: "\l" is an invalid escape sequence. Such sequences will not work in the future. Did you mean "\\l"? A raw string is also an option.
<unknown>:755: SyntaxWarning: "\e" is an invalid escape sequence. Such sequences will not work in the future. Did you mean "\\e"? A raw string is also an option.
<unknown>:2433: SyntaxWarning: "\s" is an invalid escape sequence. Such sequences will not work in the future. Did you mean "\\s"? A raw string is also an option.
<unknown>:228: SyntaxWarning: "\d" is an invalid escape sequence. Such sequences will not work in the future. Did you mean "\\d"? A raw string is also an option.
<unknown>:229: SyntaxWarning: "\d" is an invalid escape sequence. Such sequences will not work in the future. Did you mean "\\d"? A raw string is also an option.
<unknown>:5: SyntaxWarning: "\i" is an invalid escape sequence. Such sequences will not work in the future. Did you mean "\\i"? A raw string is also an option.
<unknown>:28: SyntaxWarning: "\s" is an invalid escape sequence. Such sequences will not work in the future. Did you mean "\\s"? A raw string is also an option.
<unknown>:304: SyntaxWarning: "\," is an invalid escape sequence. Such sequences will not work in the future. Did you mean "\\,"? A raw string is also an option.
<unknown>:23: SyntaxWarning: "\S" is an invalid escape sequence. Such sequences will not work in the future. Did you mean "\\S"? A raw string is also an option.
<unknown>:22: SyntaxWarning: "\S" is an invalid escape sequence. Such sequences will not work in the future. Did you mean "\\S"? A raw string is also an option.
<unknown>:4: SyntaxWarning: "\m" is an invalid escape sequence. Such sequences will not work in the future. Did you mean "\\m"? A raw string is also an option.
<unknown>:16: SyntaxWarning: "\m" is an invalid escape sequence. Such sequences will not work in the future. Did you mean "\\m"? A raw string is also an option.
<unknown>:47: SyntaxWarning: "\m" is an invalid escape sequence. Such sequences will not work in the future. Did you mean "\\m"? A raw string is also an option.
<unknown>:121: SyntaxWarning: "\s" is an invalid escape sequence. Such sequences will not work in the future. Did you mean "\\s"? A raw string is also an option.
<unknown>:130: SyntaxWarning: "\s" is an invalid escape sequence. Such sequences will not work in the future. Did you mean "\\s"? A raw string is also an option.
<unknown>:287: SyntaxWarning: "\w" is an invalid escape sequence. Such sequences will not work in the future. Did you mean "\\w"? A raw string is also an option.
<unknown>:341: SyntaxWarning: "\*" is an invalid escape sequence. Such sequences will not work in the future. Did you mean "\\*"? A raw string is also an option.
<unknown>:469: SyntaxWarning: "\*" is an invalid escape sequence. Such sequences will not work in the future. Did you mean "\\*"? A raw string is also an option.
<unknown>:487: SyntaxWarning: "\*" is an invalid escape sequence. Such sequences will not work in the future. Did you mean "\\*"? A raw string is also an option.
[258/300] sympy__sympy-15346             file_rec=1.0 cov=0 line_R@5 arise=0 ours=0
[259/300] pytest-dev__pytest-5221        file_rec=1.0 cov=0 line_R@5 arise=0 ours=1
[260/300] django__django-16595           file_rec=1.0 cov=0 line_R@5 arise=1 ours=1
[261/300] astropy__astropy-12907         file_rec=1.0 cov=0 line_R@5 arise=0 ours=0
[262/300] pytest-dev__pytest-8365        file_rec=1.0 cov=0 line_R@5 arise=1 ours=1
[263/300] sphinx-doc__sphinx-8801        file_rec=0.0 cov=0 line_R@5 arise=0 ours=0
[264/300] sympy__sympy-12171             file_rec=1.0 cov=0 line_R@5 arise=0 ours=0
[265/300] matplotlib__matplotlib-24334   file_rec=1.0 cov=0 line_R@5 arise=0 ours=0
<unknown>:23: SyntaxWarning: "\S" is an invalid escape sequence. Such sequences will not work in the future. Did you mean "\\S"? A raw string is also an option.
<unknown>:22: SyntaxWarning: "\S" is an invalid escape sequence. Such sequences will not work in the future. Did you mean "\\S"? A raw string is also an option.
<unknown>:4: SyntaxWarning: "\m" is an invalid escape sequence. Such sequences will not work in the future. Did you mean "\\m"? A raw string is also an option.
<unknown>:16: SyntaxWarning: "\m" is an invalid escape sequence. Such sequences will not work in the future. Did you mean "\\m"? A raw string is also an option.
<unknown>:47: SyntaxWarning: "\m" is an invalid escape sequence. Such sequences will not work in the future. Did you mean "\\m"? A raw string is also an option.
<unknown>:121: SyntaxWarning: "\s" is an invalid escape sequence. Such sequences will not work in the future. Did you mean "\\s"? A raw string is also an option.
<unknown>:130: SyntaxWarning: "\s" is an invalid escape sequence. Such sequences will not work in the future. Did you mean "\\s"? A raw string is also an option.
<unknown>:287: SyntaxWarning: "\w" is an invalid escape sequence. Such sequences will not work in the future. Did you mean "\\w"? A raw string is also an option.
<unknown>:341: SyntaxWarning: "\*" is an invalid escape sequence. Such sequences will not work in the future. Did you mean "\\*"? A raw string is also an option.
<unknown>:469: SyntaxWarning: "\*" is an invalid escape sequence. Such sequences will not work in the future. Did you mean "\\*"? A raw string is also an option.
<unknown>:487: SyntaxWarning: "\*" is an invalid escape sequence. Such sequences will not work in the future. Did you mean "\\*"? A raw string is also an option.
<unknown>:289: SyntaxWarning: "\w" is an invalid escape sequence. Such sequences will not work in the future. Did you mean "\\w"? A raw string is also an option.
<unknown>:343: SyntaxWarning: "\*" is an invalid escape sequence. Such sequences will not work in the future. Did you mean "\\*"? A raw string is also an option.
<unknown>:468: SyntaxWarning: "\*" is an invalid escape sequence. Such sequences will not work in the future. Did you mean "\\*"? A raw string is also an option.
<unknown>:486: SyntaxWarning: "\*" is an invalid escape sequence. Such sequences will not work in the future. Did you mean "\\*"? A raw string is also an option.
[266/300] sympy__sympy-13915             file_rec=0.0 cov=0 line_R@5 arise=0 ours=0
[267/300] pydata__xarray-4248            file_rec=0.0 cov=0 line_R@5 arise=0 ours=0
<unknown>:99: SyntaxWarning: "\s" is an invalid escape sequence. Such sequences will not work in the future. Did you mean "\\s"? A raw string is also an option.
[268/300] django__django-14672           file_rec=1.0 cov=0 line_R@5 arise=0 ours=1
[269/300] django__django-13710           file_rec=1.0 cov=0 line_R@5 arise=1 ours=0
[270/300] pylint-dev__pylint-5859        file_rec=1.0 cov=0 line_R@5 arise=0 ours=1
[271/300] django__django-10924           file_rec=1.0 cov=0 line_R@5 arise=0 ours=1
[272/300] matplotlib__matplotlib-23913   file_rec=1.0 cov=0 line_R@5 arise=0 ours=1
[273/300] pytest-dev__pytest-5103        file_rec=1.0 cov=0 line_R@5 arise=0 ours=0
<unknown>:61: SyntaxWarning: "\*" is an invalid escape sequence. Such sequences will not work in the future. Did you mean "\\*"? A raw string is also an option.
<unknown>:72: SyntaxWarning: "\*" is an invalid escape sequence. Such sequences will not work in the future. Did you mean "\\*"? A raw string is also an option.
<unknown>:83: SyntaxWarning: "\*" is an invalid escape sequence. Such sequences will not work in the future. Did you mean "\\*"? A raw string is also an option.
<unknown>:95: SyntaxWarning: "\*" is an invalid escape sequence. Such sequences will not work in the future. Did you mean "\\*"? A raw string is also an option.
<unknown>:106: SyntaxWarning: "\*" is an invalid escape sequence. Such sequences will not work in the future. Did you mean "\\*"? A raw string is also an option.
<unknown>:117: SyntaxWarning: "\*" is an invalid escape sequence. Such sequences will not work in the future. Did you mean "\\*"? A raw string is also an option.
<unknown>:127: SyntaxWarning: "\*" is an invalid escape sequence. Such sequences will not work in the future. Did you mean "\\*"? A raw string is also an option.
<unknown>:268: SyntaxWarning: "\s" is an invalid escape sequence. Such sequences will not work in the future. Did you mean "\\s"? A raw string is also an option.
<unknown>:250: SyntaxWarning: "\*" is an invalid escape sequence. Such sequences will not work in the future. Did you mean "\\*"? A raw string is also an option.
<unknown>:260: SyntaxWarning: "\*" is an invalid escape sequence. Such sequences will not work in the future. Did you mean "\\*"? A raw string is also an option.
<unknown>:270: SyntaxWarning: "\*" is an invalid escape sequence. Such sequences will not work in the future. Did you mean "\\*"? A raw string is also an option.
<unknown>:281: SyntaxWarning: "\*" is an invalid escape sequence. Such sequences will not work in the future. Did you mean "\\*"? A raw string is also an option.
<unknown>:291: SyntaxWarning: "\*" is an invalid escape sequence. Such sequences will not work in the future. Did you mean "\\*"? A raw string is also an option.
<unknown>:301: SyntaxWarning: "\*" is an invalid escape sequence. Such sequences will not work in the future. Did you mean "\\*"? A raw string is also an option.
<unknown>:310: SyntaxWarning: "\*" is an invalid escape sequence. Such sequences will not work in the future. Did you mean "\\*"? A raw string is also an option.
<unknown>:390: SyntaxWarning: "\*" is an invalid escape sequence. Such sequences will not work in the future. Did you mean "\\*"? A raw string is also an option.
<unknown>:556: SyntaxWarning: "\*" is an invalid escape sequence. Such sequences will not work in the future. Did you mean "\\*"? A raw string is also an option.
<unknown>:36: SyntaxWarning: "\*" is an invalid escape sequence. Such sequences will not work in the future. Did you mean "\\*"? A raw string is also an option.
<unknown>:23: SyntaxWarning: "\S" is an invalid escape sequence. Such sequences will not work in the future. Did you mean "\\S"? A raw string is also an option.
<unknown>:22: SyntaxWarning: "\S" is an invalid escape sequence. Such sequences will not work in the future. Did you mean "\\S"? A raw string is also an option.
<unknown>:4: SyntaxWarning: "\m" is an invalid escape sequence. Such sequences will not work in the future. Did you mean "\\m"? A raw string is also an option.
<unknown>:16: SyntaxWarning: "\m" is an invalid escape sequence. Such sequences will not work in the future. Did you mean "\\m"? A raw string is also an option.
<unknown>:47: SyntaxWarning: "\m" is an invalid escape sequence. Such sequences will not work in the future. Did you mean "\\m"? A raw string is also an option.
<unknown>:121: SyntaxWarning: "\s" is an invalid escape sequence. Such sequences will not work in the future. Did you mean "\\s"? A raw string is also an option.
<unknown>:130: SyntaxWarning: "\s" is an invalid escape sequence. Such sequences will not work in the future. Did you mean "\\s"? A raw string is also an option.
<unknown>:292: SyntaxWarning: "\w" is an invalid escape sequence. Such sequences will not work in the future. Did you mean "\\w"? A raw string is also an option.
<unknown>:346: SyntaxWarning: "\*" is an invalid escape sequence. Such sequences will not work in the future. Did you mean "\\*"? A raw string is also an option.
<unknown>:474: SyntaxWarning: "\*" is an invalid escape sequence. Such sequences will not work in the future. Did you mean "\\*"? A raw string is also an option.
<unknown>:492: SyntaxWarning: "\*" is an invalid escape sequence. Such sequences will not work in the future. Did you mean "\\*"? A raw string is also an option.
[274/300] mwaskom__seaborn-3010          file_rec=1.0 cov=0 line_R@5 arise=1 ours=1
<unknown>:23: SyntaxWarning: "\S" is an invalid escape sequence. Such sequences will not work in the future. Did you mean "\\S"? A raw string is also an option.
<unknown>:22: SyntaxWarning: "\S" is an invalid escape sequence. Such sequences will not work in the future. Did you mean "\\S"? A raw string is also an option.
<unknown>:4: SyntaxWarning: "\m" is an invalid escape sequence. Such sequences will not work in the future. Did you mean "\\m"? A raw string is also an option.
<unknown>:16: SyntaxWarning: "\m" is an invalid escape sequence. Such sequences will not work in the future. Did you mean "\\m"? A raw string is also an option.
<unknown>:47: SyntaxWarning: "\m" is an invalid escape sequence. Such sequences will not work in the future. Did you mean "\\m"? A raw string is also an option.
<unknown>:121: SyntaxWarning: "\s" is an invalid escape sequence. Such sequences will not work in the future. Did you mean "\\s"? A raw string is also an option.
<unknown>:130: SyntaxWarning: "\s" is an invalid escape sequence. Such sequences will not work in the future. Did you mean "\\s"? A raw string is also an option.
<unknown>:290: SyntaxWarning: "\w" is an invalid escape sequence. Such sequences will not work in the future. Did you mean "\\w"? A raw string is also an option.
<unknown>:344: SyntaxWarning: "\*" is an invalid escape sequence. Such sequences will not work in the future. Did you mean "\\*"? A raw string is also an option.
<unknown>:472: SyntaxWarning: "\*" is an invalid escape sequence. Such sequences will not work in the future. Did you mean "\\*"? A raw string is also an option.
<unknown>:490: SyntaxWarning: "\*" is an invalid escape sequence. Such sequences will not work in the future. Did you mean "\\*"? A raw string is also an option.
[275/300] pytest-dev__pytest-9359        file_rec=0.0 cov=0 line_R@5 arise=0 ours=0
<unknown>:23: SyntaxWarning: "\S" is an invalid escape sequence. Such sequences will not work in the future. Did you mean "\\S"? A raw string is also an option.
<unknown>:22: SyntaxWarning: "\S" is an invalid escape sequence. Such sequences will not work in the future. Did you mean "\\S"? A raw string is also an option.
<unknown>:4: SyntaxWarning: "\m" is an invalid escape sequence. Such sequences will not work in the future. Did you mean "\\m"? A raw string is also an option.
<unknown>:16: SyntaxWarning: "\m" is an invalid escape sequence. Such sequences will not work in the future. Did you mean "\\m"? A raw string is also an option.
<unknown>:47: SyntaxWarning: "\m" is an invalid escape sequence. Such sequences will not work in the future. Did you mean "\\m"? A raw string is also an option.
<unknown>:121: SyntaxWarning: "\s" is an invalid escape sequence. Such sequences will not work in the future. Did you mean "\\s"? A raw string is also an option.
<unknown>:130: SyntaxWarning: "\s" is an invalid escape sequence. Such sequences will not work in the future. Did you mean "\\s"? A raw string is also an option.
<unknown>:287: SyntaxWarning: "\w" is an invalid escape sequence. Such sequences will not work in the future. Did you mean "\\w"? A raw string is also an option.
<unknown>:341: SyntaxWarning: "\*" is an invalid escape sequence. Such sequences will not work in the future. Did you mean "\\*"? A raw string is also an option.
<unknown>:469: SyntaxWarning: "\*" is an invalid escape sequence. Such sequences will not work in the future. Did you mean "\\*"? A raw string is also an option.
<unknown>:487: SyntaxWarning: "\*" is an invalid escape sequence. Such sequences will not work in the future. Did you mean "\\*"? A raw string is also an option.
[276/300] psf__requests-863              file_rec=1.0 cov=0 line_R@5 arise=0 ours=0
[277/300] django__django-12184           file_rec=0.0 cov=0 line_R@5 arise=0 ours=0
[278/300] sympy__sympy-21627             file_rec=0.0 cov=0 line_R@5 arise=0 ours=0
[279/300] sympy__sympy-22840             file_rec=1.0 cov=0 line_R@5 arise=1 ours=0
[280/300] django__django-13033           file_rec=0.0 cov=0 line_R@5 arise=0 ours=0
<unknown>:23: SyntaxWarning: "\S" is an invalid escape sequence. Such sequences will not work in the future. Did you mean "\\S"? A raw string is also an option.
<unknown>:22: SyntaxWarning: "\S" is an invalid escape sequence. Such sequences will not work in the future. Did you mean "\\S"? A raw string is also an option.
<unknown>:4: SyntaxWarning: "\m" is an invalid escape sequence. Such sequences will not work in the future. Did you mean "\\m"? A raw string is also an option.
<unknown>:16: SyntaxWarning: "\m" is an invalid escape sequence. Such sequences will not work in the future. Did you mean "\\m"? A raw string is also an option.
<unknown>:47: SyntaxWarning: "\m" is an invalid escape sequence. Such sequences will not work in the future. Did you mean "\\m"? A raw string is also an option.
<unknown>:121: SyntaxWarning: "\s" is an invalid escape sequence. Such sequences will not work in the future. Did you mean "\\s"? A raw string is also an option.
<unknown>:130: SyntaxWarning: "\s" is an invalid escape sequence. Such sequences will not work in the future. Did you mean "\\s"? A raw string is also an option.
<unknown>:290: SyntaxWarning: "\w" is an invalid escape sequence. Such sequences will not work in the future. Did you mean "\\w"? A raw string is also an option.
<unknown>:344: SyntaxWarning: "\*" is an invalid escape sequence. Such sequences will not work in the future. Did you mean "\\*"? A raw string is also an option.
<unknown>:472: SyntaxWarning: "\*" is an invalid escape sequence. Such sequences will not work in the future. Did you mean "\\*"? A raw string is also an option.
<unknown>:490: SyntaxWarning: "\*" is an invalid escape sequence. Such sequences will not work in the future. Did you mean "\\*"? A raw string is also an option.
[281/300] django__django-16408           file_rec=0.0 cov=0 line_R@5 arise=0 ours=0
[282/300] django__django-13230           file_rec=1.0 cov=0 line_R@5 arise=0 ours=0
[283/300] sympy__sympy-19007             file_rec=1.0 cov=0 line_R@5 arise=0 ours=1
[284/300] django__django-14382           file_rec=1.0 cov=0 line_R@5 arise=1 ours=1
[285/300] django__django-12284           file_rec=1.0 cov=0 line_R@5 arise=0 ours=0
[286/300] sympy__sympy-18189             file_rec=1.0 cov=0 line_R@5 arise=0 ours=0
[287/300] django__django-12497           file_rec=1.0 cov=0 line_R@5 arise=1 ours=1
[288/300] django__django-13158           file_rec=0.0 cov=0 line_R@5 arise=0 ours=0
[289/300] scikit-learn__scikit-learn-14087 file_rec=0.0 cov=0 line_R@5 arise=0 ours=0
[290/300] django__django-16041           file_rec=1.0 cov=0 line_R@5 arise=1 ours=1
[291/300] django__django-14608           file_rec=1.0 cov=0 line_R@5 arise=1 ours=1
[292/300] sympy__sympy-16792             file_rec=1.0 cov=0 line_R@5 arise=0 ours=1
[293/300] sympy__sympy-14308             file_rec=1.0 cov=0 line_R@5 arise=0 ours=0
[294/300] sympy__sympy-14817             file_rec=1.0 cov=0 line_R@5 arise=0 ours=1
[295/300] sphinx-doc__sphinx-10325       file_rec=1.0 cov=0 line_R@5 arise=1 ours=1
[296/300] sympy__sympy-17139             file_rec=1.0 cov=0 line_R@5 arise=0 ours=0
[297/300] matplotlib__matplotlib-24265   file_rec=1.0 cov=0 line_R@5 arise=0 ours=1
[298/300] django__django-11630           file_rec=1.0 cov=0 line_R@5 arise=1 ours=1
[299/300] sphinx-doc__sphinx-8435        file_rec=1.0 cov=0 line_R@5 arise=0 ours=0
[300/300] django__django-13265           file_rec=1.0 cov=0 line_R@5 arise=1 ours=0

==== E2E SUMMARY (file-NOT-given, ARISE-aligned) ====
{
  "n": 300,
  "n_with_coverage": 0,
  "file_recall_gold": 0.737,
  "file_R@k": {
    "1": 63.3,
    "5": 71.7,
    "10": 73.7
  },
  "line_recall": 0.414,
  "line_recall_ci": [
    0.367,
    0.458
  ],
  "line_recall_given_found_files": 0.414,
  "line_precision": 0.065,
  "line_precision_ci": [
    0.05,
    0.081
  ],
  "line_f1": 0.092,
  "n_pred_mean": 40.573,
  "line_R@k": {
    "1": 29.0,
    "5": 42.7,
    "10": 46.7
  },
  "swe_contextbench_ref": {
    "gpt5_prometheus_recall": ">0.60",
    "precision": "<0.35",
    "f1": "<0.40"
  },
  "arise_ref_line_R@k": {
    "1": 41,
    "5": 62,
    "10": 74
  },
  "arise_ref_file_R@1": 67,
  "line_loc_arms": {
    "arise_static": {
      "R@1": 8.7,
      "R@3": 16.3,
      "R@5": 22.0,
      "R@10": 26.3,
      "recall": 0.212,
      "precision": 0.019,
      "f1": 0.031
    },
    "vote_only": {
      "R@1": 23.3,
      "R@3": 35.3,
      "R@5": 40.7,
      "R@10": 48.0,
      "recall": 0.414,
      "precision": 0.065,
      "f1": 0.092
    },
    "ours_static": {
      "R@1": 25.7,
      "R@3": 36.0,
      "R@5": 42.0,
      "R@10": 46.7,
      "recall": 0.414,
      "precision": 0.065,
      "f1": 0.092
    },
    "ours_dynamic_nofp": {
      "R@1": 25.7,
      "R@3": 36.0,
      "R@5": 42.0,
      "R@10": 46.7,
      "recall": 0.414,
      "precision": 0.065,
      "f1": 0.092
    },
    "ours_dynamic": {
      "R@1": 29.0,
      "R@3": 39.7,
      "R@5": 42.7,
      "R@10": 46.7,
      "recall": 0.414,
      "precision": 0.065,
      "f1": 0.092
    }
  },
  "headline_us_vs_arise": {
    "ours_dynamic_line_R@k": {
      "1": 29.0,
      "5": 42.7,
      "10": 46.7
    },
    "arise_static_line_R@k": {
      "1": 8.7,
      "5": 22.0,
      "10": 26.3
    },
    "arise_ref_line_R@k": {
      "1": 41,
      "5": 62,
      "10": 74
    },
    "delta_ours_minus_arise_static": {
      "1": {
        "mean": 0.203,
        "ci": [
          0.153,
          0.253
        ],
        "p_gt0": 1.0,
        "sig": true,
        "n": 300
      },
      "5": {
        "mean": 0.207,
        "ci": [
          0.153,
          0.26
        ],
        "p_gt0": 1.0,
        "sig": true,
        "n": 300
      },
      "10": {
        "mean": 0.203,
        "ci": [
          0.15,
          0.257
        ],
        "p_gt0": 1.0,
        "sig": true,
        "n": 300
      }
    }
  },
  "ablation_paired_deltas_R@k": {
    "coverage_effect__dyn_minus_ourstatic": {
      "1": {
        "mean": 0.0,
        "ci": [
          0.0,
          0.0
        ],
        "p_gt0": 0.0,
        "sig": false,
        "n": 300
      },
      "5": {
        "mean": 0.0,
        "ci": [
          0.0,
          0.0
        ],
        "p_gt0": 0.0,
        "sig": false,
        "n": 300
      },
      "10": {
        "mean": 0.0,
        "ci": [
          0.0,
          0.0
        ],
        "p_gt0": 0.0,
        "sig": false,
        "n": 300
      }
    },
    "finalpick_effect__dyn_minus_dynnofp": {
      "1": {
        "mean": 0.033,
        "ci": [
          -0.007,
          0.073
        ],
        "p_gt0": 0.945,
        "sig": false,
        "n": 300
      },
      "5": {
        "mean": 0.007,
        "ci": [
          -0.017,
          0.03
        ],
        "p_gt0": 0.676,
        "sig": false,
        "n": 300
      },
      "10": {
        "mean": 0.0,
        "ci": [
          0.0,
          0.0
        ],
        "p_gt0": 0.0,
        "sig": false,
        "n": 300
      }
    },
    "vote+graph_vs_ariseStatic__ourstatic_minus_arise": {
      "1": {
        "mean": 0.17,
        "ci": [
          0.123,
          0.217
        ],
        "p_gt0": 1.0,
        "sig": true,
        "n": 300
      },
      "5": {
        "mean": 0.2,
        "ci": [
          0.15,
          0.253
        ],
        "p_gt0": 1.0,
        "sig": true,
        "n": 300
      },
      "10": {
        "mean": 0.203,
        "ci": [
          0.15,
          0.257
        ],
        "p_gt0": 1.0,
        "sig": true,
        "n": 300
      }
    },
    "vote_vs_ariseStatic__voteonly_minus_arise": {
      "1": {
        "mean": 0.147,
        "ci": [
          0.1,
          0.193
        ],
        "p_gt0": 1.0,
        "sig": true,
        "n": 300
      },
      "5": {
        "mean": 0.187,
        "ci": [
          0.133,
          0.24
        ],
        "p_gt0": 1.0,
        "sig": true,
        "n": 300
      },
      "10": {
        "mean": 0.217,
        "ci": [
          0.163,
          0.27
        ],
        "p_gt0": 1.0,
        "sig": true,
        "n": 300
      }
    }
  },
  "diagnostics": {
    "reg_ceiling": 0.783,
    "voted_ceiling": 0.561,
    "cov_on_gold_recall": 0.0,
    "cov_files_found_mean": 0,
    "n_found_mean": 0.737,
    "small_bypass_files_mean": 0.26,
    "found_file_lines_median": 813
  }
}
