==================================================
 PairCoder unified benchmark (4 libs x 5 models)
==================================================
 libs       : simplug diot simpleconf bidict glom
 models     : qwen2.5:7b,qwen2.5-coder:7b,llama3.1:8b,gemma2:9b,mistral:7b
 methods    : B0_direct,B1_api_list,B2_raw_api_docs,B3_oracle_api_sequence,B4_gold_pair_rule
 runs       : 3    temperature: 0.2
 gen jobs   : 4    eval jobs: 8
 keep-alive : 1h  num_predict: 500  top_p: 0.9
 python     : python
 results    : C:\Users\Tzx25\Documents\Codex\2026-06-15\pyluvtan-pair-coder-git-https-github\Ollama问题存在性实验\result/<lib>_5model
--------------------------------------------------

########## simplug  ->  C:\Users\Tzx25\Documents\Codex\2026-06-15\pyluvtan-pair-coder-git-https-github\Ollama问题存在性实验\result\simplug_5model ##########
--- [1/2] generate + static check (paircoder_step0_simplug_pilot.py) ---
== generating 750 jobs with 4 workers (keep_alive=1h, num_predict=500, top_p=0.9) ==
[run 1/3] model=qwen2.5:7b task=simplug-T001 method=B0_direct...
[run 1/3] model=qwen2.5:7b task=simplug-T001 method=B1_api_list...
[run 1/3] model=qwen2.5:7b task=simplug-T001 method=B2_raw_api_docs...
[run 1/3] model=qwen2.5:7b task=simplug-T001 method=B3_oracle_api_sequence...
[run 1/3] model=qwen2.5:7b task=simplug-T001 method=B4_gold_pair_rule...
[run 1/3] model=qwen2.5:7b task=simplug-T002 method=B0_direct...
[run 1/3] model=qwen2.5:7b task=simplug-T002 method=B1_api_list...
[run 1/3] model=qwen2.5:7b task=simplug-T002 method=B2_raw_api_docs...
[run 1/3] model=qwen2.5:7b task=simplug-T002 method=B3_oracle_api_sequence...
[run 1/3] model=qwen2.5:7b task=simplug-T002 method=B4_gold_pair_rule...
[run 1/3] model=qwen2.5:7b task=simplug-T003 method=B0_direct...
[run 1/3] model=qwen2.5:7b task=simplug-T003 method=B1_api_list...
[run 1/3] model=qwen2.5:7b task=simplug-T003 method=B2_raw_api_docs...
[run 1/3] model=qwen2.5:7b task=simplug-T003 method=B3_oracle_api_sequence...
[run 1/3] model=qwen2.5:7b task=simplug-T003 method=B4_gold_pair_rule...
[run 1/3] model=qwen2.5:7b task=simplug-T004 method=B0_direct...
[run 1/3] model=qwen2.5:7b task=simplug-T004 method=B1_api_list...
[run 1/3] model=qwen2.5:7b task=simplug-T004 method=B2_raw_api_docs...
[run 1/3] model=qwen2.5:7b task=simplug-T004 method=B3_oracle_api_sequence...
[run 1/3] model=qwen2.5:7b task=simplug-T004 method=B4_gold_pair_rule...
[run 1/3] model=qwen2.5:7b task=simplug-T005 method=B0_direct...
[run 1/3] model=qwen2.5:7b task=simplug-T005 method=B1_api_list...
[run 1/3] model=qwen2.5:7b task=simplug-T005 method=B2_raw_api_docs...
[run 1/3] model=qwen2.5:7b task=simplug-T005 method=B3_oracle_api_sequence...
[run 1/3] model=qwen2.5:7b task=simplug-T005 method=B4_gold_pair_rule...
[run 1/3] model=qwen2.5:7b task=simplug-T006 method=B0_direct...
[run 1/3] model=qwen2.5:7b task=simplug-T006 method=B1_api_list...
[run 1/3] model=qwen2.5:7b task=simplug-T006 method=B2_raw_api_docs...
[run 1/3] model=qwen2.5:7b task=simplug-T006 method=B3_oracle_api_sequence...
[run 1/3] model=qwen2.5:7b task=simplug-T006 method=B4_gold_pair_rule...
[run 1/3] model=qwen2.5:7b task=simplug-T007 method=B0_direct...
[run 1/3] model=qwen2.5:7b task=simplug-T007 method=B1_api_list...
[run 1/3] model=qwen2.5:7b task=simplug-T007 method=B2_raw_api_docs...
[run 1/3] model=qwen2.5:7b task=simplug-T007 method=B3_oracle_api_sequence...
[run 1/3] model=qwen2.5:7b task=simplug-T007 method=B4_gold_pair_rule...
[run 1/3] model=qwen2.5:7b task=simplug-T008 method=B0_direct...
[run 1/3] model=qwen2.5:7b task=simplug-T008 method=B1_api_list...
[run 1/3] model=qwen2.5:7b task=simplug-T008 method=B2_raw_api_docs...
[run 1/3] model=qwen2.5:7b task=simplug-T008 method=B3_oracle_api_sequence...
[run 1/3] model=qwen2.5:7b task=simplug-T008 method=B4_gold_pair_rule...
[run 1/3] model=qwen2.5:7b task=simplug-T009 method=B0_direct...
[run 1/3] model=qwen2.5:7b task=simplug-T009 method=B1_api_list...
[run 1/3] model=qwen2.5:7b task=simplug-T009 method=B2_raw_api_docs...
[run 1/3] model=qwen2.5:7b task=simplug-T009 method=B3_oracle_api_sequence...
[run 1/3] model=qwen2.5:7b task=simplug-T009 method=B4_gold_pair_rule...
[run 1/3] model=qwen2.5:7b task=simplug-T010 method=B0_direct...
[run 1/3] model=qwen2.5:7b task=simplug-T010 method=B1_api_list...
[run 1/3] model=qwen2.5:7b task=simplug-T010 method=B2_raw_api_docs...
[run 1/3] model=qwen2.5:7b task=simplug-T010 method=B3_oracle_api_sequence...
[run 1/3] model=qwen2.5:7b task=simplug-T010 method=B4_gold_pair_rule...
[run 1/3] model=qwen2.5-coder:7b task=simplug-T001 method=B0_direct...
[run 1/3] model=qwen2.5-coder:7b task=simplug-T001 method=B1_api_list...
[run 1/3] model=qwen2.5-coder:7b task=simplug-T001 method=B2_raw_api_docs...
[run 1/3] model=qwen2.5-coder:7b task=simplug-T001 method=B3_oracle_api_sequence...
[run 1/3] model=qwen2.5-coder:7b task=simplug-T001 method=B4_gold_pair_rule...
[run 1/3] model=qwen2.5-coder:7b task=simplug-T002 method=B0_direct...
[run 1/3] model=qwen2.5-coder:7b task=simplug-T002 method=B1_api_list...
[run 1/3] model=qwen2.5-coder:7b task=simplug-T002 method=B2_raw_api_docs...
[run 1/3] model=qwen2.5-coder:7b task=simplug-T002 method=B3_oracle_api_sequence...
[run 1/3] model=qwen2.5-coder:7b task=simplug-T002 method=B4_gold_pair_rule...
[run 1/3] model=qwen2.5-coder:7b task=simplug-T003 method=B0_direct...
[run 1/3] model=qwen2.5-coder:7b task=simplug-T003 method=B1_api_list...
[run 1/3] model=qwen2.5-coder:7b task=simplug-T003 method=B2_raw_api_docs...
[run 1/3] model=qwen2.5-coder:7b task=simplug-T003 method=B3_oracle_api_sequence...
[run 1/3] model=qwen2.5-coder:7b task=simplug-T003 method=B4_gold_pair_rule...
[run 1/3] model=qwen2.5-coder:7b task=simplug-T004 method=B0_direct...
[run 1/3] model=qwen2.5-coder:7b task=simplug-T004 method=B1_api_list...
[run 1/3] model=qwen2.5-coder:7b task=simplug-T004 method=B2_raw_api_docs...
[run 1/3] model=qwen2.5-coder:7b task=simplug-T004 method=B3_oracle_api_sequence...
[run 1/3] model=qwen2.5-coder:7b task=simplug-T004 method=B4_gold_pair_rule...
[run 1/3] model=qwen2.5-coder:7b task=simplug-T005 method=B0_direct...
[run 1/3] model=qwen2.5-coder:7b task=simplug-T005 method=B1_api_list...
[run 1/3] model=qwen2.5-coder:7b task=simplug-T005 method=B2_raw_api_docs...
[run 1/3] model=qwen2.5-coder:7b task=simplug-T005 method=B3_oracle_api_sequence...
[run 1/3] model=qwen2.5-coder:7b task=simplug-T005 method=B4_gold_pair_rule...
[run 1/3] model=qwen2.5-coder:7b task=simplug-T006 method=B0_direct...
[run 1/3] model=qwen2.5-coder:7b task=simplug-T006 method=B1_api_list...
[run 1/3] model=qwen2.5-coder:7b task=simplug-T006 method=B2_raw_api_docs...
[run 1/3] model=qwen2.5-coder:7b task=simplug-T006 method=B3_oracle_api_sequence...
[run 1/3] model=qwen2.5-coder:7b task=simplug-T006 method=B4_gold_pair_rule...
[run 1/3] model=qwen2.5-coder:7b task=simplug-T007 method=B0_direct...
[run 1/3] model=qwen2.5-coder:7b task=simplug-T007 method=B1_api_list...
[run 1/3] model=qwen2.5-coder:7b task=simplug-T007 method=B2_raw_api_docs...
[run 1/3] model=qwen2.5-coder:7b task=simplug-T007 method=B3_oracle_api_sequence...
[run 1/3] model=qwen2.5-coder:7b task=simplug-T007 method=B4_gold_pair_rule...
[run 1/3] model=qwen2.5-coder:7b task=simplug-T008 method=B0_direct...
[run 1/3] model=qwen2.5-coder:7b task=simplug-T008 method=B1_api_list...
[run 1/3] model=qwen2.5-coder:7b task=simplug-T008 method=B2_raw_api_docs...
[run 1/3] model=qwen2.5-coder:7b task=simplug-T008 method=B3_oracle_api_sequence...
[run 1/3] model=qwen2.5-coder:7b task=simplug-T008 method=B4_gold_pair_rule...
[run 1/3] model=qwen2.5-coder:7b task=simplug-T009 method=B0_direct...
[run 1/3] model=qwen2.5-coder:7b task=simplug-T009 method=B1_api_list...
[run 1/3] model=qwen2.5-coder:7b task=simplug-T009 method=B2_raw_api_docs...
[run 1/3] model=qwen2.5-coder:7b task=simplug-T009 method=B3_oracle_api_sequence...
[run 1/3] model=qwen2.5-coder:7b task=simplug-T009 method=B4_gold_pair_rule...
[run 1/3] model=qwen2.5-coder:7b task=simplug-T010 method=B0_direct...
[run 1/3] model=qwen2.5-coder:7b task=simplug-T010 method=B1_api_list...
[run 1/3] model=qwen2.5-coder:7b task=simplug-T010 method=B2_raw_api_docs...
[run 1/3] model=qwen2.5-coder:7b task=simplug-T010 method=B3_oracle_api_sequence...
[run 1/3] model=qwen2.5-coder:7b task=simplug-T010 method=B4_gold_pair_rule...
[run 1/3] model=llama3.1:8b task=simplug-T001 method=B0_direct...
[run 1/3] model=llama3.1:8b task=simplug-T001 method=B1_api_list...
[run 1/3] model=llama3.1:8b task=simplug-T001 method=B2_raw_api_docs...
[run 1/3] model=llama3.1:8b task=simplug-T001 method=B3_oracle_api_sequence...
[run 1/3] model=llama3.1:8b task=simplug-T001 method=B4_gold_pair_rule...
[run 1/3] model=llama3.1:8b task=simplug-T002 method=B0_direct...
[run 1/3] model=llama3.1:8b task=simplug-T002 method=B1_api_list...
[run 1/3] model=llama3.1:8b task=simplug-T002 method=B2_raw_api_docs...
[run 1/3] model=llama3.1:8b task=simplug-T002 method=B3_oracle_api_sequence...
[run 1/3] model=llama3.1:8b task=simplug-T002 method=B4_gold_pair_rule...
[run 1/3] model=llama3.1:8b task=simplug-T003 method=B0_direct...
[run 1/3] model=llama3.1:8b task=simplug-T003 method=B1_api_list...
[run 1/3] model=llama3.1:8b task=simplug-T003 method=B2_raw_api_docs...
[run 1/3] model=llama3.1:8b task=simplug-T003 method=B3_oracle_api_sequence...
[run 1/3] model=llama3.1:8b task=simplug-T003 method=B4_gold_pair_rule...
[run 1/3] model=llama3.1:8b task=simplug-T004 method=B0_direct...
[run 1/3] model=llama3.1:8b task=simplug-T004 method=B1_api_list...
[run 1/3] model=llama3.1:8b task=simplug-T004 method=B2_raw_api_docs...
[run 1/3] model=llama3.1:8b task=simplug-T004 method=B3_oracle_api_sequence...
[run 1/3] model=llama3.1:8b task=simplug-T004 method=B4_gold_pair_rule...
[run 1/3] model=llama3.1:8b task=simplug-T005 method=B0_direct...
[run 1/3] model=llama3.1:8b task=simplug-T005 method=B1_api_list...
[run 1/3] model=llama3.1:8b task=simplug-T005 method=B2_raw_api_docs...
[run 1/3] model=llama3.1:8b task=simplug-T005 method=B3_oracle_api_sequence...
[run 1/3] model=llama3.1:8b task=simplug-T005 method=B4_gold_pair_rule...
[run 1/3] model=llama3.1:8b task=simplug-T006 method=B0_direct...
[run 1/3] model=llama3.1:8b task=simplug-T006 method=B1_api_list...
[run 1/3] model=llama3.1:8b task=simplug-T006 method=B2_raw_api_docs...
[run 1/3] model=llama3.1:8b task=simplug-T006 method=B3_oracle_api_sequence...
[run 1/3] model=llama3.1:8b task=simplug-T006 method=B4_gold_pair_rule...
[run 1/3] model=llama3.1:8b task=simplug-T007 method=B0_direct...
[run 1/3] model=llama3.1:8b task=simplug-T007 method=B1_api_list...
[run 1/3] model=llama3.1:8b task=simplug-T007 method=B2_raw_api_docs...
[run 1/3] model=llama3.1:8b task=simplug-T007 method=B3_oracle_api_sequence...
[run 1/3] model=llama3.1:8b task=simplug-T007 method=B4_gold_pair_rule...
[run 1/3] model=llama3.1:8b task=simplug-T008 method=B0_direct...
[run 1/3] model=llama3.1:8b task=simplug-T008 method=B1_api_list...
[run 1/3] model=llama3.1:8b task=simplug-T008 method=B2_raw_api_docs...
[run 1/3] model=llama3.1:8b task=simplug-T008 method=B3_oracle_api_sequence...
[run 1/3] model=llama3.1:8b task=simplug-T008 method=B4_gold_pair_rule...
[run 1/3] model=llama3.1:8b task=simplug-T009 method=B0_direct...
[run 1/3] model=llama3.1:8b task=simplug-T009 method=B1_api_list...
[run 1/3] model=llama3.1:8b task=simplug-T009 method=B2_raw_api_docs...
[run 1/3] model=llama3.1:8b task=simplug-T009 method=B3_oracle_api_sequence...
[run 1/3] model=llama3.1:8b task=simplug-T009 method=B4_gold_pair_rule...
[run 1/3] model=llama3.1:8b task=simplug-T010 method=B0_direct...
[run 1/3] model=llama3.1:8b task=simplug-T010 method=B1_api_list...
[run 1/3] model=llama3.1:8b task=simplug-T010 method=B2_raw_api_docs...
[run 1/3] model=llama3.1:8b task=simplug-T010 method=B3_oracle_api_sequence...
[run 1/3] model=llama3.1:8b task=simplug-T010 method=B4_gold_pair_rule...
[run 1/3] model=gemma2:9b task=simplug-T001 method=B0_direct...
[run 1/3] model=gemma2:9b task=simplug-T001 method=B1_api_list...
[run 1/3] model=gemma2:9b task=simplug-T001 method=B2_raw_api_docs...
[run 1/3] model=gemma2:9b task=simplug-T001 method=B3_oracle_api_sequence...
[run 1/3] model=gemma2:9b task=simplug-T001 method=B4_gold_pair_rule...
[run 1/3] model=gemma2:9b task=simplug-T002 method=B0_direct...
[run 1/3] model=gemma2:9b task=simplug-T002 method=B1_api_list...
[run 1/3] model=gemma2:9b task=simplug-T002 method=B2_raw_api_docs...
[run 1/3] model=gemma2:9b task=simplug-T002 method=B3_oracle_api_sequence...
[run 1/3] model=gemma2:9b task=simplug-T002 method=B4_gold_pair_rule...
[run 1/3] model=gemma2:9b task=simplug-T003 method=B0_direct...
[run 1/3] model=gemma2:9b task=simplug-T003 method=B1_api_list...
[run 1/3] model=gemma2:9b task=simplug-T003 method=B2_raw_api_docs...
[run 1/3] model=gemma2:9b task=simplug-T003 method=B3_oracle_api_sequence...
[run 1/3] model=gemma2:9b task=simplug-T003 method=B4_gold_pair_rule...
[run 1/3] model=gemma2:9b task=simplug-T004 method=B0_direct...
[run 1/3] model=gemma2:9b task=simplug-T004 method=B1_api_list...
[run 1/3] model=gemma2:9b task=simplug-T004 method=B2_raw_api_docs...
[run 1/3] model=gemma2:9b task=simplug-T004 method=B3_oracle_api_sequence...
[run 1/3] model=gemma2:9b task=simplug-T004 method=B4_gold_pair_rule...
[run 1/3] model=gemma2:9b task=simplug-T005 method=B0_direct...
[run 1/3] model=gemma2:9b task=simplug-T005 method=B1_api_list...
[run 1/3] model=gemma2:9b task=simplug-T005 method=B2_raw_api_docs...
[run 1/3] model=gemma2:9b task=simplug-T005 method=B3_oracle_api_sequence...
[run 1/3] model=gemma2:9b task=simplug-T005 method=B4_gold_pair_rule...
[run 1/3] model=gemma2:9b task=simplug-T006 method=B0_direct...
[run 1/3] model=gemma2:9b task=simplug-T006 method=B1_api_list...
[run 1/3] model=gemma2:9b task=simplug-T006 method=B2_raw_api_docs...
[run 1/3] model=gemma2:9b task=simplug-T006 method=B3_oracle_api_sequence...
[run 1/3] model=gemma2:9b task=simplug-T006 method=B4_gold_pair_rule...
[run 1/3] model=gemma2:9b task=simplug-T007 method=B0_direct...
[run 1/3] model=gemma2:9b task=simplug-T007 method=B1_api_list...
[run 1/3] model=gemma2:9b task=simplug-T007 method=B2_raw_api_docs...
[run 1/3] model=gemma2:9b task=simplug-T007 method=B3_oracle_api_sequence...
[run 1/3] model=gemma2:9b task=simplug-T007 method=B4_gold_pair_rule...
[run 1/3] model=gemma2:9b task=simplug-T008 method=B0_direct...
[run 1/3] model=gemma2:9b task=simplug-T008 method=B1_api_list...
[run 1/3] model=gemma2:9b task=simplug-T008 method=B2_raw_api_docs...
[run 1/3] model=gemma2:9b task=simplug-T008 method=B3_oracle_api_sequence...
[run 1/3] model=gemma2:9b task=simplug-T008 method=B4_gold_pair_rule...
[run 1/3] model=gemma2:9b task=simplug-T009 method=B0_direct...
[run 1/3] model=gemma2:9b task=simplug-T009 method=B1_api_list...
[run 1/3] model=gemma2:9b task=simplug-T009 method=B2_raw_api_docs...
[run 1/3] model=gemma2:9b task=simplug-T009 method=B3_oracle_api_sequence...
[run 1/3] model=gemma2:9b task=simplug-T009 method=B4_gold_pair_rule...
[run 1/3] model=gemma2:9b task=simplug-T010 method=B0_direct...
[run 1/3] model=gemma2:9b task=simplug-T010 method=B1_api_list...
[run 1/3] model=gemma2:9b task=simplug-T010 method=B2_raw_api_docs...
[run 1/3] model=gemma2:9b task=simplug-T010 method=B3_oracle_api_sequence...
[run 1/3] model=gemma2:9b task=simplug-T010 method=B4_gold_pair_rule...
[run 1/3] model=mistral:7b task=simplug-T001 method=B0_direct...
[run 1/3] model=mistral:7b task=simplug-T001 method=B1_api_list...
[run 1/3] model=mistral:7b task=simplug-T001 method=B2_raw_api_docs...
[run 1/3] model=mistral:7b task=simplug-T001 method=B3_oracle_api_sequence...
[run 1/3] model=mistral:7b task=simplug-T001 method=B4_gold_pair_rule...
[run 1/3] model=mistral:7b task=simplug-T002 method=B0_direct...
[run 1/3] model=mistral:7b task=simplug-T002 method=B1_api_list...
[run 1/3] model=mistral:7b task=simplug-T002 method=B2_raw_api_docs...
[run 1/3] model=mistral:7b task=simplug-T002 method=B3_oracle_api_sequence...
[run 1/3] model=mistral:7b task=simplug-T002 method=B4_gold_pair_rule...
[run 1/3] model=mistral:7b task=simplug-T003 method=B0_direct...
[run 1/3] model=mistral:7b task=simplug-T003 method=B1_api_list...
[run 1/3] model=mistral:7b task=simplug-T003 method=B2_raw_api_docs...
[run 1/3] model=mistral:7b task=simplug-T003 method=B3_oracle_api_sequence...
[run 1/3] model=mistral:7b task=simplug-T003 method=B4_gold_pair_rule...
[run 1/3] model=mistral:7b task=simplug-T004 method=B0_direct...
[run 1/3] model=mistral:7b task=simplug-T004 method=B1_api_list...
[run 1/3] model=mistral:7b task=simplug-T004 method=B2_raw_api_docs...
[run 1/3] model=mistral:7b task=simplug-T004 method=B3_oracle_api_sequence...
[run 1/3] model=mistral:7b task=simplug-T004 method=B4_gold_pair_rule...
[run 1/3] model=mistral:7b task=simplug-T005 method=B0_direct...
[run 1/3] model=mistral:7b task=simplug-T005 method=B1_api_list...
[run 1/3] model=mistral:7b task=simplug-T005 method=B2_raw_api_docs...
[run 1/3] model=mistral:7b task=simplug-T005 method=B3_oracle_api_sequence...
[run 1/3] model=mistral:7b task=simplug-T005 method=B4_gold_pair_rule...
[run 1/3] model=mistral:7b task=simplug-T006 method=B0_direct...
[run 1/3] model=mistral:7b task=simplug-T006 method=B1_api_list...
[run 1/3] model=mistral:7b task=simplug-T006 method=B2_raw_api_docs...
[run 1/3] model=mistral:7b task=simplug-T006 method=B3_oracle_api_sequence...
[run 1/3] model=mistral:7b task=simplug-T006 method=B4_gold_pair_rule...
[run 1/3] model=mistral:7b task=simplug-T007 method=B0_direct...
[run 1/3] model=mistral:7b task=simplug-T007 method=B1_api_list...
[run 1/3] model=mistral:7b task=simplug-T007 method=B2_raw_api_docs...
[run 1/3] model=mistral:7b task=simplug-T007 method=B3_oracle_api_sequence...
[run 1/3] model=mistral:7b task=simplug-T007 method=B4_gold_pair_rule...
[run 1/3] model=mistral:7b task=simplug-T008 method=B0_direct...
[run 1/3] model=mistral:7b task=simplug-T008 method=B1_api_list...
[run 1/3] model=mistral:7b task=simplug-T008 method=B2_raw_api_docs...
[run 1/3] model=mistral:7b task=simplug-T008 method=B3_oracle_api_sequence...
[run 1/3] model=mistral:7b task=simplug-T008 method=B4_gold_pair_rule...
[run 1/3] model=mistral:7b task=simplug-T009 method=B0_direct...
[run 1/3] model=mistral:7b task=simplug-T009 method=B1_api_list...
[run 1/3] model=mistral:7b task=simplug-T009 method=B2_raw_api_docs...
[run 1/3] model=mistral:7b task=simplug-T009 method=B3_oracle_api_sequence...
[run 1/3] model=mistral:7b task=simplug-T009 method=B4_gold_pair_rule...
[run 1/3] model=mistral:7b task=simplug-T010 method=B0_direct...
[run 1/3] model=mistral:7b task=simplug-T010 method=B1_api_list...
[run 1/3] model=mistral:7b task=simplug-T010 method=B2_raw_api_docs...
[run 1/3] model=mistral:7b task=simplug-T010 method=B3_oracle_api_sequence...
[run 1/3] model=mistral:7b task=simplug-T010 method=B4_gold_pair_rule...
[run 2/3] model=qwen2.5:7b task=simplug-T001 method=B0_direct...
[run 2/3] model=qwen2.5:7b task=simplug-T001 method=B1_api_list...
[run 2/3] model=qwen2.5:7b task=simplug-T001 method=B2_raw_api_docs...
[run 2/3] model=qwen2.5:7b task=simplug-T001 method=B3_oracle_api_sequence...
[run 2/3] model=qwen2.5:7b task=simplug-T001 method=B4_gold_pair_rule...
[run 2/3] model=qwen2.5:7b task=simplug-T002 method=B0_direct...
[run 2/3] model=qwen2.5:7b task=simplug-T002 method=B1_api_list...
[run 2/3] model=qwen2.5:7b task=simplug-T002 method=B2_raw_api_docs...
[run 2/3] model=qwen2.5:7b task=simplug-T002 method=B3_oracle_api_sequence...
[run 2/3] model=qwen2.5:7b task=simplug-T002 method=B4_gold_pair_rule...
[run 2/3] model=qwen2.5:7b task=simplug-T003 method=B0_direct...
[run 2/3] model=qwen2.5:7b task=simplug-T003 method=B1_api_list...
[run 2/3] model=qwen2.5:7b task=simplug-T003 method=B2_raw_api_docs...
[run 2/3] model=qwen2.5:7b task=simplug-T003 method=B3_oracle_api_sequence...
[run 2/3] model=qwen2.5:7b task=simplug-T003 method=B4_gold_pair_rule...
[run 2/3] model=qwen2.5:7b task=simplug-T004 method=B0_direct...
[run 2/3] model=qwen2.5:7b task=simplug-T004 method=B1_api_list...
[run 2/3] model=qwen2.5:7b task=simplug-T004 method=B2_raw_api_docs...
[run 2/3] model=qwen2.5:7b task=simplug-T004 method=B3_oracle_api_sequence...
[run 2/3] model=qwen2.5:7b task=simplug-T004 method=B4_gold_pair_rule...
[run 2/3] model=qwen2.5:7b task=simplug-T005 method=B0_direct...
[run 2/3] model=qwen2.5:7b task=simplug-T005 method=B1_api_list...
[run 2/3] model=qwen2.5:7b task=simplug-T005 method=B2_raw_api_docs...
[run 2/3] model=qwen2.5:7b task=simplug-T005 method=B3_oracle_api_sequence...
[run 2/3] model=qwen2.5:7b task=simplug-T005 method=B4_gold_pair_rule...
[run 2/3] model=qwen2.5:7b task=simplug-T006 method=B0_direct...
[run 2/3] model=qwen2.5:7b task=simplug-T006 method=B1_api_list...
[run 2/3] model=qwen2.5:7b task=simplug-T006 method=B2_raw_api_docs...
[run 2/3] model=qwen2.5:7b task=simplug-T006 method=B3_oracle_api_sequence...
[run 2/3] model=qwen2.5:7b task=simplug-T006 method=B4_gold_pair_rule...
[run 2/3] model=qwen2.5:7b task=simplug-T007 method=B0_direct...
[run 2/3] model=qwen2.5:7b task=simplug-T007 method=B1_api_list...
[run 2/3] model=qwen2.5:7b task=simplug-T007 method=B2_raw_api_docs...
[run 2/3] model=qwen2.5:7b task=simplug-T007 method=B3_oracle_api_sequence...
[run 2/3] model=qwen2.5:7b task=simplug-T007 method=B4_gold_pair_rule...
[run 2/3] model=qwen2.5:7b task=simplug-T008 method=B0_direct...
[run 2/3] model=qwen2.5:7b task=simplug-T008 method=B1_api_list...
[run 2/3] model=qwen2.5:7b task=simplug-T008 method=B2_raw_api_docs...
[run 2/3] model=qwen2.5:7b task=simplug-T008 method=B3_oracle_api_sequence...
[run 2/3] model=qwen2.5:7b task=simplug-T008 method=B4_gold_pair_rule...
[run 2/3] model=qwen2.5:7b task=simplug-T009 method=B0_direct...
[run 2/3] model=qwen2.5:7b task=simplug-T009 method=B1_api_list...
[run 2/3] model=qwen2.5:7b task=simplug-T009 method=B2_raw_api_docs...
[run 2/3] model=qwen2.5:7b task=simplug-T009 method=B3_oracle_api_sequence...
[run 2/3] model=qwen2.5:7b task=simplug-T009 method=B4_gold_pair_rule...
[run 2/3] model=qwen2.5:7b task=simplug-T010 method=B0_direct...
[run 2/3] model=qwen2.5:7b task=simplug-T010 method=B1_api_list...
[run 2/3] model=qwen2.5:7b task=simplug-T010 method=B2_raw_api_docs...
[run 2/3] model=qwen2.5:7b task=simplug-T010 method=B3_oracle_api_sequence...
[run 2/3] model=qwen2.5:7b task=simplug-T010 method=B4_gold_pair_rule...
[run 2/3] model=qwen2.5-coder:7b task=simplug-T001 method=B0_direct...
[run 2/3] model=qwen2.5-coder:7b task=simplug-T001 method=B1_api_list...
[run 2/3] model=qwen2.5-coder:7b task=simplug-T001 method=B2_raw_api_docs...
[run 2/3] model=qwen2.5-coder:7b task=simplug-T001 method=B3_oracle_api_sequence...
[run 2/3] model=qwen2.5-coder:7b task=simplug-T001 method=B4_gold_pair_rule...
[run 2/3] model=qwen2.5-coder:7b task=simplug-T002 method=B0_direct...
[run 2/3] model=qwen2.5-coder:7b task=simplug-T002 method=B1_api_list...
[run 2/3] model=qwen2.5-coder:7b task=simplug-T002 method=B2_raw_api_docs...
[run 2/3] model=qwen2.5-coder:7b task=simplug-T002 method=B3_oracle_api_sequence...
[run 2/3] model=qwen2.5-coder:7b task=simplug-T002 method=B4_gold_pair_rule...
[run 2/3] model=qwen2.5-coder:7b task=simplug-T003 method=B0_direct...
[run 2/3] model=qwen2.5-coder:7b task=simplug-T003 method=B1_api_list...
[run 2/3] model=qwen2.5-coder:7b task=simplug-T003 method=B2_raw_api_docs...
[run 2/3] model=qwen2.5-coder:7b task=simplug-T003 method=B3_oracle_api_sequence...
[run 2/3] model=qwen2.5-coder:7b task=simplug-T003 method=B4_gold_pair_rule...
[run 2/3] model=qwen2.5-coder:7b task=simplug-T004 method=B0_direct...
[run 2/3] model=qwen2.5-coder:7b task=simplug-T004 method=B1_api_list...
[run 2/3] model=qwen2.5-coder:7b task=simplug-T004 method=B2_raw_api_docs...
[run 2/3] model=qwen2.5-coder:7b task=simplug-T004 method=B3_oracle_api_sequence...
[run 2/3] model=qwen2.5-coder:7b task=simplug-T004 method=B4_gold_pair_rule...
[run 2/3] model=qwen2.5-coder:7b task=simplug-T005 method=B0_direct...
[run 2/3] model=qwen2.5-coder:7b task=simplug-T005 method=B1_api_list...
[run 2/3] model=qwen2.5-coder:7b task=simplug-T005 method=B2_raw_api_docs...
[run 2/3] model=qwen2.5-coder:7b task=simplug-T005 method=B3_oracle_api_sequence...
[run 2/3] model=qwen2.5-coder:7b task=simplug-T005 method=B4_gold_pair_rule...
[run 2/3] model=qwen2.5-coder:7b task=simplug-T006 method=B0_direct...
[run 2/3] model=qwen2.5-coder:7b task=simplug-T006 method=B1_api_list...
[run 2/3] model=qwen2.5-coder:7b task=simplug-T006 method=B2_raw_api_docs...
[run 2/3] model=qwen2.5-coder:7b task=simplug-T006 method=B3_oracle_api_sequence...
[run 2/3] model=qwen2.5-coder:7b task=simplug-T006 method=B4_gold_pair_rule...
[run 2/3] model=qwen2.5-coder:7b task=simplug-T007 method=B0_direct...
[run 2/3] model=qwen2.5-coder:7b task=simplug-T007 method=B1_api_list...
[run 2/3] model=qwen2.5-coder:7b task=simplug-T007 method=B2_raw_api_docs...
[run 2/3] model=qwen2.5-coder:7b task=simplug-T007 method=B3_oracle_api_sequence...
[run 2/3] model=qwen2.5-coder:7b task=simplug-T007 method=B4_gold_pair_rule...
[run 2/3] model=qwen2.5-coder:7b task=simplug-T008 method=B0_direct...
[run 2/3] model=qwen2.5-coder:7b task=simplug-T008 method=B1_api_list...
[run 2/3] model=qwen2.5-coder:7b task=simplug-T008 method=B2_raw_api_docs...
[run 2/3] model=qwen2.5-coder:7b task=simplug-T008 method=B3_oracle_api_sequence...
[run 2/3] model=qwen2.5-coder:7b task=simplug-T008 method=B4_gold_pair_rule...
[run 2/3] model=qwen2.5-coder:7b task=simplug-T009 method=B0_direct...
[run 2/3] model=qwen2.5-coder:7b task=simplug-T009 method=B1_api_list...
[run 2/3] model=qwen2.5-coder:7b task=simplug-T009 method=B2_raw_api_docs...
[run 2/3] model=qwen2.5-coder:7b task=simplug-T009 method=B3_oracle_api_sequence...
[run 2/3] model=qwen2.5-coder:7b task=simplug-T009 method=B4_gold_pair_rule...
[run 2/3] model=qwen2.5-coder:7b task=simplug-T010 method=B0_direct...
[run 2/3] model=qwen2.5-coder:7b task=simplug-T010 method=B1_api_list...
[run 2/3] model=qwen2.5-coder:7b task=simplug-T010 method=B2_raw_api_docs...
[run 2/3] model=qwen2.5-coder:7b task=simplug-T010 method=B3_oracle_api_sequence...
[run 2/3] model=qwen2.5-coder:7b task=simplug-T010 method=B4_gold_pair_rule...
[run 2/3] model=llama3.1:8b task=simplug-T001 method=B0_direct...
[run 2/3] model=llama3.1:8b task=simplug-T001 method=B1_api_list...
[run 2/3] model=llama3.1:8b task=simplug-T001 method=B2_raw_api_docs...
[run 2/3] model=llama3.1:8b task=simplug-T001 method=B3_oracle_api_sequence...
[run 2/3] model=llama3.1:8b task=simplug-T001 method=B4_gold_pair_rule...
[run 2/3] model=llama3.1:8b task=simplug-T002 method=B0_direct...
[run 2/3] model=llama3.1:8b task=simplug-T002 method=B1_api_list...
[run 2/3] model=llama3.1:8b task=simplug-T002 method=B2_raw_api_docs...
[run 2/3] model=llama3.1:8b task=simplug-T002 method=B3_oracle_api_sequence...
[run 2/3] model=llama3.1:8b task=simplug-T002 method=B4_gold_pair_rule...
[run 2/3] model=llama3.1:8b task=simplug-T003 method=B0_direct...
[run 2/3] model=llama3.1:8b task=simplug-T003 method=B1_api_list...
[run 2/3] model=llama3.1:8b task=simplug-T003 method=B2_raw_api_docs...
[run 2/3] model=llama3.1:8b task=simplug-T003 method=B3_oracle_api_sequence...
[run 2/3] model=llama3.1:8b task=simplug-T003 method=B4_gold_pair_rule...
[run 2/3] model=llama3.1:8b task=simplug-T004 method=B0_direct...
[run 2/3] model=llama3.1:8b task=simplug-T004 method=B1_api_list...
[run 2/3] model=llama3.1:8b task=simplug-T004 method=B2_raw_api_docs...
[run 2/3] model=llama3.1:8b task=simplug-T004 method=B3_oracle_api_sequence...
[run 2/3] model=llama3.1:8b task=simplug-T004 method=B4_gold_pair_rule...
[run 2/3] model=llama3.1:8b task=simplug-T005 method=B0_direct...
[run 2/3] model=llama3.1:8b task=simplug-T005 method=B1_api_list...
[run 2/3] model=llama3.1:8b task=simplug-T005 method=B2_raw_api_docs...
[run 2/3] model=llama3.1:8b task=simplug-T005 method=B3_oracle_api_sequence...
[run 2/3] model=llama3.1:8b task=simplug-T005 method=B4_gold_pair_rule...
[run 2/3] model=llama3.1:8b task=simplug-T006 method=B0_direct...
[run 2/3] model=llama3.1:8b task=simplug-T006 method=B1_api_list...
[run 2/3] model=llama3.1:8b task=simplug-T006 method=B2_raw_api_docs...
[run 2/3] model=llama3.1:8b task=simplug-T006 method=B3_oracle_api_sequence...
[run 2/3] model=llama3.1:8b task=simplug-T006 method=B4_gold_pair_rule...
[run 2/3] model=llama3.1:8b task=simplug-T007 method=B0_direct...
[run 2/3] model=llama3.1:8b task=simplug-T007 method=B1_api_list...
[run 2/3] model=llama3.1:8b task=simplug-T007 method=B2_raw_api_docs...
[run 2/3] model=llama3.1:8b task=simplug-T007 method=B3_oracle_api_sequence...
[run 2/3] model=llama3.1:8b task=simplug-T007 method=B4_gold_pair_rule...
[run 2/3] model=llama3.1:8b task=simplug-T008 method=B0_direct...
[run 2/3] model=llama3.1:8b task=simplug-T008 method=B1_api_list...
[run 2/3] model=llama3.1:8b task=simplug-T008 method=B2_raw_api_docs...
[run 2/3] model=llama3.1:8b task=simplug-T008 method=B3_oracle_api_sequence...
[run 2/3] model=llama3.1:8b task=simplug-T008 method=B4_gold_pair_rule...
[run 2/3] model=llama3.1:8b task=simplug-T009 method=B0_direct...
[run 2/3] model=llama3.1:8b task=simplug-T009 method=B1_api_list...
[run 2/3] model=llama3.1:8b task=simplug-T009 method=B2_raw_api_docs...
[run 2/3] model=llama3.1:8b task=simplug-T009 method=B3_oracle_api_sequence...
[run 2/3] model=llama3.1:8b task=simplug-T009 method=B4_gold_pair_rule...
[run 2/3] model=llama3.1:8b task=simplug-T010 method=B0_direct...
[run 2/3] model=llama3.1:8b task=simplug-T010 method=B1_api_list...
[run 2/3] model=llama3.1:8b task=simplug-T010 method=B2_raw_api_docs...
[run 2/3] model=llama3.1:8b task=simplug-T010 method=B3_oracle_api_sequence...
[run 2/3] model=llama3.1:8b task=simplug-T010 method=B4_gold_pair_rule...
[run 2/3] model=gemma2:9b task=simplug-T001 method=B0_direct...
[run 2/3] model=gemma2:9b task=simplug-T001 method=B1_api_list...
[run 2/3] model=gemma2:9b task=simplug-T001 method=B2_raw_api_docs...
[run 2/3] model=gemma2:9b task=simplug-T001 method=B3_oracle_api_sequence...
[run 2/3] model=gemma2:9b task=simplug-T001 method=B4_gold_pair_rule...
[run 2/3] model=gemma2:9b task=simplug-T002 method=B0_direct...
[run 2/3] model=gemma2:9b task=simplug-T002 method=B1_api_list...
[run 2/3] model=gemma2:9b task=simplug-T002 method=B2_raw_api_docs...
[run 2/3] model=gemma2:9b task=simplug-T002 method=B3_oracle_api_sequence...
[run 2/3] model=gemma2:9b task=simplug-T002 method=B4_gold_pair_rule...
[run 2/3] model=gemma2:9b task=simplug-T003 method=B0_direct...
[run 2/3] model=gemma2:9b task=simplug-T003 method=B1_api_list...
[run 2/3] model=gemma2:9b task=simplug-T003 method=B2_raw_api_docs...
[run 2/3] model=gemma2:9b task=simplug-T003 method=B3_oracle_api_sequence...
[run 2/3] model=gemma2:9b task=simplug-T003 method=B4_gold_pair_rule...
[run 2/3] model=gemma2:9b task=simplug-T004 method=B0_direct...
[run 2/3] model=gemma2:9b task=simplug-T004 method=B1_api_list...
[run 2/3] model=gemma2:9b task=simplug-T004 method=B2_raw_api_docs...
[run 2/3] model=gemma2:9b task=simplug-T004 method=B3_oracle_api_sequence...
[run 2/3] model=gemma2:9b task=simplug-T004 method=B4_gold_pair_rule...
[run 2/3] model=gemma2:9b task=simplug-T005 method=B0_direct...
[run 2/3] model=gemma2:9b task=simplug-T005 method=B1_api_list...
[run 2/3] model=gemma2:9b task=simplug-T005 method=B2_raw_api_docs...
[run 2/3] model=gemma2:9b task=simplug-T005 method=B3_oracle_api_sequence...
[run 2/3] model=gemma2:9b task=simplug-T005 method=B4_gold_pair_rule...
[run 2/3] model=gemma2:9b task=simplug-T006 method=B0_direct...
[run 2/3] model=gemma2:9b task=simplug-T006 method=B1_api_list...
[run 2/3] model=gemma2:9b task=simplug-T006 method=B2_raw_api_docs...
[run 2/3] model=gemma2:9b task=simplug-T006 method=B3_oracle_api_sequence...
[run 2/3] model=gemma2:9b task=simplug-T006 method=B4_gold_pair_rule...
[run 2/3] model=gemma2:9b task=simplug-T007 method=B0_direct...
[run 2/3] model=gemma2:9b task=simplug-T007 method=B1_api_list...
[run 2/3] model=gemma2:9b task=simplug-T007 method=B2_raw_api_docs...
[run 2/3] model=gemma2:9b task=simplug-T007 method=B3_oracle_api_sequence...
[run 2/3] model=gemma2:9b task=simplug-T007 method=B4_gold_pair_rule...
[run 2/3] model=gemma2:9b task=simplug-T008 method=B0_direct...
[run 2/3] model=gemma2:9b task=simplug-T008 method=B1_api_list...
[run 2/3] model=gemma2:9b task=simplug-T008 method=B2_raw_api_docs...
[run 2/3] model=gemma2:9b task=simplug-T008 method=B3_oracle_api_sequence...
[run 2/3] model=gemma2:9b task=simplug-T008 method=B4_gold_pair_rule...
[run 2/3] model=gemma2:9b task=simplug-T009 method=B0_direct...
[run 2/3] model=gemma2:9b task=simplug-T009 method=B1_api_list...
[run 2/3] model=gemma2:9b task=simplug-T009 method=B2_raw_api_docs...
[run 2/3] model=gemma2:9b task=simplug-T009 method=B3_oracle_api_sequence...
[run 2/3] model=gemma2:9b task=simplug-T009 method=B4_gold_pair_rule...
[run 2/3] model=gemma2:9b task=simplug-T010 method=B0_direct...
[run 2/3] model=gemma2:9b task=simplug-T010 method=B1_api_list...
[run 2/3] model=gemma2:9b task=simplug-T010 method=B2_raw_api_docs...
[run 2/3] model=gemma2:9b task=simplug-T010 method=B3_oracle_api_sequence...
[run 2/3] model=gemma2:9b task=simplug-T010 method=B4_gold_pair_rule...
[run 2/3] model=mistral:7b task=simplug-T001 method=B0_direct...
[run 2/3] model=mistral:7b task=simplug-T001 method=B1_api_list...
[run 2/3] model=mistral:7b task=simplug-T001 method=B2_raw_api_docs...
[run 2/3] model=mistral:7b task=simplug-T001 method=B3_oracle_api_sequence...
[run 2/3] model=mistral:7b task=simplug-T001 method=B4_gold_pair_rule...
[run 2/3] model=mistral:7b task=simplug-T002 method=B0_direct...
[run 2/3] model=mistral:7b task=simplug-T002 method=B1_api_list...
[run 2/3] model=mistral:7b task=simplug-T002 method=B2_raw_api_docs...
[run 2/3] model=mistral:7b task=simplug-T002 method=B3_oracle_api_sequence...
[run 2/3] model=mistral:7b task=simplug-T002 method=B4_gold_pair_rule...
[run 2/3] model=mistral:7b task=simplug-T003 method=B0_direct...
[run 2/3] model=mistral:7b task=simplug-T003 method=B1_api_list...
[run 2/3] model=mistral:7b task=simplug-T003 method=B2_raw_api_docs...
[run 2/3] model=mistral:7b task=simplug-T003 method=B3_oracle_api_sequence...
[run 2/3] model=mistral:7b task=simplug-T003 method=B4_gold_pair_rule...
[run 2/3] model=mistral:7b task=simplug-T004 method=B0_direct...
[run 2/3] model=mistral:7b task=simplug-T004 method=B1_api_list...
[run 2/3] model=mistral:7b task=simplug-T004 method=B2_raw_api_docs...
[run 2/3] model=mistral:7b task=simplug-T004 method=B3_oracle_api_sequence...
[run 2/3] model=mistral:7b task=simplug-T004 method=B4_gold_pair_rule...
[run 2/3] model=mistral:7b task=simplug-T005 method=B0_direct...
[run 2/3] model=mistral:7b task=simplug-T005 method=B1_api_list...
[run 2/3] model=mistral:7b task=simplug-T005 method=B2_raw_api_docs...
[run 2/3] model=mistral:7b task=simplug-T005 method=B3_oracle_api_sequence...
[run 2/3] model=mistral:7b task=simplug-T005 method=B4_gold_pair_rule...
[run 2/3] model=mistral:7b task=simplug-T006 method=B0_direct...
[run 2/3] model=mistral:7b task=simplug-T006 method=B1_api_list...
[run 2/3] model=mistral:7b task=simplug-T006 method=B2_raw_api_docs...
[run 2/3] model=mistral:7b task=simplug-T006 method=B3_oracle_api_sequence...
[run 2/3] model=mistral:7b task=simplug-T006 method=B4_gold_pair_rule...
[run 2/3] model=mistral:7b task=simplug-T007 method=B0_direct...
[run 2/3] model=mistral:7b task=simplug-T007 method=B1_api_list...
[run 2/3] model=mistral:7b task=simplug-T007 method=B2_raw_api_docs...
[run 2/3] model=mistral:7b task=simplug-T007 method=B3_oracle_api_sequence...
[run 2/3] model=mistral:7b task=simplug-T007 method=B4_gold_pair_rule...
[run 2/3] model=mistral:7b task=simplug-T008 method=B0_direct...
[run 2/3] model=mistral:7b task=simplug-T008 method=B1_api_list...
[run 2/3] model=mistral:7b task=simplug-T008 method=B2_raw_api_docs...
[run 2/3] model=mistral:7b task=simplug-T008 method=B3_oracle_api_sequence...
[run 2/3] model=mistral:7b task=simplug-T008 method=B4_gold_pair_rule...
[run 2/3] model=mistral:7b task=simplug-T009 method=B0_direct...
[run 2/3] model=mistral:7b task=simplug-T009 method=B1_api_list...
[run 2/3] model=mistral:7b task=simplug-T009 method=B2_raw_api_docs...
[run 2/3] model=mistral:7b task=simplug-T009 method=B3_oracle_api_sequence...
[run 2/3] model=mistral:7b task=simplug-T009 method=B4_gold_pair_rule...
[run 2/3] model=mistral:7b task=simplug-T010 method=B0_direct...
[run 2/3] model=mistral:7b task=simplug-T010 method=B1_api_list...
[run 2/3] model=mistral:7b task=simplug-T010 method=B2_raw_api_docs...
[run 2/3] model=mistral:7b task=simplug-T010 method=B3_oracle_api_sequence...
[run 2/3] model=mistral:7b task=simplug-T010 method=B4_gold_pair_rule...
[run 3/3] model=qwen2.5:7b task=simplug-T001 method=B0_direct...
[run 3/3] model=qwen2.5:7b task=simplug-T001 method=B1_api_list...
[run 3/3] model=qwen2.5:7b task=simplug-T001 method=B2_raw_api_docs...
[run 3/3] model=qwen2.5:7b task=simplug-T001 method=B3_oracle_api_sequence...
[run 3/3] model=qwen2.5:7b task=simplug-T001 method=B4_gold_pair_rule...
[run 3/3] model=qwen2.5:7b task=simplug-T002 method=B0_direct...
[run 3/3] model=qwen2.5:7b task=simplug-T002 method=B1_api_list...
[run 3/3] model=qwen2.5:7b task=simplug-T002 method=B2_raw_api_docs...
[run 3/3] model=qwen2.5:7b task=simplug-T002 method=B3_oracle_api_sequence...
[run 3/3] model=qwen2.5:7b task=simplug-T002 method=B4_gold_pair_rule...
[run 3/3] model=qwen2.5:7b task=simplug-T003 method=B0_direct...
[run 3/3] model=qwen2.5:7b task=simplug-T003 method=B1_api_list...
[run 3/3] model=qwen2.5:7b task=simplug-T003 method=B2_raw_api_docs...
[run 3/3] model=qwen2.5:7b task=simplug-T003 method=B3_oracle_api_sequence...
[run 3/3] model=qwen2.5:7b task=simplug-T003 method=B4_gold_pair_rule...
[run 3/3] model=qwen2.5:7b task=simplug-T004 method=B0_direct...
[run 3/3] model=qwen2.5:7b task=simplug-T004 method=B1_api_list...
[run 3/3] model=qwen2.5:7b task=simplug-T004 method=B2_raw_api_docs...
[run 3/3] model=qwen2.5:7b task=simplug-T004 method=B3_oracle_api_sequence...
[run 3/3] model=qwen2.5:7b task=simplug-T004 method=B4_gold_pair_rule...
[run 3/3] model=qwen2.5:7b task=simplug-T005 method=B0_direct...
[run 3/3] model=qwen2.5:7b task=simplug-T005 method=B1_api_list...
[run 3/3] model=qwen2.5:7b task=simplug-T005 method=B2_raw_api_docs...
[run 3/3] model=qwen2.5:7b task=simplug-T005 method=B3_oracle_api_sequence...
[run 3/3] model=qwen2.5:7b task=simplug-T005 method=B4_gold_pair_rule...
[run 3/3] model=qwen2.5:7b task=simplug-T006 method=B0_direct...
[run 3/3] model=qwen2.5:7b task=simplug-T006 method=B1_api_list...
[run 3/3] model=qwen2.5:7b task=simplug-T006 method=B2_raw_api_docs...
[run 3/3] model=qwen2.5:7b task=simplug-T006 method=B3_oracle_api_sequence...
[run 3/3] model=qwen2.5:7b task=simplug-T006 method=B4_gold_pair_rule...
[run 3/3] model=qwen2.5:7b task=simplug-T007 method=B0_direct...
[run 3/3] model=qwen2.5:7b task=simplug-T007 method=B1_api_list...
[run 3/3] model=qwen2.5:7b task=simplug-T007 method=B2_raw_api_docs...
[run 3/3] model=qwen2.5:7b task=simplug-T007 method=B3_oracle_api_sequence...
[run 3/3] model=qwen2.5:7b task=simplug-T007 method=B4_gold_pair_rule...
[run 3/3] model=qwen2.5:7b task=simplug-T008 method=B0_direct...
[run 3/3] model=qwen2.5:7b task=simplug-T008 method=B1_api_list...
[run 3/3] model=qwen2.5:7b task=simplug-T008 method=B2_raw_api_docs...
[run 3/3] model=qwen2.5:7b task=simplug-T008 method=B3_oracle_api_sequence...
[run 3/3] model=qwen2.5:7b task=simplug-T008 method=B4_gold_pair_rule...
[run 3/3] model=qwen2.5:7b task=simplug-T009 method=B0_direct...
[run 3/3] model=qwen2.5:7b task=simplug-T009 method=B1_api_list...
[run 3/3] model=qwen2.5:7b task=simplug-T009 method=B2_raw_api_docs...
[run 3/3] model=qwen2.5:7b task=simplug-T009 method=B3_oracle_api_sequence...
[run 3/3] model=qwen2.5:7b task=simplug-T009 method=B4_gold_pair_rule...
[run 3/3] model=qwen2.5:7b task=simplug-T010 method=B0_direct...
[run 3/3] model=qwen2.5:7b task=simplug-T010 method=B1_api_list...
[run 3/3] model=qwen2.5:7b task=simplug-T010 method=B2_raw_api_docs...
[run 3/3] model=qwen2.5:7b task=simplug-T010 method=B3_oracle_api_sequence...
[run 3/3] model=qwen2.5:7b task=simplug-T010 method=B4_gold_pair_rule...
[run 3/3] model=qwen2.5-coder:7b task=simplug-T001 method=B0_direct...
[run 3/3] model=qwen2.5-coder:7b task=simplug-T001 method=B1_api_list...
[run 3/3] model=qwen2.5-coder:7b task=simplug-T001 method=B2_raw_api_docs...
[run 3/3] model=qwen2.5-coder:7b task=simplug-T001 method=B3_oracle_api_sequence...
[run 3/3] model=qwen2.5-coder:7b task=simplug-T001 method=B4_gold_pair_rule...
[run 3/3] model=qwen2.5-coder:7b task=simplug-T002 method=B0_direct...
[run 3/3] model=qwen2.5-coder:7b task=simplug-T002 method=B1_api_list...
[run 3/3] model=qwen2.5-coder:7b task=simplug-T002 method=B2_raw_api_docs...
[run 3/3] model=qwen2.5-coder:7b task=simplug-T002 method=B3_oracle_api_sequence...
[run 3/3] model=qwen2.5-coder:7b task=simplug-T002 method=B4_gold_pair_rule...
[run 3/3] model=qwen2.5-coder:7b task=simplug-T003 method=B0_direct...
[run 3/3] model=qwen2.5-coder:7b task=simplug-T003 method=B1_api_list...
[run 3/3] model=qwen2.5-coder:7b task=simplug-T003 method=B2_raw_api_docs...
[run 3/3] model=qwen2.5-coder:7b task=simplug-T003 method=B3_oracle_api_sequence...
[run 3/3] model=qwen2.5-coder:7b task=simplug-T003 method=B4_gold_pair_rule...
[run 3/3] model=qwen2.5-coder:7b task=simplug-T004 method=B0_direct...
[run 3/3] model=qwen2.5-coder:7b task=simplug-T004 method=B1_api_list...
[run 3/3] model=qwen2.5-coder:7b task=simplug-T004 method=B2_raw_api_docs...
[run 3/3] model=qwen2.5-coder:7b task=simplug-T004 method=B3_oracle_api_sequence...
[run 3/3] model=qwen2.5-coder:7b task=simplug-T004 method=B4_gold_pair_rule...
[run 3/3] model=qwen2.5-coder:7b task=simplug-T005 method=B0_direct...
[run 3/3] model=qwen2.5-coder:7b task=simplug-T005 method=B1_api_list...
[run 3/3] model=qwen2.5-coder:7b task=simplug-T005 method=B2_raw_api_docs...
[run 3/3] model=qwen2.5-coder:7b task=simplug-T005 method=B3_oracle_api_sequence...
[run 3/3] model=qwen2.5-coder:7b task=simplug-T005 method=B4_gold_pair_rule...
[run 3/3] model=qwen2.5-coder:7b task=simplug-T006 method=B0_direct...
[run 3/3] model=qwen2.5-coder:7b task=simplug-T006 method=B1_api_list...
[run 3/3] model=qwen2.5-coder:7b task=simplug-T006 method=B2_raw_api_docs...
[run 3/3] model=qwen2.5-coder:7b task=simplug-T006 method=B3_oracle_api_sequence...
[run 3/3] model=qwen2.5-coder:7b task=simplug-T006 method=B4_gold_pair_rule...
[run 3/3] model=qwen2.5-coder:7b task=simplug-T007 method=B0_direct...
[run 3/3] model=qwen2.5-coder:7b task=simplug-T007 method=B1_api_list...
[run 3/3] model=qwen2.5-coder:7b task=simplug-T007 method=B2_raw_api_docs...
[run 3/3] model=qwen2.5-coder:7b task=simplug-T007 method=B3_oracle_api_sequence...
[run 3/3] model=qwen2.5-coder:7b task=simplug-T007 method=B4_gold_pair_rule...
[run 3/3] model=qwen2.5-coder:7b task=simplug-T008 method=B0_direct...
[run 3/3] model=qwen2.5-coder:7b task=simplug-T008 method=B1_api_list...
[run 3/3] model=qwen2.5-coder:7b task=simplug-T008 method=B2_raw_api_docs...
[run 3/3] model=qwen2.5-coder:7b task=simplug-T008 method=B3_oracle_api_sequence...
[run 3/3] model=qwen2.5-coder:7b task=simplug-T008 method=B4_gold_pair_rule...
[run 3/3] model=qwen2.5-coder:7b task=simplug-T009 method=B0_direct...
[run 3/3] model=qwen2.5-coder:7b task=simplug-T009 method=B1_api_list...
[run 3/3] model=qwen2.5-coder:7b task=simplug-T009 method=B2_raw_api_docs...
[run 3/3] model=qwen2.5-coder:7b task=simplug-T009 method=B3_oracle_api_sequence...
[run 3/3] model=qwen2.5-coder:7b task=simplug-T009 method=B4_gold_pair_rule...
[run 3/3] model=qwen2.5-coder:7b task=simplug-T010 method=B0_direct...
[run 3/3] model=qwen2.5-coder:7b task=simplug-T010 method=B1_api_list...
[run 3/3] model=qwen2.5-coder:7b task=simplug-T010 method=B2_raw_api_docs...
[run 3/3] model=qwen2.5-coder:7b task=simplug-T010 method=B3_oracle_api_sequence...
[run 3/3] model=qwen2.5-coder:7b task=simplug-T010 method=B4_gold_pair_rule...
[run 3/3] model=llama3.1:8b task=simplug-T001 method=B0_direct...
[run 3/3] model=llama3.1:8b task=simplug-T001 method=B1_api_list...
[run 3/3] model=llama3.1:8b task=simplug-T001 method=B2_raw_api_docs...
[run 3/3] model=llama3.1:8b task=simplug-T001 method=B3_oracle_api_sequence...
[run 3/3] model=llama3.1:8b task=simplug-T001 method=B4_gold_pair_rule...
[run 3/3] model=llama3.1:8b task=simplug-T002 method=B0_direct...
[run 3/3] model=llama3.1:8b task=simplug-T002 method=B1_api_list...
[run 3/3] model=llama3.1:8b task=simplug-T002 method=B2_raw_api_docs...
[run 3/3] model=llama3.1:8b task=simplug-T002 method=B3_oracle_api_sequence...
[run 3/3] model=llama3.1:8b task=simplug-T002 method=B4_gold_pair_rule...
[run 3/3] model=llama3.1:8b task=simplug-T003 method=B0_direct...
[run 3/3] model=llama3.1:8b task=simplug-T003 method=B1_api_list...
[run 3/3] model=llama3.1:8b task=simplug-T003 method=B2_raw_api_docs...
[run 3/3] model=llama3.1:8b task=simplug-T003 method=B3_oracle_api_sequence...
[run 3/3] model=llama3.1:8b task=simplug-T003 method=B4_gold_pair_rule...
[run 3/3] model=llama3.1:8b task=simplug-T004 method=B0_direct...
[run 3/3] model=llama3.1:8b task=simplug-T004 method=B1_api_list...
[run 3/3] model=llama3.1:8b task=simplug-T004 method=B2_raw_api_docs...
[run 3/3] model=llama3.1:8b task=simplug-T004 method=B3_oracle_api_sequence...
[run 3/3] model=llama3.1:8b task=simplug-T004 method=B4_gold_pair_rule...
[run 3/3] model=llama3.1:8b task=simplug-T005 method=B0_direct...
[run 3/3] model=llama3.1:8b task=simplug-T005 method=B1_api_list...
[run 3/3] model=llama3.1:8b task=simplug-T005 method=B2_raw_api_docs...
[run 3/3] model=llama3.1:8b task=simplug-T005 method=B3_oracle_api_sequence...
[run 3/3] model=llama3.1:8b task=simplug-T005 method=B4_gold_pair_rule...
[run 3/3] model=llama3.1:8b task=simplug-T006 method=B0_direct...
[run 3/3] model=llama3.1:8b task=simplug-T006 method=B1_api_list...
[run 3/3] model=llama3.1:8b task=simplug-T006 method=B2_raw_api_docs...
[run 3/3] model=llama3.1:8b task=simplug-T006 method=B3_oracle_api_sequence...
[run 3/3] model=llama3.1:8b task=simplug-T006 method=B4_gold_pair_rule...
[run 3/3] model=llama3.1:8b task=simplug-T007 method=B0_direct...
[run 3/3] model=llama3.1:8b task=simplug-T007 method=B1_api_list...
[run 3/3] model=llama3.1:8b task=simplug-T007 method=B2_raw_api_docs...
[run 3/3] model=llama3.1:8b task=simplug-T007 method=B3_oracle_api_sequence...
[run 3/3] model=llama3.1:8b task=simplug-T007 method=B4_gold_pair_rule...
[run 3/3] model=llama3.1:8b task=simplug-T008 method=B0_direct...
[run 3/3] model=llama3.1:8b task=simplug-T008 method=B1_api_list...
[run 3/3] model=llama3.1:8b task=simplug-T008 method=B2_raw_api_docs...
[run 3/3] model=llama3.1:8b task=simplug-T008 method=B3_oracle_api_sequence...
[run 3/3] model=llama3.1:8b task=simplug-T008 method=B4_gold_pair_rule...
[run 3/3] model=llama3.1:8b task=simplug-T009 method=B0_direct...
[run 3/3] model=llama3.1:8b task=simplug-T009 method=B1_api_list...
[run 3/3] model=llama3.1:8b task=simplug-T009 method=B2_raw_api_docs...
[run 3/3] model=llama3.1:8b task=simplug-T009 method=B3_oracle_api_sequence...
[run 3/3] model=llama3.1:8b task=simplug-T009 method=B4_gold_pair_rule...
[run 3/3] model=llama3.1:8b task=simplug-T010 method=B0_direct...
[run 3/3] model=llama3.1:8b task=simplug-T010 method=B1_api_list...
[run 3/3] model=llama3.1:8b task=simplug-T010 method=B2_raw_api_docs...
[run 3/3] model=llama3.1:8b task=simplug-T010 method=B3_oracle_api_sequence...
[run 3/3] model=llama3.1:8b task=simplug-T010 method=B4_gold_pair_rule...
[run 3/3] model=gemma2:9b task=simplug-T001 method=B0_direct...
[run 3/3] model=gemma2:9b task=simplug-T001 method=B1_api_list...
[run 3/3] model=gemma2:9b task=simplug-T001 method=B2_raw_api_docs...
[run 3/3] model=gemma2:9b task=simplug-T001 method=B3_oracle_api_sequence...
[run 3/3] model=gemma2:9b task=simplug-T001 method=B4_gold_pair_rule...
[run 3/3] model=gemma2:9b task=simplug-T002 method=B0_direct...
[run 3/3] model=gemma2:9b task=simplug-T002 method=B1_api_list...
[run 3/3] model=gemma2:9b task=simplug-T002 method=B2_raw_api_docs...
[run 3/3] model=gemma2:9b task=simplug-T002 method=B3_oracle_api_sequence...
[run 3/3] model=gemma2:9b task=simplug-T002 method=B4_gold_pair_rule...
[run 3/3] model=gemma2:9b task=simplug-T003 method=B0_direct...
[run 3/3] model=gemma2:9b task=simplug-T003 method=B1_api_list...
[run 3/3] model=gemma2:9b task=simplug-T003 method=B2_raw_api_docs...
[run 3/3] model=gemma2:9b task=simplug-T003 method=B3_oracle_api_sequence...
[run 3/3] model=gemma2:9b task=simplug-T003 method=B4_gold_pair_rule...
[run 3/3] model=gemma2:9b task=simplug-T004 method=B0_direct...
[run 3/3] model=gemma2:9b task=simplug-T004 method=B1_api_list...
[run 3/3] model=gemma2:9b task=simplug-T004 method=B2_raw_api_docs...
[run 3/3] model=gemma2:9b task=simplug-T004 method=B3_oracle_api_sequence...
[run 3/3] model=gemma2:9b task=simplug-T004 method=B4_gold_pair_rule...
[run 3/3] model=gemma2:9b task=simplug-T005 method=B0_direct...
[run 3/3] model=gemma2:9b task=simplug-T005 method=B1_api_list...
[run 3/3] model=gemma2:9b task=simplug-T005 method=B2_raw_api_docs...
[run 3/3] model=gemma2:9b task=simplug-T005 method=B3_oracle_api_sequence...
[run 3/3] model=gemma2:9b task=simplug-T005 method=B4_gold_pair_rule...
[run 3/3] model=gemma2:9b task=simplug-T006 method=B0_direct...
[run 3/3] model=gemma2:9b task=simplug-T006 method=B1_api_list...
[run 3/3] model=gemma2:9b task=simplug-T006 method=B2_raw_api_docs...
[run 3/3] model=gemma2:9b task=simplug-T006 method=B3_oracle_api_sequence...
[run 3/3] model=gemma2:9b task=simplug-T006 method=B4_gold_pair_rule...
[run 3/3] model=gemma2:9b task=simplug-T007 method=B0_direct...
[run 3/3] model=gemma2:9b task=simplug-T007 method=B1_api_list...
[run 3/3] model=gemma2:9b task=simplug-T007 method=B2_raw_api_docs...
[run 3/3] model=gemma2:9b task=simplug-T007 method=B3_oracle_api_sequence...
[run 3/3] model=gemma2:9b task=simplug-T007 method=B4_gold_pair_rule...
[run 3/3] model=gemma2:9b task=simplug-T008 method=B0_direct...
[run 3/3] model=gemma2:9b task=simplug-T008 method=B1_api_list...
[run 3/3] model=gemma2:9b task=simplug-T008 method=B2_raw_api_docs...
[run 3/3] model=gemma2:9b task=simplug-T008 method=B3_oracle_api_sequence...
[run 3/3] model=gemma2:9b task=simplug-T008 method=B4_gold_pair_rule...
[run 3/3] model=gemma2:9b task=simplug-T009 method=B0_direct...
[run 3/3] model=gemma2:9b task=simplug-T009 method=B1_api_list...
[run 3/3] model=gemma2:9b task=simplug-T009 method=B2_raw_api_docs...
[run 3/3] model=gemma2:9b task=simplug-T009 method=B3_oracle_api_sequence...
[run 3/3] model=gemma2:9b task=simplug-T009 method=B4_gold_pair_rule...
[run 3/3] model=gemma2:9b task=simplug-T010 method=B0_direct...
[run 3/3] model=gemma2:9b task=simplug-T010 method=B1_api_list...
[run 3/3] model=gemma2:9b task=simplug-T010 method=B2_raw_api_docs...
[run 3/3] model=gemma2:9b task=simplug-T010 method=B3_oracle_api_sequence...
[run 3/3] model=gemma2:9b task=simplug-T010 method=B4_gold_pair_rule...
[run 3/3] model=mistral:7b task=simplug-T001 method=B0_direct...
[run 3/3] model=mistral:7b task=simplug-T001 method=B1_api_list...
[run 3/3] model=mistral:7b task=simplug-T001 method=B2_raw_api_docs...
[run 3/3] model=mistral:7b task=simplug-T001 method=B3_oracle_api_sequence...
[run 3/3] model=mistral:7b task=simplug-T001 method=B4_gold_pair_rule...
[run 3/3] model=mistral:7b task=simplug-T002 method=B0_direct...
[run 3/3] model=mistral:7b task=simplug-T002 method=B1_api_list...
[run 3/3] model=mistral:7b task=simplug-T002 method=B2_raw_api_docs...
[run 3/3] model=mistral:7b task=simplug-T002 method=B3_oracle_api_sequence...
[run 3/3] model=mistral:7b task=simplug-T002 method=B4_gold_pair_rule...
[run 3/3] model=mistral:7b task=simplug-T003 method=B0_direct...
[run 3/3] model=mistral:7b task=simplug-T003 method=B1_api_list...
[run 3/3] model=mistral:7b task=simplug-T003 method=B2_raw_api_docs...
[run 3/3] model=mistral:7b task=simplug-T003 method=B3_oracle_api_sequence...
[run 3/3] model=mistral:7b task=simplug-T003 method=B4_gold_pair_rule...
[run 3/3] model=mistral:7b task=simplug-T004 method=B0_direct...
[run 3/3] model=mistral:7b task=simplug-T004 method=B1_api_list...
[run 3/3] model=mistral:7b task=simplug-T004 method=B2_raw_api_docs...
[run 3/3] model=mistral:7b task=simplug-T004 method=B3_oracle_api_sequence...
[run 3/3] model=mistral:7b task=simplug-T004 method=B4_gold_pair_rule...
[run 3/3] model=mistral:7b task=simplug-T005 method=B0_direct...
[run 3/3] model=mistral:7b task=simplug-T005 method=B1_api_list...
[run 3/3] model=mistral:7b task=simplug-T005 method=B2_raw_api_docs...
[run 3/3] model=mistral:7b task=simplug-T005 method=B3_oracle_api_sequence...
[run 3/3] model=mistral:7b task=simplug-T005 method=B4_gold_pair_rule...
[run 3/3] model=mistral:7b task=simplug-T006 method=B0_direct...
[run 3/3] model=mistral:7b task=simplug-T006 method=B1_api_list...
[run 3/3] model=mistral:7b task=simplug-T006 method=B2_raw_api_docs...
[run 3/3] model=mistral:7b task=simplug-T006 method=B3_oracle_api_sequence...
[run 3/3] model=mistral:7b task=simplug-T006 method=B4_gold_pair_rule...
[run 3/3] model=mistral:7b task=simplug-T007 method=B0_direct...
[run 3/3] model=mistral:7b task=simplug-T007 method=B1_api_list...
[run 3/3] model=mistral:7b task=simplug-T007 method=B2_raw_api_docs...
[run 3/3] model=mistral:7b task=simplug-T007 method=B3_oracle_api_sequence...
[run 3/3] model=mistral:7b task=simplug-T007 method=B4_gold_pair_rule...
[run 3/3] model=mistral:7b task=simplug-T008 method=B0_direct...
[run 3/3] model=mistral:7b task=simplug-T008 method=B1_api_list...
[run 3/3] model=mistral:7b task=simplug-T008 method=B2_raw_api_docs...
[run 3/3] model=mistral:7b task=simplug-T008 method=B3_oracle_api_sequence...
[run 3/3] model=mistral:7b task=simplug-T008 method=B4_gold_pair_rule...
[run 3/3] model=mistral:7b task=simplug-T009 method=B0_direct...
[run 3/3] model=mistral:7b task=simplug-T009 method=B1_api_list...
[run 3/3] model=mistral:7b task=simplug-T009 method=B2_raw_api_docs...
[run 3/3] model=mistral:7b task=simplug-T009 method=B3_oracle_api_sequence...
[run 3/3] model=mistral:7b task=simplug-T009 method=B4_gold_pair_rule...
[run 3/3] model=mistral:7b task=simplug-T010 method=B0_direct...
[run 3/3] model=mistral:7b task=simplug-T010 method=B1_api_list...
[run 3/3] model=mistral:7b task=simplug-T010 method=B2_raw_api_docs...
[run 3/3] model=mistral:7b task=simplug-T010 method=B3_oracle_api_sequence...
[run 3/3] model=mistral:7b task=simplug-T010 method=B4_gold_pair_rule...
{
  "qwen2.5:7b": {
    "B0_direct": {
      "n_tasks": 10,
      "runs_per_task": 3,
      "total_rows": 30,
      "syntax_valid": 30,
      "static_validity": 1.0,
      "pair_pass": 4,
      "pair_violation_rate": 0.6
    },
    "B1_api_list": {
      "n_tasks": 10,
      "runs_per_task": 3,
      "total_rows": 30,
      "syntax_valid": 30,
      "static_validity": 1.0,
      "pair_pass": 6,
      "pair_violation_rate": 0.4
    },
    "B2_raw_api_docs": {
      "n_tasks": 10,
      "runs_per_task": 3,
      "total_rows": 30,
      "syntax_valid": 30,
      "static_validity": 1.0,
      "pair_pass": 7,
      "pair_violation_rate": 0.30000000000000004
    },
    "B3_oracle_api_sequence": {
      "n_tasks": 10,
      "runs_per_task": 3,
      "total_rows": 30,
      "syntax_valid": 30,
      "static_validity": 1.0,
      "pair_pass": 5,
      "pair_violation_rate": 0.5
    },
    "B4_gold_pair_rule": {
      "n_tasks": 10,
      "runs_per_task": 3,
      "total_rows": 30,
      "syntax_valid": 30,
      "static_validity": 1.0,
      "pair_pass": 10,
      "pair_violation_rate": 0.0
    }
  },
  "qwen2.5-coder:7b": {
    "B0_direct": {
      "n_tasks": 10,
      "runs_per_task": 3,
      "total_rows": 30,
      "syntax_valid": 30,
      "static_validity": 1.0,
      "pair_pass": 4,
      "pair_violation_rate": 0.6
    },
    "B1_api_list": {
      "n_tasks": 10,
      "runs_per_task": 3,
      "total_rows": 30,
      "syntax_valid": 30,
      "static_validity": 1.0,
      "pair_pass": 4,
      "pair_violation_rate": 0.6
    },
    "B2_raw_api_docs": {
      "n_tasks": 10,
      "runs_per_task": 3,
      "total_rows": 30,
      "syntax_valid": 30,
      "static_validity": 1.0,
      "pair_pass": 6,
      "pair_violation_rate": 0.4
    },
    "B3_oracle_api_sequence": {
      "n_tasks": 10,
      "runs_per_task": 3,
      "total_rows": 30,
      "syntax_valid": 30,
      "static_validity": 1.0,
      "pair_pass": 4,
      "pair_violation_rate": 0.6
    },
    "B4_gold_pair_rule": {
      "n_tasks": 10,
      "runs_per_task": 3,
      "total_rows": 30,
      "syntax_valid": 30,
      "static_validity": 1.0,
      "pair_pass": 9,
      "pair_violation_rate": 0.09999999999999998
    }
  },
  "llama3.1:8b": {
    "B0_direct": {
      "n_tasks": 10,
      "runs_per_task": 3,
      "total_rows": 30,
      "syntax_valid": 27,
      "static_validity": 0.9,
      "pair_pass": 4,
      "pair_violation_rate": 0.6
    },
    "B1_api_list": {
      "n_tasks": 10,
      "runs_per_task": 3,
      "total_rows": 30,
      "syntax_valid": 30,
      "static_validity": 1.0,
      "pair_pass": 5,
      "pair_violation_rate": 0.5
    },
    "B2_raw_api_docs": {
      "n_tasks": 10,
      "runs_per_task": 3,
      "total_rows": 30,
      "syntax_valid": 30,
      "static_validity": 1.0,
      "pair_pass": 5,
      "pair_violation_rate": 0.5
    },
    "B3_oracle_api_sequence": {
      "n_tasks": 10,
      "runs_per_task": 3,
      "total_rows": 30,
      "syntax_valid": 30,
      "static_validity": 1.0,
      "pair_pass": 4,
      "pair_violation_rate": 0.6
    },
    "B4_gold_pair_rule": {
      "n_tasks": 10,
      "runs_per_task": 3,
      "total_rows": 30,
      "syntax_valid": 30,
      "static_validity": 1.0,
      "pair_pass": 8,
      "pair_violation_rate": 0.19999999999999996
    }
  },
  "gemma2:9b": {
    "B0_direct": {
      "n_tasks": 10,
      "runs_per_task": 3,
      "total_rows": 30,
      "syntax_valid": 30,
      "static_validity": 1.0,
      "pair_pass": 4,
      "pair_violation_rate": 0.6
    },
    "B1_api_list": {
      "n_tasks": 10,
      "runs_per_task": 3,
      "total_rows": 30,
      "syntax_valid": 30,
      "static_validity": 1.0,
      "pair_pass": 7,
      "pair_violation_rate": 0.30000000000000004
    },
    "B2_raw_api_docs": {
      "n_tasks": 10,
      "runs_per_task": 3,
      "total_rows": 30,
      "syntax_valid": 30,
      "static_validity": 1.0,
      "pair_pass": 7,
      "pair_violation_rate": 0.30000000000000004
    },
    "B3_oracle_api_sequence": {
      "n_tasks": 10,
      "runs_per_task": 3,
      "total_rows": 30,
      "syntax_valid": 30,
      "static_validity": 1.0,
      "pair_pass": 7,
      "pair_violation_rate": 0.30000000000000004
    },
    "B4_gold_pair_rule": {
      "n_tasks": 10,
      "runs_per_task": 3,
      "total_rows": 30,
      "syntax_valid": 30,
      "static_validity": 1.0,
      "pair_pass": 8,
      "pair_violation_rate": 0.19999999999999996
    }
  },
  "mistral:7b": {
    "B0_direct": {
      "n_tasks": 10,
      "runs_per_task": 3,
      "total_rows": 30,
      "syntax_valid": 30,
      "static_validity": 1.0,
      "pair_pass": 4,
      "pair_violation_rate": 0.6
    },
    "B1_api_list": {
      "n_tasks": 10,
      "runs_per_task": 3,
      "total_rows": 30,
      "syntax_valid": 29,
      "static_validity": 0.9666666666666667,
      "pair_pass": 4,
      "pair_violation_rate": 0.6
    },
    "B2_raw_api_docs": {
      "n_tasks": 10,
      "runs_per_task": 3,
      "total_rows": 30,
      "syntax_valid": 29,
      "static_validity": 0.9666666666666667,
      "pair_pass": 3,
      "pair_violation_rate": 0.7
    },
    "B3_oracle_api_sequence": {
      "n_tasks": 10,
      "runs_per_task": 3,
      "total_rows": 30,
      "syntax_valid": 30,
      "static_validity": 1.0,
      "pair_pass": 6,
      "pair_violation_rate": 0.4
    },
    "B4_gold_pair_rule": {
      "n_tasks": 10,
      "runs_per_task": 3,
      "total_rows": 30,
      "syntax_valid": 30,
      "static_validity": 1.0,
      "pair_pass": 7,
      "pair_violation_rate": 0.30000000000000004
    }
  }
}
Wrote results to C:\Users\Tzx25\Documents\Codex\2026-06-15\pyluvtan-pair-coder-git-https-github\Ollama问题存在性实验\result\simplug_5model
--- [2/2] anchor gate + execution-oracle eval (run_exec_eval.py) ---

== Anchoring suite (oracle validity) ==
  [ok ] simplug-T001  canonical_context_names                      expected=PASS                         got=PASS
  [ok ] simplug-T001  variant_global_sp                            expected=PASS                         got=PASS
  [ok ] simplug-T001  variant_minus_prefix_static_fp               expected=PASS                         got=PASS
  [ok ] simplug-T001  variant_manual_disable_enable_static_fp      expected=PASS                         got=PASS
  [ok ] simplug-T001  violation_object_instead_of_name             expected=FAIL(wrong_output)           got=FAIL(wrong_output)
  [ok ] simplug-T001  violation_no_selection                       expected=FAIL(wrong_output)           got=FAIL(wrong_output)
  [ok ] simplug-T001  violation_not_restored                       expected=FAIL(state_not_restored)     got=FAIL(state_not_restored)
  [ok ] simplug-T001  violation_hallucinated_api                   expected=FAIL(runtime_error)          got=FAIL(runtime_error)
  [ok ] simplug-T002  canonical_context_names                      expected=PASS                         got=PASS
  [ok ] simplug-T002  variant_minus_beta_static_fp                 expected=PASS                         got=PASS
  [ok ] simplug-T002  violation_objects_instead_of_names           expected=FAIL(wrong_output)           got=FAIL(wrong_output)
  [ok ] simplug-T003  canonical_disable_by_name                    expected=PASS                         got=PASS
  [ok ] simplug-T003  variant_wrapper_route                        expected=PASS                         got=PASS
  [ok ] simplug-T003  violation_context_substitute_not_persistent  expected=FAIL(disable_not_persistent) got=FAIL(disable_not_persistent)
  [ok ] simplug-T003  violation_object_instead_of_name             expected=FAIL(runtime_error)          got=FAIL(runtime_error)
  [ok ] simplug-T004  canonical_wrapper_route                      expected=PASS                         got=PASS
  [ok ] simplug-T004  variant_chained_call                         expected=PASS                         got=PASS
  [ok ] simplug-T004  violation_sp_disable_shortcut                expected=FAIL(mechanism_not_used)     got=FAIL(mechanism_not_used)
  [ok ] simplug-T004  violation_get_plugin_object_arg              expected=FAIL(runtime_error)          got=FAIL(runtime_error)
  [ok ] simplug-T004  violation_wrapper_fetched_not_used           expected=FAIL(runtime_error)          got=FAIL(runtime_error)
  [ok ] simplug-T005  canonical_two_phase                          expected=PASS                         got=PASS
  [ok ] simplug-T005  variant_list_return                          expected=PASS                         got=PASS
  [ok ] simplug-T005  violation_single_call                        expected=FAIL(wrong_output_structure) got=FAIL(wrong_output_structure)
  [ok ] simplug-T005  violation_second_call_inside_context         expected=FAIL(wrong_output)           got=FAIL(wrong_output)
  [ok ] simplug-T006  canonical_disable_two_names                  expected=PASS                         got=PASS
  [ok ] simplug-T006  variant_two_calls                            expected=PASS                         got=PASS
  [ok ] simplug-T006  violation_only_alpha_disabled                expected=FAIL(wrong_output)           got=FAIL(wrong_output)
  [ok ] simplug-T006  violation_context_substitute_not_persistent  expected=FAIL(disable_not_persistent) got=FAIL(disable_not_persistent)
  [ok ] simplug-T007  canonical_return_single                      expected=PASS                         got=PASS
  [ok ] simplug-T007  variant_assign_then_return                   expected=PASS                         got=PASS
  [ok ] simplug-T007  violation_wrap_in_list                       expected=FAIL(wrong_output_structure) got=FAIL(wrong_output_structure)
  [ok ] simplug-T007  violation_index_assuming_list                expected=FAIL(wrong_output)           got=FAIL(wrong_output)
  [ok ] simplug-T008  canonical_return_single                      expected=PASS                         got=PASS
  [ok ] simplug-T008  violation_wrap_in_list                       expected=FAIL(wrong_output_structure) got=FAIL(wrong_output_structure)
  [ok ] simplug-T008  violation_first_instead_of_last              expected=FAIL(wrong_output)           got=FAIL(wrong_output)
  [ok ] simplug-T009  canonical_two_wrappers                       expected=PASS                         got=PASS
  [ok ] simplug-T009  variant_assign_wrappers                      expected=PASS                         got=PASS
  [ok ] simplug-T009  violation_sp_disable_shortcut                expected=FAIL(mechanism_not_used)     got=FAIL(mechanism_not_used)
  [ok ] simplug-T009  violation_get_plugin_object_arg              expected=FAIL(runtime_error)          got=FAIL(runtime_error)
  [ok ] simplug-T010  canonical_persistent_then_context            expected=PASS                         got=PASS
  [ok ] simplug-T010  violation_beta_not_disabled_persistently     expected=FAIL(wrong_output)           got=FAIL(wrong_output)
  [ok ] simplug-T010  violation_second_call_inside_context         expected=FAIL(wrong_output)           got=FAIL(wrong_output)
  -> 42/42 anchor cases behave as documented

== Evaluating saved generations in C:\Users\Tzx25\Documents\Codex\2026-06-15\pyluvtan-pair-coder-git-https-github\Ollama问题存在性实验\result\simplug_5model ==
  evaluated 50/750 (1s)
  evaluated 100/750 (2s)
  evaluated 150/750 (2s)
  evaluated 200/750 (3s)
  evaluated 250/750 (4s)
  evaluated 300/750 (5s)
  evaluated 350/750 (5s)
  evaluated 400/750 (6s)
  evaluated 450/750 (7s)
  evaluated 500/750 (8s)
  evaluated 550/750 (8s)
  evaluated 600/750 (9s)
  evaluated 650/750 (10s)
  evaluated 700/750 (11s)
  evaluated 750/750 (11s)
  wrote C:\Users\Tzx25\Documents\Codex\2026-06-15\pyluvtan-pair-coder-git-https-github\Ollama问题存在性实验\result\simplug_5model\exec_eval\exec_results.csv (750 rows)
  wrote C:\Users\Tzx25\Documents\Codex\2026-06-15\pyluvtan-pair-coder-git-https-github\Ollama问题存在性实验\result\simplug_5model\exec_eval\exec_summary.md
{
  "n_run_level": 750,
  "both_pass": 288,
  "both_fail": 325,
  "static_pass_exec_fail": 137,
  "static_fail_exec_pass": 0,
  "agreement_rate": 0.8173333333333334,
  "cohens_kappa": 0.6456285566476979
}

########## diot  ->  C:\Users\Tzx25\Documents\Codex\2026-06-15\pyluvtan-pair-coder-git-https-github\Ollama问题存在性实验\result\diot_5model ##########
--- [1/3] anchor suite (oracle trustworthiness gate) ---
  [ok ] diot-D001  canonical_camel           expected=PASS                         got=PASS
  [ok ] diot-D001  violation_no_transform    expected=FAIL(runtime_error)          got=FAIL(runtime_error)
  [ok ] diot-D002  canonical_snake           expected=PASS                         got=PASS
  [ok ] diot-D002  violation_no_transform    expected=FAIL(runtime_error)          got=FAIL(runtime_error)
  [ok ] diot-D003  canonical_get_default     expected=PASS                         got=PASS
  [ok ] diot-D003  violation_index           expected=FAIL(runtime_error)          got=FAIL(runtime_error)
  [ok ] diot-D004  canonical_to_dict         expected=PASS                         got=PASS
  [ok ] diot-D004  violation_return_diot     expected=FAIL(wrong_output_structure) got=FAIL(wrong_output_structure)
  [ok ] diot-D004  violation_shallow_dict    expected=FAIL(wrong_output_structure) got=FAIL(wrong_output_structure)
  [ok ] diot-D005  canonical_nest_false      expected=PASS                         got=PASS
  [ok ] diot-D005  violation_nest_default    expected=FAIL(wrong_output_structure) got=FAIL(wrong_output_structure)
  [ok ] diot-D006  canonical_nest_true       expected=PASS                         got=PASS
  [ok ] diot-D006  violation_nest_false      expected=FAIL(wrong_output_structure) got=FAIL(wrong_output_structure)
  [ok ] diot-D007  canonical_chain           expected=PASS                         got=PASS
  [ok ] diot-D007  violation_nest_false      expected=FAIL(runtime_error)          got=FAIL(runtime_error)
  [ok ] diot-D008  canonical_todict_index    expected=PASS                         got=PASS
  [ok ] diot-D008  violation_return_dict     expected=FAIL(wrong_output_structure) got=FAIL(wrong_output_structure)
  [ok ] diot-D009  canonical_same_diot       expected=PASS                         got=PASS
  [ok ] diot-D009  violation_new_diot        expected=FAIL(runtime_error)          got=FAIL(runtime_error)
  [ok ] diot-D010  canonical_mutate_same     expected=PASS                         got=PASS
  [ok ] diot-D010  violation_read_fresh      expected=FAIL(wrong_output)           got=FAIL(wrong_output)
  [ok ] diot-D011  canonical_thaw            expected=PASS                         got=PASS
  [ok ] diot-D011  violation_no_thaw         expected=FAIL(runtime_error)          got=FAIL(runtime_error)
  [ok ] diot-D012  canonical_thaw_temporary  expected=PASS                         got=PASS
  [ok ] diot-D012  violation_not_frozen      expected=FAIL(obligation_unmet)       got=FAIL(obligation_unmet)
  -> 25/25 anchor cases behave as documented
--- [2/3] generate (Ollama, B0-B4) ---
== generating diot with 4 model workers (keep_alive=1h, num_predict=500, top_p=0.9) ==
[run 1/3] qwen2.5:7b diot-D001 B0_direct...
[run 1/3] qwen2.5:7b diot-D001 B1_api_list...
[run 1/3] qwen2.5:7b diot-D001 B2_raw_api_docs...
[run 1/3] qwen2.5:7b diot-D001 B3_oracle_api_sequence...
[run 1/3] qwen2.5:7b diot-D001 B4_gold_pair_rule...
[run 1/3] qwen2.5:7b diot-D002 B0_direct...
[run 1/3] qwen2.5:7b diot-D002 B1_api_list...
[run 1/3] qwen2.5:7b diot-D002 B2_raw_api_docs...
[run 1/3] qwen2.5:7b diot-D002 B3_oracle_api_sequence...
[run 1/3] qwen2.5:7b diot-D002 B4_gold_pair_rule...
[run 1/3] qwen2.5:7b diot-D003 B0_direct...
[run 1/3] qwen2.5:7b diot-D003 B1_api_list...
[run 1/3] qwen2.5:7b diot-D003 B2_raw_api_docs...
[run 1/3] qwen2.5:7b diot-D003 B3_oracle_api_sequence...
[run 1/3] qwen2.5:7b diot-D003 B4_gold_pair_rule...
[run 1/3] qwen2.5:7b diot-D004 B0_direct...
[run 1/3] qwen2.5:7b diot-D004 B1_api_list...
[run 1/3] qwen2.5:7b diot-D004 B2_raw_api_docs...
[run 1/3] qwen2.5:7b diot-D004 B3_oracle_api_sequence...
[run 1/3] qwen2.5:7b diot-D004 B4_gold_pair_rule...
[run 1/3] qwen2.5:7b diot-D005 B0_direct...
[run 1/3] qwen2.5:7b diot-D005 B1_api_list...
[run 1/3] qwen2.5:7b diot-D005 B2_raw_api_docs...
[run 1/3] qwen2.5:7b diot-D005 B3_oracle_api_sequence...
[run 1/3] qwen2.5:7b diot-D005 B4_gold_pair_rule...
[run 1/3] qwen2.5:7b diot-D006 B0_direct...
[run 1/3] qwen2.5:7b diot-D006 B1_api_list...
[run 1/3] qwen2.5:7b diot-D006 B2_raw_api_docs...
[run 1/3] qwen2.5:7b diot-D006 B3_oracle_api_sequence...
[run 1/3] qwen2.5:7b diot-D006 B4_gold_pair_rule...
[run 1/3] qwen2.5:7b diot-D007 B0_direct...
[run 1/3] qwen2.5:7b diot-D007 B1_api_list...
[run 1/3] qwen2.5:7b diot-D007 B2_raw_api_docs...
[run 1/3] qwen2.5:7b diot-D007 B3_oracle_api_sequence...
[run 1/3] qwen2.5:7b diot-D007 B4_gold_pair_rule...
[run 1/3] qwen2.5:7b diot-D008 B0_direct...
[run 1/3] qwen2.5:7b diot-D008 B1_api_list...
[run 1/3] qwen2.5:7b diot-D008 B2_raw_api_docs...
[run 1/3] qwen2.5:7b diot-D008 B3_oracle_api_sequence...
[run 1/3] qwen2.5:7b diot-D008 B4_gold_pair_rule...
[run 1/3] qwen2.5:7b diot-D009 B0_direct...
[run 1/3] qwen2.5:7b diot-D009 B1_api_list...
[run 1/3] qwen2.5:7b diot-D009 B2_raw_api_docs...
[run 1/3] qwen2.5:7b diot-D009 B3_oracle_api_sequence...
[run 1/3] qwen2.5:7b diot-D009 B4_gold_pair_rule...
[run 1/3] qwen2.5:7b diot-D010 B0_direct...
[run 1/3] qwen2.5:7b diot-D010 B1_api_list...
[run 1/3] qwen2.5:7b diot-D010 B2_raw_api_docs...
[run 1/3] qwen2.5:7b diot-D010 B3_oracle_api_sequence...
[run 1/3] qwen2.5:7b diot-D010 B4_gold_pair_rule...
[run 1/3] qwen2.5:7b diot-D011 B0_direct...
[run 1/3] qwen2.5:7b diot-D011 B1_api_list...
[run 1/3] qwen2.5:7b diot-D011 B2_raw_api_docs...
[run 1/3] qwen2.5:7b diot-D011 B3_oracle_api_sequence...
[run 1/3] qwen2.5:7b diot-D011 B4_gold_pair_rule...
[run 1/3] qwen2.5:7b diot-D012 B0_direct...
[run 1/3] qwen2.5:7b diot-D012 B1_api_list...
[run 1/3] qwen2.5:7b diot-D012 B2_raw_api_docs...
[run 1/3] qwen2.5:7b diot-D012 B3_oracle_api_sequence...
[run 1/3] qwen2.5:7b diot-D012 B4_gold_pair_rule...
[run 1/3] qwen2.5-coder:7b diot-D001 B0_direct...
[run 1/3] qwen2.5-coder:7b diot-D001 B1_api_list...
[run 1/3] qwen2.5-coder:7b diot-D001 B2_raw_api_docs...
[run 1/3] qwen2.5-coder:7b diot-D001 B3_oracle_api_sequence...
[run 1/3] qwen2.5-coder:7b diot-D001 B4_gold_pair_rule...
[run 1/3] qwen2.5-coder:7b diot-D002 B0_direct...
[run 1/3] qwen2.5-coder:7b diot-D002 B1_api_list...
[run 1/3] qwen2.5-coder:7b diot-D002 B2_raw_api_docs...
[run 1/3] qwen2.5-coder:7b diot-D002 B3_oracle_api_sequence...
[run 1/3] qwen2.5-coder:7b diot-D002 B4_gold_pair_rule...
[run 1/3] qwen2.5-coder:7b diot-D003 B0_direct...
[run 1/3] qwen2.5-coder:7b diot-D003 B1_api_list...
[run 1/3] qwen2.5-coder:7b diot-D003 B2_raw_api_docs...
[run 1/3] qwen2.5-coder:7b diot-D003 B3_oracle_api_sequence...
[run 1/3] qwen2.5-coder:7b diot-D003 B4_gold_pair_rule...
[run 1/3] qwen2.5-coder:7b diot-D004 B0_direct...
[run 1/3] qwen2.5-coder:7b diot-D004 B1_api_list...
[run 1/3] qwen2.5-coder:7b diot-D004 B2_raw_api_docs...
[run 1/3] qwen2.5-coder:7b diot-D004 B3_oracle_api_sequence...
[run 1/3] qwen2.5-coder:7b diot-D004 B4_gold_pair_rule...
[run 1/3] qwen2.5-coder:7b diot-D005 B0_direct...
[run 1/3] qwen2.5-coder:7b diot-D005 B1_api_list...
[run 1/3] qwen2.5-coder:7b diot-D005 B2_raw_api_docs...
[run 1/3] qwen2.5-coder:7b diot-D005 B3_oracle_api_sequence...
[run 1/3] qwen2.5-coder:7b diot-D005 B4_gold_pair_rule...
[run 1/3] qwen2.5-coder:7b diot-D006 B0_direct...
[run 1/3] qwen2.5-coder:7b diot-D006 B1_api_list...
[run 1/3] qwen2.5-coder:7b diot-D006 B2_raw_api_docs...
[run 1/3] qwen2.5-coder:7b diot-D006 B3_oracle_api_sequence...
[run 1/3] qwen2.5-coder:7b diot-D006 B4_gold_pair_rule...
[run 1/3] qwen2.5-coder:7b diot-D007 B0_direct...
[run 1/3] qwen2.5-coder:7b diot-D007 B1_api_list...
[run 1/3] qwen2.5-coder:7b diot-D007 B2_raw_api_docs...
[run 1/3] qwen2.5-coder:7b diot-D007 B3_oracle_api_sequence...
[run 1/3] qwen2.5-coder:7b diot-D007 B4_gold_pair_rule...
[run 1/3] qwen2.5-coder:7b diot-D008 B0_direct...
[run 1/3] qwen2.5-coder:7b diot-D008 B1_api_list...
[run 1/3] qwen2.5-coder:7b diot-D008 B2_raw_api_docs...
[run 1/3] qwen2.5-coder:7b diot-D008 B3_oracle_api_sequence...
[run 1/3] qwen2.5-coder:7b diot-D008 B4_gold_pair_rule...
[run 1/3] qwen2.5-coder:7b diot-D009 B0_direct...
[run 1/3] qwen2.5-coder:7b diot-D009 B1_api_list...
[run 1/3] qwen2.5-coder:7b diot-D009 B2_raw_api_docs...
[run 1/3] qwen2.5-coder:7b diot-D009 B3_oracle_api_sequence...
[run 1/3] qwen2.5-coder:7b diot-D009 B4_gold_pair_rule...
[run 1/3] qwen2.5-coder:7b diot-D010 B0_direct...
[run 1/3] qwen2.5-coder:7b diot-D010 B1_api_list...
[run 1/3] qwen2.5-coder:7b diot-D010 B2_raw_api_docs...
[run 1/3] qwen2.5-coder:7b diot-D010 B3_oracle_api_sequence...
[run 1/3] qwen2.5-coder:7b diot-D010 B4_gold_pair_rule...
[run 1/3] qwen2.5-coder:7b diot-D011 B0_direct...
[run 1/3] qwen2.5-coder:7b diot-D011 B1_api_list...
[run 1/3] qwen2.5-coder:7b diot-D011 B2_raw_api_docs...
[run 1/3] qwen2.5-coder:7b diot-D011 B3_oracle_api_sequence...
[run 1/3] qwen2.5-coder:7b diot-D011 B4_gold_pair_rule...
[run 1/3] qwen2.5-coder:7b diot-D012 B0_direct...
[run 1/3] qwen2.5-coder:7b diot-D012 B1_api_list...
[run 1/3] qwen2.5-coder:7b diot-D012 B2_raw_api_docs...
[run 1/3] qwen2.5-coder:7b diot-D012 B3_oracle_api_sequence...
[run 1/3] qwen2.5-coder:7b diot-D012 B4_gold_pair_rule...
[run 1/3] llama3.1:8b diot-D001 B0_direct...
[run 1/3] llama3.1:8b diot-D001 B1_api_list...
[run 1/3] llama3.1:8b diot-D001 B2_raw_api_docs...
[run 1/3] llama3.1:8b diot-D001 B3_oracle_api_sequence...
[run 1/3] llama3.1:8b diot-D001 B4_gold_pair_rule...
[run 1/3] llama3.1:8b diot-D002 B0_direct...
[run 1/3] llama3.1:8b diot-D002 B1_api_list...
[run 1/3] llama3.1:8b diot-D002 B2_raw_api_docs...
[run 1/3] llama3.1:8b diot-D002 B3_oracle_api_sequence...
[run 1/3] llama3.1:8b diot-D002 B4_gold_pair_rule...
[run 1/3] llama3.1:8b diot-D003 B0_direct...
[run 1/3] llama3.1:8b diot-D003 B1_api_list...
[run 1/3] llama3.1:8b diot-D003 B2_raw_api_docs...
[run 1/3] llama3.1:8b diot-D003 B3_oracle_api_sequence...
[run 1/3] llama3.1:8b diot-D003 B4_gold_pair_rule...
[run 1/3] llama3.1:8b diot-D004 B0_direct...
[run 1/3] llama3.1:8b diot-D004 B1_api_list...
[run 1/3] llama3.1:8b diot-D004 B2_raw_api_docs...
[run 1/3] llama3.1:8b diot-D004 B3_oracle_api_sequence...
[run 1/3] llama3.1:8b diot-D004 B4_gold_pair_rule...
[run 1/3] llama3.1:8b diot-D005 B0_direct...
[run 1/3] llama3.1:8b diot-D005 B1_api_list...
[run 1/3] llama3.1:8b diot-D005 B2_raw_api_docs...
[run 1/3] llama3.1:8b diot-D005 B3_oracle_api_sequence...
[run 1/3] llama3.1:8b diot-D005 B4_gold_pair_rule...
[run 1/3] llama3.1:8b diot-D006 B0_direct...
[run 1/3] llama3.1:8b diot-D006 B1_api_list...
[run 1/3] llama3.1:8b diot-D006 B2_raw_api_docs...
[run 1/3] llama3.1:8b diot-D006 B3_oracle_api_sequence...
[run 1/3] llama3.1:8b diot-D006 B4_gold_pair_rule...
[run 1/3] llama3.1:8b diot-D007 B0_direct...
[run 1/3] llama3.1:8b diot-D007 B1_api_list...
[run 1/3] llama3.1:8b diot-D007 B2_raw_api_docs...
[run 1/3] llama3.1:8b diot-D007 B3_oracle_api_sequence...
[run 1/3] llama3.1:8b diot-D007 B4_gold_pair_rule...
[run 1/3] llama3.1:8b diot-D008 B0_direct...
[run 1/3] llama3.1:8b diot-D008 B1_api_list...
[run 1/3] llama3.1:8b diot-D008 B2_raw_api_docs...
[run 1/3] llama3.1:8b diot-D008 B3_oracle_api_sequence...
[run 1/3] llama3.1:8b diot-D008 B4_gold_pair_rule...
[run 1/3] llama3.1:8b diot-D009 B0_direct...
[run 1/3] llama3.1:8b diot-D009 B1_api_list...
[run 1/3] llama3.1:8b diot-D009 B2_raw_api_docs...
[run 1/3] llama3.1:8b diot-D009 B3_oracle_api_sequence...
[run 1/3] llama3.1:8b diot-D009 B4_gold_pair_rule...
[run 1/3] llama3.1:8b diot-D010 B0_direct...
[run 1/3] llama3.1:8b diot-D010 B1_api_list...
[run 1/3] llama3.1:8b diot-D010 B2_raw_api_docs...
[run 1/3] llama3.1:8b diot-D010 B3_oracle_api_sequence...
[run 1/3] llama3.1:8b diot-D010 B4_gold_pair_rule...
[run 1/3] llama3.1:8b diot-D011 B0_direct...
[run 1/3] llama3.1:8b diot-D011 B1_api_list...
[run 1/3] llama3.1:8b diot-D011 B2_raw_api_docs...
[run 1/3] llama3.1:8b diot-D011 B3_oracle_api_sequence...
[run 1/3] llama3.1:8b diot-D011 B4_gold_pair_rule...
[run 1/3] llama3.1:8b diot-D012 B0_direct...
[run 1/3] llama3.1:8b diot-D012 B1_api_list...
[run 1/3] llama3.1:8b diot-D012 B2_raw_api_docs...
[run 1/3] llama3.1:8b diot-D012 B3_oracle_api_sequence...
[run 1/3] llama3.1:8b diot-D012 B4_gold_pair_rule...
[run 1/3] gemma2:9b diot-D001 B0_direct...
[run 1/3] gemma2:9b diot-D001 B1_api_list...
[run 1/3] gemma2:9b diot-D001 B2_raw_api_docs...
[run 1/3] gemma2:9b diot-D001 B3_oracle_api_sequence...
[run 1/3] gemma2:9b diot-D001 B4_gold_pair_rule...
[run 1/3] gemma2:9b diot-D002 B0_direct...
[run 1/3] gemma2:9b diot-D002 B1_api_list...
[run 1/3] gemma2:9b diot-D002 B2_raw_api_docs...
[run 1/3] gemma2:9b diot-D002 B3_oracle_api_sequence...
[run 1/3] gemma2:9b diot-D002 B4_gold_pair_rule...
[run 1/3] gemma2:9b diot-D003 B0_direct...
[run 1/3] gemma2:9b diot-D003 B1_api_list...
[run 1/3] gemma2:9b diot-D003 B2_raw_api_docs...
[run 1/3] gemma2:9b diot-D003 B3_oracle_api_sequence...
[run 1/3] gemma2:9b diot-D003 B4_gold_pair_rule...
[run 1/3] gemma2:9b diot-D004 B0_direct...
[run 1/3] gemma2:9b diot-D004 B1_api_list...
[run 1/3] gemma2:9b diot-D004 B2_raw_api_docs...
[run 1/3] gemma2:9b diot-D004 B3_oracle_api_sequence...
[run 1/3] gemma2:9b diot-D004 B4_gold_pair_rule...
[run 1/3] gemma2:9b diot-D005 B0_direct...
[run 1/3] gemma2:9b diot-D005 B1_api_list...
[run 1/3] gemma2:9b diot-D005 B2_raw_api_docs...
[run 1/3] gemma2:9b diot-D005 B3_oracle_api_sequence...
[run 1/3] gemma2:9b diot-D005 B4_gold_pair_rule...
[run 1/3] gemma2:9b diot-D006 B0_direct...
[run 1/3] gemma2:9b diot-D006 B1_api_list...
[run 1/3] gemma2:9b diot-D006 B2_raw_api_docs...
[run 1/3] gemma2:9b diot-D006 B3_oracle_api_sequence...
[run 1/3] gemma2:9b diot-D006 B4_gold_pair_rule...
[run 1/3] gemma2:9b diot-D007 B0_direct...
[run 1/3] gemma2:9b diot-D007 B1_api_list...
[run 1/3] gemma2:9b diot-D007 B2_raw_api_docs...
[run 1/3] gemma2:9b diot-D007 B3_oracle_api_sequence...
[run 1/3] gemma2:9b diot-D007 B4_gold_pair_rule...
[run 1/3] gemma2:9b diot-D008 B0_direct...
[run 1/3] gemma2:9b diot-D008 B1_api_list...
[run 1/3] gemma2:9b diot-D008 B2_raw_api_docs...
[run 1/3] gemma2:9b diot-D008 B3_oracle_api_sequence...
[run 1/3] gemma2:9b diot-D008 B4_gold_pair_rule...
[run 1/3] gemma2:9b diot-D009 B0_direct...
[run 1/3] gemma2:9b diot-D009 B1_api_list...
[run 1/3] gemma2:9b diot-D009 B2_raw_api_docs...
[run 1/3] gemma2:9b diot-D009 B3_oracle_api_sequence...
[run 1/3] gemma2:9b diot-D009 B4_gold_pair_rule...
[run 1/3] gemma2:9b diot-D010 B0_direct...
[run 1/3] gemma2:9b diot-D010 B1_api_list...
[run 1/3] gemma2:9b diot-D010 B2_raw_api_docs...
[run 1/3] gemma2:9b diot-D010 B3_oracle_api_sequence...
[run 1/3] gemma2:9b diot-D010 B4_gold_pair_rule...
[run 1/3] gemma2:9b diot-D011 B0_direct...
[run 1/3] gemma2:9b diot-D011 B1_api_list...
[run 1/3] gemma2:9b diot-D011 B2_raw_api_docs...
[run 1/3] gemma2:9b diot-D011 B3_oracle_api_sequence...
[run 1/3] gemma2:9b diot-D011 B4_gold_pair_rule...
[run 1/3] gemma2:9b diot-D012 B0_direct...
[run 1/3] gemma2:9b diot-D012 B1_api_list...
[run 1/3] gemma2:9b diot-D012 B2_raw_api_docs...
[run 1/3] gemma2:9b diot-D012 B3_oracle_api_sequence...
[run 1/3] gemma2:9b diot-D012 B4_gold_pair_rule...
[run 1/3] mistral:7b diot-D001 B0_direct...
[run 1/3] mistral:7b diot-D001 B1_api_list...
[run 1/3] mistral:7b diot-D001 B2_raw_api_docs...
[run 1/3] mistral:7b diot-D001 B3_oracle_api_sequence...
[run 1/3] mistral:7b diot-D001 B4_gold_pair_rule...
[run 1/3] mistral:7b diot-D002 B0_direct...
[run 1/3] mistral:7b diot-D002 B1_api_list...
[run 1/3] mistral:7b diot-D002 B2_raw_api_docs...
[run 1/3] mistral:7b diot-D002 B3_oracle_api_sequence...
[run 1/3] mistral:7b diot-D002 B4_gold_pair_rule...
[run 1/3] mistral:7b diot-D003 B0_direct...
[run 1/3] mistral:7b diot-D003 B1_api_list...
[run 1/3] mistral:7b diot-D003 B2_raw_api_docs...
[run 1/3] mistral:7b diot-D003 B3_oracle_api_sequence...
[run 1/3] mistral:7b diot-D003 B4_gold_pair_rule...
[run 1/3] mistral:7b diot-D004 B0_direct...
[run 1/3] mistral:7b diot-D004 B1_api_list...
[run 1/3] mistral:7b diot-D004 B2_raw_api_docs...
[run 1/3] mistral:7b diot-D004 B3_oracle_api_sequence...
[run 1/3] mistral:7b diot-D004 B4_gold_pair_rule...
[run 1/3] mistral:7b diot-D005 B0_direct...
[run 1/3] mistral:7b diot-D005 B1_api_list...
[run 1/3] mistral:7b diot-D005 B2_raw_api_docs...
[run 1/3] mistral:7b diot-D005 B3_oracle_api_sequence...
[run 1/3] mistral:7b diot-D005 B4_gold_pair_rule...
[run 1/3] mistral:7b diot-D006 B0_direct...
[run 1/3] mistral:7b diot-D006 B1_api_list...
[run 1/3] mistral:7b diot-D006 B2_raw_api_docs...
[run 1/3] mistral:7b diot-D006 B3_oracle_api_sequence...
[run 1/3] mistral:7b diot-D006 B4_gold_pair_rule...
[run 1/3] mistral:7b diot-D007 B0_direct...
[run 1/3] mistral:7b diot-D007 B1_api_list...
[run 1/3] mistral:7b diot-D007 B2_raw_api_docs...
[run 1/3] mistral:7b diot-D007 B3_oracle_api_sequence...
[run 1/3] mistral:7b diot-D007 B4_gold_pair_rule...
[run 1/3] mistral:7b diot-D008 B0_direct...
[run 1/3] mistral:7b diot-D008 B1_api_list...
[run 1/3] mistral:7b diot-D008 B2_raw_api_docs...
[run 1/3] mistral:7b diot-D008 B3_oracle_api_sequence...
[run 1/3] mistral:7b diot-D008 B4_gold_pair_rule...
[run 1/3] mistral:7b diot-D009 B0_direct...
[run 1/3] mistral:7b diot-D009 B1_api_list...
[run 1/3] mistral:7b diot-D009 B2_raw_api_docs...
[run 1/3] mistral:7b diot-D009 B3_oracle_api_sequence...
[run 1/3] mistral:7b diot-D009 B4_gold_pair_rule...
[run 1/3] mistral:7b diot-D010 B0_direct...
[run 1/3] mistral:7b diot-D010 B1_api_list...
[run 1/3] mistral:7b diot-D010 B2_raw_api_docs...
[run 1/3] mistral:7b diot-D010 B3_oracle_api_sequence...
[run 1/3] mistral:7b diot-D010 B4_gold_pair_rule...
[run 1/3] mistral:7b diot-D011 B0_direct...
[run 1/3] mistral:7b diot-D011 B1_api_list...
[run 1/3] mistral:7b diot-D011 B2_raw_api_docs...
[run 1/3] mistral:7b diot-D011 B3_oracle_api_sequence...
[run 1/3] mistral:7b diot-D011 B4_gold_pair_rule...
[run 1/3] mistral:7b diot-D012 B0_direct...
[run 1/3] mistral:7b diot-D012 B1_api_list...
[run 1/3] mistral:7b diot-D012 B2_raw_api_docs...
[run 1/3] mistral:7b diot-D012 B3_oracle_api_sequence...
[run 1/3] mistral:7b diot-D012 B4_gold_pair_rule...
[run 2/3] qwen2.5:7b diot-D001 B0_direct...
[run 2/3] qwen2.5:7b diot-D001 B1_api_list...
[run 2/3] qwen2.5:7b diot-D001 B2_raw_api_docs...
[run 2/3] qwen2.5:7b diot-D001 B3_oracle_api_sequence...
[run 2/3] qwen2.5:7b diot-D001 B4_gold_pair_rule...
[run 2/3] qwen2.5:7b diot-D002 B0_direct...
[run 2/3] qwen2.5:7b diot-D002 B1_api_list...
[run 2/3] qwen2.5:7b diot-D002 B2_raw_api_docs...
[run 2/3] qwen2.5:7b diot-D002 B3_oracle_api_sequence...
[run 2/3] qwen2.5:7b diot-D002 B4_gold_pair_rule...
[run 2/3] qwen2.5:7b diot-D003 B0_direct...
[run 2/3] qwen2.5:7b diot-D003 B1_api_list...
[run 2/3] qwen2.5:7b diot-D003 B2_raw_api_docs...
[run 2/3] qwen2.5:7b diot-D003 B3_oracle_api_sequence...
[run 2/3] qwen2.5:7b diot-D003 B4_gold_pair_rule...
[run 2/3] qwen2.5:7b diot-D004 B0_direct...
[run 2/3] qwen2.5:7b diot-D004 B1_api_list...
[run 2/3] qwen2.5:7b diot-D004 B2_raw_api_docs...
[run 2/3] qwen2.5:7b diot-D004 B3_oracle_api_sequence...
[run 2/3] qwen2.5:7b diot-D004 B4_gold_pair_rule...
[run 2/3] qwen2.5:7b diot-D005 B0_direct...
[run 2/3] qwen2.5:7b diot-D005 B1_api_list...
[run 2/3] qwen2.5:7b diot-D005 B2_raw_api_docs...
[run 2/3] qwen2.5:7b diot-D005 B3_oracle_api_sequence...
[run 2/3] qwen2.5:7b diot-D005 B4_gold_pair_rule...
[run 2/3] qwen2.5:7b diot-D006 B0_direct...
[run 2/3] qwen2.5:7b diot-D006 B1_api_list...
[run 2/3] qwen2.5:7b diot-D006 B2_raw_api_docs...
[run 2/3] qwen2.5:7b diot-D006 B3_oracle_api_sequence...
[run 2/3] qwen2.5:7b diot-D006 B4_gold_pair_rule...
[run 2/3] qwen2.5:7b diot-D007 B0_direct...
[run 2/3] qwen2.5:7b diot-D007 B1_api_list...
[run 2/3] qwen2.5:7b diot-D007 B2_raw_api_docs...
[run 2/3] qwen2.5:7b diot-D007 B3_oracle_api_sequence...
[run 2/3] qwen2.5:7b diot-D007 B4_gold_pair_rule...
[run 2/3] qwen2.5:7b diot-D008 B0_direct...
[run 2/3] qwen2.5:7b diot-D008 B1_api_list...
[run 2/3] qwen2.5:7b diot-D008 B2_raw_api_docs...
[run 2/3] qwen2.5:7b diot-D008 B3_oracle_api_sequence...
[run 2/3] qwen2.5:7b diot-D008 B4_gold_pair_rule...
[run 2/3] qwen2.5:7b diot-D009 B0_direct...
[run 2/3] qwen2.5:7b diot-D009 B1_api_list...
[run 2/3] qwen2.5:7b diot-D009 B2_raw_api_docs...
[run 2/3] qwen2.5:7b diot-D009 B3_oracle_api_sequence...
[run 2/3] qwen2.5:7b diot-D009 B4_gold_pair_rule...
[run 2/3] qwen2.5:7b diot-D010 B0_direct...
[run 2/3] qwen2.5:7b diot-D010 B1_api_list...
[run 2/3] qwen2.5:7b diot-D010 B2_raw_api_docs...
[run 2/3] qwen2.5:7b diot-D010 B3_oracle_api_sequence...
[run 2/3] qwen2.5:7b diot-D010 B4_gold_pair_rule...
[run 2/3] qwen2.5:7b diot-D011 B0_direct...
[run 2/3] qwen2.5:7b diot-D011 B1_api_list...
[run 2/3] qwen2.5:7b diot-D011 B2_raw_api_docs...
[run 2/3] qwen2.5:7b diot-D011 B3_oracle_api_sequence...
[run 2/3] qwen2.5:7b diot-D011 B4_gold_pair_rule...
[run 2/3] qwen2.5:7b diot-D012 B0_direct...
[run 2/3] qwen2.5:7b diot-D012 B1_api_list...
[run 2/3] qwen2.5:7b diot-D012 B2_raw_api_docs...
[run 2/3] qwen2.5:7b diot-D012 B3_oracle_api_sequence...
[run 2/3] qwen2.5:7b diot-D012 B4_gold_pair_rule...
[run 2/3] qwen2.5-coder:7b diot-D001 B0_direct...
[run 2/3] qwen2.5-coder:7b diot-D001 B1_api_list...
[run 2/3] qwen2.5-coder:7b diot-D001 B2_raw_api_docs...
[run 2/3] qwen2.5-coder:7b diot-D001 B3_oracle_api_sequence...
[run 2/3] qwen2.5-coder:7b diot-D001 B4_gold_pair_rule...
[run 2/3] qwen2.5-coder:7b diot-D002 B0_direct...
[run 2/3] qwen2.5-coder:7b diot-D002 B1_api_list...
[run 2/3] qwen2.5-coder:7b diot-D002 B2_raw_api_docs...
[run 2/3] qwen2.5-coder:7b diot-D002 B3_oracle_api_sequence...
[run 2/3] qwen2.5-coder:7b diot-D002 B4_gold_pair_rule...
[run 2/3] qwen2.5-coder:7b diot-D003 B0_direct...
[run 2/3] qwen2.5-coder:7b diot-D003 B1_api_list...
[run 2/3] qwen2.5-coder:7b diot-D003 B2_raw_api_docs...
[run 2/3] qwen2.5-coder:7b diot-D003 B3_oracle_api_sequence...
[run 2/3] qwen2.5-coder:7b diot-D003 B4_gold_pair_rule...
[run 2/3] qwen2.5-coder:7b diot-D004 B0_direct...
[run 2/3] qwen2.5-coder:7b diot-D004 B1_api_list...
[run 2/3] qwen2.5-coder:7b diot-D004 B2_raw_api_docs...
[run 2/3] qwen2.5-coder:7b diot-D004 B3_oracle_api_sequence...
[run 2/3] qwen2.5-coder:7b diot-D004 B4_gold_pair_rule...
[run 2/3] qwen2.5-coder:7b diot-D005 B0_direct...
[run 2/3] qwen2.5-coder:7b diot-D005 B1_api_list...
[run 2/3] qwen2.5-coder:7b diot-D005 B2_raw_api_docs...
[run 2/3] qwen2.5-coder:7b diot-D005 B3_oracle_api_sequence...
[run 2/3] qwen2.5-coder:7b diot-D005 B4_gold_pair_rule...
[run 2/3] qwen2.5-coder:7b diot-D006 B0_direct...
[run 2/3] qwen2.5-coder:7b diot-D006 B1_api_list...
[run 2/3] qwen2.5-coder:7b diot-D006 B2_raw_api_docs...
[run 2/3] qwen2.5-coder:7b diot-D006 B3_oracle_api_sequence...
[run 2/3] qwen2.5-coder:7b diot-D006 B4_gold_pair_rule...
[run 2/3] qwen2.5-coder:7b diot-D007 B0_direct...
[run 2/3] qwen2.5-coder:7b diot-D007 B1_api_list...
[run 2/3] qwen2.5-coder:7b diot-D007 B2_raw_api_docs...
[run 2/3] qwen2.5-coder:7b diot-D007 B3_oracle_api_sequence...
[run 2/3] qwen2.5-coder:7b diot-D007 B4_gold_pair_rule...
[run 2/3] qwen2.5-coder:7b diot-D008 B0_direct...
[run 2/3] qwen2.5-coder:7b diot-D008 B1_api_list...
[run 2/3] qwen2.5-coder:7b diot-D008 B2_raw_api_docs...
[run 2/3] qwen2.5-coder:7b diot-D008 B3_oracle_api_sequence...
[run 2/3] qwen2.5-coder:7b diot-D008 B4_gold_pair_rule...
[run 2/3] qwen2.5-coder:7b diot-D009 B0_direct...
[run 2/3] qwen2.5-coder:7b diot-D009 B1_api_list...
[run 2/3] qwen2.5-coder:7b diot-D009 B2_raw_api_docs...
[run 2/3] qwen2.5-coder:7b diot-D009 B3_oracle_api_sequence...
[run 2/3] qwen2.5-coder:7b diot-D009 B4_gold_pair_rule...
[run 2/3] qwen2.5-coder:7b diot-D010 B0_direct...
[run 2/3] qwen2.5-coder:7b diot-D010 B1_api_list...
[run 2/3] qwen2.5-coder:7b diot-D010 B2_raw_api_docs...
[run 2/3] qwen2.5-coder:7b diot-D010 B3_oracle_api_sequence...
[run 2/3] qwen2.5-coder:7b diot-D010 B4_gold_pair_rule...
[run 2/3] qwen2.5-coder:7b diot-D011 B0_direct...
[run 2/3] qwen2.5-coder:7b diot-D011 B1_api_list...
[run 2/3] qwen2.5-coder:7b diot-D011 B2_raw_api_docs...
[run 2/3] qwen2.5-coder:7b diot-D011 B3_oracle_api_sequence...
[run 2/3] qwen2.5-coder:7b diot-D011 B4_gold_pair_rule...
[run 2/3] qwen2.5-coder:7b diot-D012 B0_direct...
[run 2/3] qwen2.5-coder:7b diot-D012 B1_api_list...
[run 2/3] qwen2.5-coder:7b diot-D012 B2_raw_api_docs...
[run 2/3] qwen2.5-coder:7b diot-D012 B3_oracle_api_sequence...
[run 2/3] qwen2.5-coder:7b diot-D012 B4_gold_pair_rule...
[run 2/3] llama3.1:8b diot-D001 B0_direct...
[run 2/3] llama3.1:8b diot-D001 B1_api_list...
[run 2/3] llama3.1:8b diot-D001 B2_raw_api_docs...
[run 2/3] llama3.1:8b diot-D001 B3_oracle_api_sequence...
[run 2/3] llama3.1:8b diot-D001 B4_gold_pair_rule...
[run 2/3] llama3.1:8b diot-D002 B0_direct...
[run 2/3] llama3.1:8b diot-D002 B1_api_list...
[run 2/3] llama3.1:8b diot-D002 B2_raw_api_docs...
[run 2/3] llama3.1:8b diot-D002 B3_oracle_api_sequence...
[run 2/3] llama3.1:8b diot-D002 B4_gold_pair_rule...
[run 2/3] llama3.1:8b diot-D003 B0_direct...
[run 2/3] llama3.1:8b diot-D003 B1_api_list...
[run 2/3] llama3.1:8b diot-D003 B2_raw_api_docs...
[run 2/3] llama3.1:8b diot-D003 B3_oracle_api_sequence...
[run 2/3] llama3.1:8b diot-D003 B4_gold_pair_rule...
[run 2/3] llama3.1:8b diot-D004 B0_direct...
[run 2/3] llama3.1:8b diot-D004 B1_api_list...
[run 2/3] llama3.1:8b diot-D004 B2_raw_api_docs...
[run 2/3] llama3.1:8b diot-D004 B3_oracle_api_sequence...
[run 2/3] llama3.1:8b diot-D004 B4_gold_pair_rule...
[run 2/3] llama3.1:8b diot-D005 B0_direct...
[run 2/3] llama3.1:8b diot-D005 B1_api_list...
[run 2/3] llama3.1:8b diot-D005 B2_raw_api_docs...
[run 2/3] llama3.1:8b diot-D005 B3_oracle_api_sequence...
[run 2/3] llama3.1:8b diot-D005 B4_gold_pair_rule...
[run 2/3] llama3.1:8b diot-D006 B0_direct...
[run 2/3] llama3.1:8b diot-D006 B1_api_list...
[run 2/3] llama3.1:8b diot-D006 B2_raw_api_docs...
[run 2/3] llama3.1:8b diot-D006 B3_oracle_api_sequence...
[run 2/3] llama3.1:8b diot-D006 B4_gold_pair_rule...
[run 2/3] llama3.1:8b diot-D007 B0_direct...
[run 2/3] llama3.1:8b diot-D007 B1_api_list...
[run 2/3] llama3.1:8b diot-D007 B2_raw_api_docs...
[run 2/3] llama3.1:8b diot-D007 B3_oracle_api_sequence...
[run 2/3] llama3.1:8b diot-D007 B4_gold_pair_rule...
[run 2/3] llama3.1:8b diot-D008 B0_direct...
[run 2/3] llama3.1:8b diot-D008 B1_api_list...
[run 2/3] llama3.1:8b diot-D008 B2_raw_api_docs...
[run 2/3] llama3.1:8b diot-D008 B3_oracle_api_sequence...
[run 2/3] llama3.1:8b diot-D008 B4_gold_pair_rule...
[run 2/3] llama3.1:8b diot-D009 B0_direct...
[run 2/3] llama3.1:8b diot-D009 B1_api_list...
[run 2/3] llama3.1:8b diot-D009 B2_raw_api_docs...
[run 2/3] llama3.1:8b diot-D009 B3_oracle_api_sequence...
[run 2/3] llama3.1:8b diot-D009 B4_gold_pair_rule...
[run 2/3] llama3.1:8b diot-D010 B0_direct...
[run 2/3] llama3.1:8b diot-D010 B1_api_list...
[run 2/3] llama3.1:8b diot-D010 B2_raw_api_docs...
[run 2/3] llama3.1:8b diot-D010 B3_oracle_api_sequence...
[run 2/3] llama3.1:8b diot-D010 B4_gold_pair_rule...
[run 2/3] llama3.1:8b diot-D011 B0_direct...
[run 2/3] llama3.1:8b diot-D011 B1_api_list...
[run 2/3] llama3.1:8b diot-D011 B2_raw_api_docs...
[run 2/3] llama3.1:8b diot-D011 B3_oracle_api_sequence...
[run 2/3] llama3.1:8b diot-D011 B4_gold_pair_rule...
[run 2/3] llama3.1:8b diot-D012 B0_direct...
[run 2/3] llama3.1:8b diot-D012 B1_api_list...
[run 2/3] llama3.1:8b diot-D012 B2_raw_api_docs...
[run 2/3] llama3.1:8b diot-D012 B3_oracle_api_sequence...
[run 2/3] llama3.1:8b diot-D012 B4_gold_pair_rule...
[run 2/3] gemma2:9b diot-D001 B0_direct...
[run 2/3] gemma2:9b diot-D001 B1_api_list...
[run 2/3] gemma2:9b diot-D001 B2_raw_api_docs...
[run 2/3] gemma2:9b diot-D001 B3_oracle_api_sequence...
[run 2/3] gemma2:9b diot-D001 B4_gold_pair_rule...
[run 2/3] gemma2:9b diot-D002 B0_direct...
[run 2/3] gemma2:9b diot-D002 B1_api_list...
[run 2/3] gemma2:9b diot-D002 B2_raw_api_docs...
[run 2/3] gemma2:9b diot-D002 B3_oracle_api_sequence...
[run 2/3] gemma2:9b diot-D002 B4_gold_pair_rule...
[run 2/3] gemma2:9b diot-D003 B0_direct...
[run 2/3] gemma2:9b diot-D003 B1_api_list...
[run 2/3] gemma2:9b diot-D003 B2_raw_api_docs...
[run 2/3] gemma2:9b diot-D003 B3_oracle_api_sequence...
[run 2/3] gemma2:9b diot-D003 B4_gold_pair_rule...
[run 2/3] gemma2:9b diot-D004 B0_direct...
[run 2/3] gemma2:9b diot-D004 B1_api_list...
[run 2/3] gemma2:9b diot-D004 B2_raw_api_docs...
[run 2/3] gemma2:9b diot-D004 B3_oracle_api_sequence...
[run 2/3] gemma2:9b diot-D004 B4_gold_pair_rule...
[run 2/3] gemma2:9b diot-D005 B0_direct...
[run 2/3] gemma2:9b diot-D005 B1_api_list...
[run 2/3] gemma2:9b diot-D005 B2_raw_api_docs...
[run 2/3] gemma2:9b diot-D005 B3_oracle_api_sequence...
[run 2/3] gemma2:9b diot-D005 B4_gold_pair_rule...
[run 2/3] gemma2:9b diot-D006 B0_direct...
[run 2/3] gemma2:9b diot-D006 B1_api_list...
[run 2/3] gemma2:9b diot-D006 B2_raw_api_docs...
[run 2/3] gemma2:9b diot-D006 B3_oracle_api_sequence...
[run 2/3] gemma2:9b diot-D006 B4_gold_pair_rule...
[run 2/3] gemma2:9b diot-D007 B0_direct...
[run 2/3] gemma2:9b diot-D007 B1_api_list...
[run 2/3] gemma2:9b diot-D007 B2_raw_api_docs...
[run 2/3] gemma2:9b diot-D007 B3_oracle_api_sequence...
[run 2/3] gemma2:9b diot-D007 B4_gold_pair_rule...
[run 2/3] gemma2:9b diot-D008 B0_direct...
[run 2/3] gemma2:9b diot-D008 B1_api_list...
[run 2/3] gemma2:9b diot-D008 B2_raw_api_docs...
[run 2/3] gemma2:9b diot-D008 B3_oracle_api_sequence...
[run 2/3] gemma2:9b diot-D008 B4_gold_pair_rule...
[run 2/3] gemma2:9b diot-D009 B0_direct...
[run 2/3] gemma2:9b diot-D009 B1_api_list...
[run 2/3] gemma2:9b diot-D009 B2_raw_api_docs...
[run 2/3] gemma2:9b diot-D009 B3_oracle_api_sequence...
[run 2/3] gemma2:9b diot-D009 B4_gold_pair_rule...
[run 2/3] gemma2:9b diot-D010 B0_direct...
[run 2/3] gemma2:9b diot-D010 B1_api_list...
[run 2/3] gemma2:9b diot-D010 B2_raw_api_docs...
[run 2/3] gemma2:9b diot-D010 B3_oracle_api_sequence...
[run 2/3] gemma2:9b diot-D010 B4_gold_pair_rule...
[run 2/3] gemma2:9b diot-D011 B0_direct...
[run 2/3] gemma2:9b diot-D011 B1_api_list...
[run 2/3] gemma2:9b diot-D011 B2_raw_api_docs...
[run 2/3] gemma2:9b diot-D011 B3_oracle_api_sequence...
[run 2/3] gemma2:9b diot-D011 B4_gold_pair_rule...
[run 2/3] gemma2:9b diot-D012 B0_direct...
[run 2/3] gemma2:9b diot-D012 B1_api_list...
[run 2/3] gemma2:9b diot-D012 B2_raw_api_docs...
[run 2/3] gemma2:9b diot-D012 B3_oracle_api_sequence...
[run 2/3] gemma2:9b diot-D012 B4_gold_pair_rule...
[run 2/3] mistral:7b diot-D001 B0_direct...
[run 2/3] mistral:7b diot-D001 B1_api_list...
[run 2/3] mistral:7b diot-D001 B2_raw_api_docs...
[run 2/3] mistral:7b diot-D001 B3_oracle_api_sequence...
[run 2/3] mistral:7b diot-D001 B4_gold_pair_rule...
[run 2/3] mistral:7b diot-D002 B0_direct...
[run 2/3] mistral:7b diot-D002 B1_api_list...
[run 2/3] mistral:7b diot-D002 B2_raw_api_docs...
[run 2/3] mistral:7b diot-D002 B3_oracle_api_sequence...
[run 2/3] mistral:7b diot-D002 B4_gold_pair_rule...
[run 2/3] mistral:7b diot-D003 B0_direct...
[run 2/3] mistral:7b diot-D003 B1_api_list...
[run 2/3] mistral:7b diot-D003 B2_raw_api_docs...
[run 2/3] mistral:7b diot-D003 B3_oracle_api_sequence...
[run 2/3] mistral:7b diot-D003 B4_gold_pair_rule...
[run 2/3] mistral:7b diot-D004 B0_direct...
[run 2/3] mistral:7b diot-D004 B1_api_list...
[run 2/3] mistral:7b diot-D004 B2_raw_api_docs...
[run 2/3] mistral:7b diot-D004 B3_oracle_api_sequence...
[run 2/3] mistral:7b diot-D004 B4_gold_pair_rule...
[run 2/3] mistral:7b diot-D005 B0_direct...
[run 2/3] mistral:7b diot-D005 B1_api_list...
[run 2/3] mistral:7b diot-D005 B2_raw_api_docs...
[run 2/3] mistral:7b diot-D005 B3_oracle_api_sequence...
[run 2/3] mistral:7b diot-D005 B4_gold_pair_rule...
[run 2/3] mistral:7b diot-D006 B0_direct...
[run 2/3] mistral:7b diot-D006 B1_api_list...
[run 2/3] mistral:7b diot-D006 B2_raw_api_docs...
[run 2/3] mistral:7b diot-D006 B3_oracle_api_sequence...
[run 2/3] mistral:7b diot-D006 B4_gold_pair_rule...
[run 2/3] mistral:7b diot-D007 B0_direct...
[run 2/3] mistral:7b diot-D007 B1_api_list...
[run 2/3] mistral:7b diot-D007 B2_raw_api_docs...
[run 2/3] mistral:7b diot-D007 B3_oracle_api_sequence...
[run 2/3] mistral:7b diot-D007 B4_gold_pair_rule...
[run 2/3] mistral:7b diot-D008 B0_direct...
[run 2/3] mistral:7b diot-D008 B1_api_list...
[run 2/3] mistral:7b diot-D008 B2_raw_api_docs...
[run 2/3] mistral:7b diot-D008 B3_oracle_api_sequence...
[run 2/3] mistral:7b diot-D008 B4_gold_pair_rule...
[run 2/3] mistral:7b diot-D009 B0_direct...
[run 2/3] mistral:7b diot-D009 B1_api_list...
[run 2/3] mistral:7b diot-D009 B2_raw_api_docs...
[run 2/3] mistral:7b diot-D009 B3_oracle_api_sequence...
[run 2/3] mistral:7b diot-D009 B4_gold_pair_rule...
[run 2/3] mistral:7b diot-D010 B0_direct...
[run 2/3] mistral:7b diot-D010 B1_api_list...
[run 2/3] mistral:7b diot-D010 B2_raw_api_docs...
[run 2/3] mistral:7b diot-D010 B3_oracle_api_sequence...
[run 2/3] mistral:7b diot-D010 B4_gold_pair_rule...
[run 2/3] mistral:7b diot-D011 B0_direct...
[run 2/3] mistral:7b diot-D011 B1_api_list...
[run 2/3] mistral:7b diot-D011 B2_raw_api_docs...
[run 2/3] mistral:7b diot-D011 B3_oracle_api_sequence...
[run 2/3] mistral:7b diot-D011 B4_gold_pair_rule...
[run 2/3] mistral:7b diot-D012 B0_direct...
[run 2/3] mistral:7b diot-D012 B1_api_list...
[run 2/3] mistral:7b diot-D012 B2_raw_api_docs...
[run 2/3] mistral:7b diot-D012 B3_oracle_api_sequence...
[run 2/3] mistral:7b diot-D012 B4_gold_pair_rule...
[run 3/3] qwen2.5:7b diot-D001 B0_direct...
[run 3/3] qwen2.5:7b diot-D001 B1_api_list...
[run 3/3] qwen2.5:7b diot-D001 B2_raw_api_docs...
[run 3/3] qwen2.5:7b diot-D001 B3_oracle_api_sequence...
[run 3/3] qwen2.5:7b diot-D001 B4_gold_pair_rule...
[run 3/3] qwen2.5:7b diot-D002 B0_direct...
[run 3/3] qwen2.5:7b diot-D002 B1_api_list...
[run 3/3] qwen2.5:7b diot-D002 B2_raw_api_docs...
[run 3/3] qwen2.5:7b diot-D002 B3_oracle_api_sequence...
[run 3/3] qwen2.5:7b diot-D002 B4_gold_pair_rule...
[run 3/3] qwen2.5:7b diot-D003 B0_direct...
[run 3/3] qwen2.5:7b diot-D003 B1_api_list...
[run 3/3] qwen2.5:7b diot-D003 B2_raw_api_docs...
[run 3/3] qwen2.5:7b diot-D003 B3_oracle_api_sequence...
[run 3/3] qwen2.5:7b diot-D003 B4_gold_pair_rule...
[run 3/3] qwen2.5:7b diot-D004 B0_direct...
[run 3/3] qwen2.5:7b diot-D004 B1_api_list...
[run 3/3] qwen2.5:7b diot-D004 B2_raw_api_docs...
[run 3/3] qwen2.5:7b diot-D004 B3_oracle_api_sequence...
[run 3/3] qwen2.5:7b diot-D004 B4_gold_pair_rule...
[run 3/3] qwen2.5:7b diot-D005 B0_direct...
[run 3/3] qwen2.5:7b diot-D005 B1_api_list...
[run 3/3] qwen2.5:7b diot-D005 B2_raw_api_docs...
[run 3/3] qwen2.5:7b diot-D005 B3_oracle_api_sequence...
[run 3/3] qwen2.5:7b diot-D005 B4_gold_pair_rule...
[run 3/3] qwen2.5:7b diot-D006 B0_direct...
[run 3/3] qwen2.5:7b diot-D006 B1_api_list...
[run 3/3] qwen2.5:7b diot-D006 B2_raw_api_docs...
[run 3/3] qwen2.5:7b diot-D006 B3_oracle_api_sequence...
[run 3/3] qwen2.5:7b diot-D006 B4_gold_pair_rule...
[run 3/3] qwen2.5:7b diot-D007 B0_direct...
[run 3/3] qwen2.5:7b diot-D007 B1_api_list...
[run 3/3] qwen2.5:7b diot-D007 B2_raw_api_docs...
[run 3/3] qwen2.5:7b diot-D007 B3_oracle_api_sequence...
[run 3/3] qwen2.5:7b diot-D007 B4_gold_pair_rule...
[run 3/3] qwen2.5:7b diot-D008 B0_direct...
[run 3/3] qwen2.5:7b diot-D008 B1_api_list...
[run 3/3] qwen2.5:7b diot-D008 B2_raw_api_docs...
[run 3/3] qwen2.5:7b diot-D008 B3_oracle_api_sequence...
[run 3/3] qwen2.5:7b diot-D008 B4_gold_pair_rule...
[run 3/3] qwen2.5:7b diot-D009 B0_direct...
[run 3/3] qwen2.5:7b diot-D009 B1_api_list...
[run 3/3] qwen2.5:7b diot-D009 B2_raw_api_docs...
[run 3/3] qwen2.5:7b diot-D009 B3_oracle_api_sequence...
[run 3/3] qwen2.5:7b diot-D009 B4_gold_pair_rule...
[run 3/3] qwen2.5:7b diot-D010 B0_direct...
[run 3/3] qwen2.5:7b diot-D010 B1_api_list...
[run 3/3] qwen2.5:7b diot-D010 B2_raw_api_docs...
[run 3/3] qwen2.5:7b diot-D010 B3_oracle_api_sequence...
[run 3/3] qwen2.5:7b diot-D010 B4_gold_pair_rule...
[run 3/3] qwen2.5:7b diot-D011 B0_direct...
[run 3/3] qwen2.5:7b diot-D011 B1_api_list...
[run 3/3] qwen2.5:7b diot-D011 B2_raw_api_docs...
[run 3/3] qwen2.5:7b diot-D011 B3_oracle_api_sequence...
[run 3/3] qwen2.5:7b diot-D011 B4_gold_pair_rule...
[run 3/3] qwen2.5:7b diot-D012 B0_direct...
[run 3/3] qwen2.5:7b diot-D012 B1_api_list...
[run 3/3] qwen2.5:7b diot-D012 B2_raw_api_docs...
[run 3/3] qwen2.5:7b diot-D012 B3_oracle_api_sequence...
[run 3/3] qwen2.5:7b diot-D012 B4_gold_pair_rule...
[run 3/3] qwen2.5-coder:7b diot-D001 B0_direct...
[run 3/3] qwen2.5-coder:7b diot-D001 B1_api_list...
[run 3/3] qwen2.5-coder:7b diot-D001 B2_raw_api_docs...
[run 3/3] qwen2.5-coder:7b diot-D001 B3_oracle_api_sequence...
[run 3/3] qwen2.5-coder:7b diot-D001 B4_gold_pair_rule...
[run 3/3] qwen2.5-coder:7b diot-D002 B0_direct...
[run 3/3] qwen2.5-coder:7b diot-D002 B1_api_list...
[run 3/3] qwen2.5-coder:7b diot-D002 B2_raw_api_docs...
[run 3/3] qwen2.5-coder:7b diot-D002 B3_oracle_api_sequence...
[run 3/3] qwen2.5-coder:7b diot-D002 B4_gold_pair_rule...
[run 3/3] qwen2.5-coder:7b diot-D003 B0_direct...
[run 3/3] qwen2.5-coder:7b diot-D003 B1_api_list...
[run 3/3] qwen2.5-coder:7b diot-D003 B2_raw_api_docs...
[run 3/3] qwen2.5-coder:7b diot-D003 B3_oracle_api_sequence...
[run 3/3] qwen2.5-coder:7b diot-D003 B4_gold_pair_rule...
[run 3/3] qwen2.5-coder:7b diot-D004 B0_direct...
[run 3/3] qwen2.5-coder:7b diot-D004 B1_api_list...
[run 3/3] qwen2.5-coder:7b diot-D004 B2_raw_api_docs...
[run 3/3] qwen2.5-coder:7b diot-D004 B3_oracle_api_sequence...
[run 3/3] qwen2.5-coder:7b diot-D004 B4_gold_pair_rule...
[run 3/3] qwen2.5-coder:7b diot-D005 B0_direct...
[run 3/3] qwen2.5-coder:7b diot-D005 B1_api_list...
[run 3/3] qwen2.5-coder:7b diot-D005 B2_raw_api_docs...
[run 3/3] qwen2.5-coder:7b diot-D005 B3_oracle_api_sequence...
[run 3/3] qwen2.5-coder:7b diot-D005 B4_gold_pair_rule...
[run 3/3] qwen2.5-coder:7b diot-D006 B0_direct...
[run 3/3] qwen2.5-coder:7b diot-D006 B1_api_list...
[run 3/3] qwen2.5-coder:7b diot-D006 B2_raw_api_docs...
[run 3/3] qwen2.5-coder:7b diot-D006 B3_oracle_api_sequence...
[run 3/3] qwen2.5-coder:7b diot-D006 B4_gold_pair_rule...
[run 3/3] qwen2.5-coder:7b diot-D007 B0_direct...
[run 3/3] qwen2.5-coder:7b diot-D007 B1_api_list...
[run 3/3] qwen2.5-coder:7b diot-D007 B2_raw_api_docs...
[run 3/3] qwen2.5-coder:7b diot-D007 B3_oracle_api_sequence...
[run 3/3] qwen2.5-coder:7b diot-D007 B4_gold_pair_rule...
[run 3/3] qwen2.5-coder:7b diot-D008 B0_direct...
[run 3/3] qwen2.5-coder:7b diot-D008 B1_api_list...
[run 3/3] qwen2.5-coder:7b diot-D008 B2_raw_api_docs...
[run 3/3] qwen2.5-coder:7b diot-D008 B3_oracle_api_sequence...
[run 3/3] qwen2.5-coder:7b diot-D008 B4_gold_pair_rule...
[run 3/3] qwen2.5-coder:7b diot-D009 B0_direct...
[run 3/3] qwen2.5-coder:7b diot-D009 B1_api_list...
[run 3/3] qwen2.5-coder:7b diot-D009 B2_raw_api_docs...
[run 3/3] qwen2.5-coder:7b diot-D009 B3_oracle_api_sequence...
[run 3/3] qwen2.5-coder:7b diot-D009 B4_gold_pair_rule...
[run 3/3] qwen2.5-coder:7b diot-D010 B0_direct...
[run 3/3] qwen2.5-coder:7b diot-D010 B1_api_list...
[run 3/3] qwen2.5-coder:7b diot-D010 B2_raw_api_docs...
[run 3/3] qwen2.5-coder:7b diot-D010 B3_oracle_api_sequence...
[run 3/3] qwen2.5-coder:7b diot-D010 B4_gold_pair_rule...
[run 3/3] qwen2.5-coder:7b diot-D011 B0_direct...
[run 3/3] qwen2.5-coder:7b diot-D011 B1_api_list...
[run 3/3] qwen2.5-coder:7b diot-D011 B2_raw_api_docs...
[run 3/3] qwen2.5-coder:7b diot-D011 B3_oracle_api_sequence...
[run 3/3] qwen2.5-coder:7b diot-D011 B4_gold_pair_rule...
[run 3/3] qwen2.5-coder:7b diot-D012 B0_direct...
[run 3/3] qwen2.5-coder:7b diot-D012 B1_api_list...
[run 3/3] qwen2.5-coder:7b diot-D012 B2_raw_api_docs...
[run 3/3] qwen2.5-coder:7b diot-D012 B3_oracle_api_sequence...
[run 3/3] qwen2.5-coder:7b diot-D012 B4_gold_pair_rule...
[run 3/3] llama3.1:8b diot-D001 B0_direct...
[run 3/3] llama3.1:8b diot-D001 B1_api_list...
[run 3/3] llama3.1:8b diot-D001 B2_raw_api_docs...
[run 3/3] llama3.1:8b diot-D001 B3_oracle_api_sequence...
[run 3/3] llama3.1:8b diot-D001 B4_gold_pair_rule...
[run 3/3] llama3.1:8b diot-D002 B0_direct...
[run 3/3] llama3.1:8b diot-D002 B1_api_list...
[run 3/3] llama3.1:8b diot-D002 B2_raw_api_docs...
[run 3/3] llama3.1:8b diot-D002 B3_oracle_api_sequence...
[run 3/3] llama3.1:8b diot-D002 B4_gold_pair_rule...
[run 3/3] llama3.1:8b diot-D003 B0_direct...
[run 3/3] llama3.1:8b diot-D003 B1_api_list...
[run 3/3] llama3.1:8b diot-D003 B2_raw_api_docs...
[run 3/3] llama3.1:8b diot-D003 B3_oracle_api_sequence...
[run 3/3] llama3.1:8b diot-D003 B4_gold_pair_rule...
[run 3/3] llama3.1:8b diot-D004 B0_direct...
[run 3/3] llama3.1:8b diot-D004 B1_api_list...
[run 3/3] llama3.1:8b diot-D004 B2_raw_api_docs...
[run 3/3] llama3.1:8b diot-D004 B3_oracle_api_sequence...
[run 3/3] llama3.1:8b diot-D004 B4_gold_pair_rule...
[run 3/3] llama3.1:8b diot-D005 B0_direct...
[run 3/3] llama3.1:8b diot-D005 B1_api_list...
[run 3/3] llama3.1:8b diot-D005 B2_raw_api_docs...
[run 3/3] llama3.1:8b diot-D005 B3_oracle_api_sequence...
[run 3/3] llama3.1:8b diot-D005 B4_gold_pair_rule...
[run 3/3] llama3.1:8b diot-D006 B0_direct...
[run 3/3] llama3.1:8b diot-D006 B1_api_list...
[run 3/3] llama3.1:8b diot-D006 B2_raw_api_docs...
[run 3/3] llama3.1:8b diot-D006 B3_oracle_api_sequence...
[run 3/3] llama3.1:8b diot-D006 B4_gold_pair_rule...
[run 3/3] llama3.1:8b diot-D007 B0_direct...
[run 3/3] llama3.1:8b diot-D007 B1_api_list...
[run 3/3] llama3.1:8b diot-D007 B2_raw_api_docs...
[run 3/3] llama3.1:8b diot-D007 B3_oracle_api_sequence...
[run 3/3] llama3.1:8b diot-D007 B4_gold_pair_rule...
[run 3/3] llama3.1:8b diot-D008 B0_direct...
[run 3/3] llama3.1:8b diot-D008 B1_api_list...
[run 3/3] llama3.1:8b diot-D008 B2_raw_api_docs...
[run 3/3] llama3.1:8b diot-D008 B3_oracle_api_sequence...
[run 3/3] llama3.1:8b diot-D008 B4_gold_pair_rule...
[run 3/3] llama3.1:8b diot-D009 B0_direct...
[run 3/3] llama3.1:8b diot-D009 B1_api_list...
[run 3/3] llama3.1:8b diot-D009 B2_raw_api_docs...
[run 3/3] llama3.1:8b diot-D009 B3_oracle_api_sequence...
[run 3/3] llama3.1:8b diot-D009 B4_gold_pair_rule...
[run 3/3] llama3.1:8b diot-D010 B0_direct...
[run 3/3] llama3.1:8b diot-D010 B1_api_list...
[run 3/3] llama3.1:8b diot-D010 B2_raw_api_docs...
[run 3/3] llama3.1:8b diot-D010 B3_oracle_api_sequence...
[run 3/3] llama3.1:8b diot-D010 B4_gold_pair_rule...
[run 3/3] llama3.1:8b diot-D011 B0_direct...
[run 3/3] llama3.1:8b diot-D011 B1_api_list...
[run 3/3] llama3.1:8b diot-D011 B2_raw_api_docs...
[run 3/3] llama3.1:8b diot-D011 B3_oracle_api_sequence...
[run 3/3] llama3.1:8b diot-D011 B4_gold_pair_rule...
[run 3/3] llama3.1:8b diot-D012 B0_direct...
[run 3/3] llama3.1:8b diot-D012 B1_api_list...
[run 3/3] llama3.1:8b diot-D012 B2_raw_api_docs...
[run 3/3] llama3.1:8b diot-D012 B3_oracle_api_sequence...
[run 3/3] llama3.1:8b diot-D012 B4_gold_pair_rule...
[run 3/3] gemma2:9b diot-D001 B0_direct...
[run 3/3] gemma2:9b diot-D001 B1_api_list...
[run 3/3] gemma2:9b diot-D001 B2_raw_api_docs...
[run 3/3] gemma2:9b diot-D001 B3_oracle_api_sequence...
[run 3/3] gemma2:9b diot-D001 B4_gold_pair_rule...
[run 3/3] gemma2:9b diot-D002 B0_direct...
[run 3/3] gemma2:9b diot-D002 B1_api_list...
[run 3/3] gemma2:9b diot-D002 B2_raw_api_docs...
[run 3/3] gemma2:9b diot-D002 B3_oracle_api_sequence...
[run 3/3] gemma2:9b diot-D002 B4_gold_pair_rule...
[run 3/3] gemma2:9b diot-D003 B0_direct...
[run 3/3] gemma2:9b diot-D003 B1_api_list...
[run 3/3] gemma2:9b diot-D003 B2_raw_api_docs...
[run 3/3] gemma2:9b diot-D003 B3_oracle_api_sequence...
[run 3/3] gemma2:9b diot-D003 B4_gold_pair_rule...
[run 3/3] gemma2:9b diot-D004 B0_direct...
[run 3/3] gemma2:9b diot-D004 B1_api_list...
[run 3/3] gemma2:9b diot-D004 B2_raw_api_docs...
[run 3/3] gemma2:9b diot-D004 B3_oracle_api_sequence...
[run 3/3] gemma2:9b diot-D004 B4_gold_pair_rule...
[run 3/3] gemma2:9b diot-D005 B0_direct...
[run 3/3] gemma2:9b diot-D005 B1_api_list...
[run 3/3] gemma2:9b diot-D005 B2_raw_api_docs...
[run 3/3] gemma2:9b diot-D005 B3_oracle_api_sequence...
[run 3/3] gemma2:9b diot-D005 B4_gold_pair_rule...
[run 3/3] gemma2:9b diot-D006 B0_direct...
[run 3/3] gemma2:9b diot-D006 B1_api_list...
[run 3/3] gemma2:9b diot-D006 B2_raw_api_docs...
[run 3/3] gemma2:9b diot-D006 B3_oracle_api_sequence...
[run 3/3] gemma2:9b diot-D006 B4_gold_pair_rule...
[run 3/3] gemma2:9b diot-D007 B0_direct...
[run 3/3] gemma2:9b diot-D007 B1_api_list...
[run 3/3] gemma2:9b diot-D007 B2_raw_api_docs...
[run 3/3] gemma2:9b diot-D007 B3_oracle_api_sequence...
[run 3/3] gemma2:9b diot-D007 B4_gold_pair_rule...
[run 3/3] gemma2:9b diot-D008 B0_direct...
[run 3/3] gemma2:9b diot-D008 B1_api_list...
[run 3/3] gemma2:9b diot-D008 B2_raw_api_docs...
[run 3/3] gemma2:9b diot-D008 B3_oracle_api_sequence...
[run 3/3] gemma2:9b diot-D008 B4_gold_pair_rule...
[run 3/3] gemma2:9b diot-D009 B0_direct...
[run 3/3] gemma2:9b diot-D009 B1_api_list...
[run 3/3] gemma2:9b diot-D009 B2_raw_api_docs...
[run 3/3] gemma2:9b diot-D009 B3_oracle_api_sequence...
[run 3/3] gemma2:9b diot-D009 B4_gold_pair_rule...
[run 3/3] gemma2:9b diot-D010 B0_direct...
[run 3/3] gemma2:9b diot-D010 B1_api_list...
[run 3/3] gemma2:9b diot-D010 B2_raw_api_docs...
[run 3/3] gemma2:9b diot-D010 B3_oracle_api_sequence...
[run 3/3] gemma2:9b diot-D010 B4_gold_pair_rule...
[run 3/3] gemma2:9b diot-D011 B0_direct...
[run 3/3] gemma2:9b diot-D011 B1_api_list...
[run 3/3] gemma2:9b diot-D011 B2_raw_api_docs...
[run 3/3] gemma2:9b diot-D011 B3_oracle_api_sequence...
[run 3/3] gemma2:9b diot-D011 B4_gold_pair_rule...
[run 3/3] gemma2:9b diot-D012 B0_direct...
[run 3/3] gemma2:9b diot-D012 B1_api_list...
[run 3/3] gemma2:9b diot-D012 B2_raw_api_docs...
[run 3/3] gemma2:9b diot-D012 B3_oracle_api_sequence...
[run 3/3] gemma2:9b diot-D012 B4_gold_pair_rule...
[run 3/3] mistral:7b diot-D001 B0_direct...
[run 3/3] mistral:7b diot-D001 B1_api_list...
[run 3/3] mistral:7b diot-D001 B2_raw_api_docs...
[run 3/3] mistral:7b diot-D001 B3_oracle_api_sequence...
[run 3/3] mistral:7b diot-D001 B4_gold_pair_rule...
[run 3/3] mistral:7b diot-D002 B0_direct...
[run 3/3] mistral:7b diot-D002 B1_api_list...
[run 3/3] mistral:7b diot-D002 B2_raw_api_docs...
[run 3/3] mistral:7b diot-D002 B3_oracle_api_sequence...
[run 3/3] mistral:7b diot-D002 B4_gold_pair_rule...
[run 3/3] mistral:7b diot-D003 B0_direct...
[run 3/3] mistral:7b diot-D003 B1_api_list...
[run 3/3] mistral:7b diot-D003 B2_raw_api_docs...
[run 3/3] mistral:7b diot-D003 B3_oracle_api_sequence...
[run 3/3] mistral:7b diot-D003 B4_gold_pair_rule...
[run 3/3] mistral:7b diot-D004 B0_direct...
[run 3/3] mistral:7b diot-D004 B1_api_list...
[run 3/3] mistral:7b diot-D004 B2_raw_api_docs...
[run 3/3] mistral:7b diot-D004 B3_oracle_api_sequence...
[run 3/3] mistral:7b diot-D004 B4_gold_pair_rule...
[run 3/3] mistral:7b diot-D005 B0_direct...
[run 3/3] mistral:7b diot-D005 B1_api_list...
[run 3/3] mistral:7b diot-D005 B2_raw_api_docs...
[run 3/3] mistral:7b diot-D005 B3_oracle_api_sequence...
[run 3/3] mistral:7b diot-D005 B4_gold_pair_rule...
[run 3/3] mistral:7b diot-D006 B0_direct...
[run 3/3] mistral:7b diot-D006 B1_api_list...
[run 3/3] mistral:7b diot-D006 B2_raw_api_docs...
[run 3/3] mistral:7b diot-D006 B3_oracle_api_sequence...
[run 3/3] mistral:7b diot-D006 B4_gold_pair_rule...
[run 3/3] mistral:7b diot-D007 B0_direct...
[run 3/3] mistral:7b diot-D007 B1_api_list...
[run 3/3] mistral:7b diot-D007 B2_raw_api_docs...
[run 3/3] mistral:7b diot-D007 B3_oracle_api_sequence...
[run 3/3] mistral:7b diot-D007 B4_gold_pair_rule...
[run 3/3] mistral:7b diot-D008 B0_direct...
[run 3/3] mistral:7b diot-D008 B1_api_list...
[run 3/3] mistral:7b diot-D008 B2_raw_api_docs...
[run 3/3] mistral:7b diot-D008 B3_oracle_api_sequence...
[run 3/3] mistral:7b diot-D008 B4_gold_pair_rule...
[run 3/3] mistral:7b diot-D009 B0_direct...
[run 3/3] mistral:7b diot-D009 B1_api_list...
[run 3/3] mistral:7b diot-D009 B2_raw_api_docs...
[run 3/3] mistral:7b diot-D009 B3_oracle_api_sequence...
[run 3/3] mistral:7b diot-D009 B4_gold_pair_rule...
[run 3/3] mistral:7b diot-D010 B0_direct...
[run 3/3] mistral:7b diot-D010 B1_api_list...
[run 3/3] mistral:7b diot-D010 B2_raw_api_docs...
[run 3/3] mistral:7b diot-D010 B3_oracle_api_sequence...
[run 3/3] mistral:7b diot-D010 B4_gold_pair_rule...
[run 3/3] mistral:7b diot-D011 B0_direct...
[run 3/3] mistral:7b diot-D011 B1_api_list...
[run 3/3] mistral:7b diot-D011 B2_raw_api_docs...
[run 3/3] mistral:7b diot-D011 B3_oracle_api_sequence...
[run 3/3] mistral:7b diot-D011 B4_gold_pair_rule...
[run 3/3] mistral:7b diot-D012 B0_direct...
[run 3/3] mistral:7b diot-D012 B1_api_list...
[run 3/3] mistral:7b diot-D012 B2_raw_api_docs...
[run 3/3] mistral:7b diot-D012 B3_oracle_api_sequence...
[run 3/3] mistral:7b diot-D012 B4_gold_pair_rule...

Done. Generations in C:\Users\Tzx25\Documents\Codex\2026-06-15\pyluvtan-pair-coder-git-https-github\Ollama问题存在性实验\result\diot_5model. Judge with:
  python3 benchlib_eval.py --result-dir C:\Users\Tzx25\Documents\Codex\2026-06-15\pyluvtan-pair-coder-git-https-github\Ollama问题存在性实验\result\diot_5model
--- [3/3] execution-oracle eval ---
== anchor suite for diot (oracle trustworthiness gate) ==
  [ok ] diot-D001  canonical_camel           expected=PASS                         got=PASS
  [ok ] diot-D001  violation_no_transform    expected=FAIL(runtime_error)          got=FAIL(runtime_error)
  [ok ] diot-D002  canonical_snake           expected=PASS                         got=PASS
  [ok ] diot-D002  violation_no_transform    expected=FAIL(runtime_error)          got=FAIL(runtime_error)
  [ok ] diot-D003  canonical_get_default     expected=PASS                         got=PASS
  [ok ] diot-D003  violation_index           expected=FAIL(runtime_error)          got=FAIL(runtime_error)
  [ok ] diot-D004  canonical_to_dict         expected=PASS                         got=PASS
  [ok ] diot-D004  violation_return_diot     expected=FAIL(wrong_output_structure) got=FAIL(wrong_output_structure)
  [ok ] diot-D004  violation_shallow_dict    expected=FAIL(wrong_output_structure) got=FAIL(wrong_output_structure)
  [ok ] diot-D005  canonical_nest_false      expected=PASS                         got=PASS
  [ok ] diot-D005  violation_nest_default    expected=FAIL(wrong_output_structure) got=FAIL(wrong_output_structure)
  [ok ] diot-D006  canonical_nest_true       expected=PASS                         got=PASS
  [ok ] diot-D006  violation_nest_false      expected=FAIL(wrong_output_structure) got=FAIL(wrong_output_structure)
  [ok ] diot-D007  canonical_chain           expected=PASS                         got=PASS
  [ok ] diot-D007  violation_nest_false      expected=FAIL(runtime_error)          got=FAIL(runtime_error)
  [ok ] diot-D008  canonical_todict_index    expected=PASS                         got=PASS
  [ok ] diot-D008  violation_return_dict     expected=FAIL(wrong_output_structure) got=FAIL(wrong_output_structure)
  [ok ] diot-D009  canonical_same_diot       expected=PASS                         got=PASS
  [ok ] diot-D009  violation_new_diot        expected=FAIL(runtime_error)          got=FAIL(runtime_error)
  [ok ] diot-D010  canonical_mutate_same     expected=PASS                         got=PASS
  [ok ] diot-D010  violation_read_fresh      expected=FAIL(wrong_output)           got=FAIL(wrong_output)
  [ok ] diot-D011  canonical_thaw            expected=PASS                         got=PASS
  [ok ] diot-D011  violation_no_thaw         expected=FAIL(runtime_error)          got=FAIL(runtime_error)
  [ok ] diot-D012  canonical_thaw_temporary  expected=PASS                         got=PASS
  [ok ] diot-D012  violation_not_frozen      expected=FAIL(obligation_unmet)       got=FAIL(obligation_unmet)
  -> 25/25 anchor cases behave as documented

== evaluating generations ==
  wrote C:\Users\Tzx25\Documents\Codex\2026-06-15\pyluvtan-pair-coder-git-https-github\Ollama问题存在性实验\result\diot_5model\exec_eval\exec_results.csv (900 rows)
  wrote C:\Users\Tzx25\Documents\Codex\2026-06-15\pyluvtan-pair-coder-git-https-github\Ollama问题存在性实验\result\diot_5model\exec_eval\exec_summary.md
# Execution-oracle summary: diot

- Models: qwen2.5:7b, qwen2.5-coder:7b, llama3.1:8b, gemma2:9b, mistral:7b
- Tasks: 12; runs/condition: 3
- Pass rate = task-level majority vote across runs, averaged over models.

## Pass rate by method

| Method | pass | total | rate |
|---|---:|---:|---:|
| B0_direct | 33 | 60 | 0.55 |
| B1_api_list | 45 | 60 | 0.75 |
| B2_raw_api_docs | 44 | 60 | 0.73 |
| B3_oracle_api_sequence | 55 | 60 | 0.92 |
| B4_gold_pair_rule | 53 | 60 | 0.88 |

## Pass rate by method x pair_type

| Method | config-return-contract | lifecycle | param-dependency | return-flow | shared-receiver |
|---|---:|---:|---:|---:|---:|
| B0_direct | 0.47 | 0.40 | 0.40 | 0.70 | 0.90 |
| B1_api_list | 0.80 | 0.80 | 0.40 | 1.00 | 0.90 |
| B2_raw_api_docs | 0.53 | 0.50 | 0.87 | 0.90 | 0.90 |
| B3_oracle_api_sequence | 0.87 | 0.90 | 0.93 | 1.00 | 0.90 |
| B4_gold_pair_rule | 0.93 | 0.90 | 0.93 | 0.90 | 0.70 |

## Pass rate by method x difficulty

| Method | easy | medium | hard |
|---|---:|---:|---:|
| B0_direct | 0.93 | 0.42 | 0.40 |
| B1_api_list | 0.93 | 0.70 | 0.60 |
| B2_raw_api_docs | 0.80 | 0.78 | 0.20 |
| B3_oracle_api_sequence | 0.93 | 0.93 | 0.80 |
| B4_gold_pair_rule | 0.93 | 0.85 | 1.00 |

########## simpleconf  ->  C:\Users\Tzx25\Documents\Codex\2026-06-15\pyluvtan-pair-coder-git-https-github\Ollama问题存在性实验\result\simpleconf_5model ##########
--- [1/3] anchor suite (oracle trustworthiness gate) ---
  [ok ] simpleconf-S001  canonical_order              expected=PASS                         got=PASS
  [ok ] simpleconf-S001  violation_swapped            expected=FAIL(wrong_output)           got=FAIL(wrong_output)
  [ok ] simpleconf-S002  canonical_three              expected=PASS                         got=PASS
  [ok ] simpleconf-S002  violation_order              expected=FAIL(wrong_output)           got=FAIL(wrong_output)
  [ok ] simpleconf-S003  canonical_load               expected=PASS                         got=PASS
  [ok ] simpleconf-S003  violation_plain_dict         expected=FAIL(wrong_output_structure) got=FAIL(wrong_output_structure)
  [ok ] simpleconf-S004  canonical_use_profile        expected=PASS                         got=PASS
  [ok ] simpleconf-S004  violation_no_switch          expected=FAIL(wrong_output)           got=FAIL(wrong_output)
  [ok ] simpleconf-S005  canonical_current            expected=PASS                         got=PASS
  [ok ] simpleconf-S005  violation_no_switch          expected=FAIL(wrong_output)           got=FAIL(wrong_output)
  [ok ] simpleconf-S006  canonical_get                expected=PASS                         got=PASS
  [ok ] simpleconf-S006  violation_return_conf        expected=FAIL(wrong_output_structure) got=FAIL(wrong_output_structure)
  [ok ] simpleconf-S007  canonical_attr               expected=PASS                         got=PASS
  [ok ] simpleconf-S007  violation_return_conf        expected=FAIL(wrong_output_structure) got=FAIL(wrong_output_structure)
  [ok ] simpleconf-S008  canonical_nested             expected=PASS                         got=PASS
  [ok ] simpleconf-S008  violation_one_level          expected=FAIL(wrong_output_structure) got=FAIL(wrong_output_structure)
  [ok ] simpleconf-S009  canonical_same_conf          expected=PASS                         got=PASS
  [ok ] simpleconf-S009  violation_fresh_conf         expected=FAIL(wrong_output)           got=FAIL(wrong_output)
  [ok ] simpleconf-S010  canonical_mutate_same        expected=PASS                         got=PASS
  [ok ] simpleconf-S010  violation_read_fresh         expected=FAIL(wrong_output)           got=FAIL(wrong_output)
  [ok ] simpleconf-S011  canonical_switch_two         expected=PASS                         got=PASS
  [ok ] simpleconf-S011  violation_fresh_each         expected=FAIL(wrong_output)           got=FAIL(wrong_output)
  [ok ] simpleconf-S012  canonical_with_temp          expected=PASS                         got=PASS
  [ok ] simpleconf-S012  violation_use_persistent     expected=FAIL(wrong_output)           got=FAIL(wrong_output)
  [ok ] simpleconf-S013  canonical_use_then_with      expected=PASS                         got=PASS
  [ok ] simpleconf-S013  violation_nested_persistent  expected=FAIL(wrong_output)           got=FAIL(wrong_output)
  [ok ] simpleconf-S014  canonical_restore_current    expected=PASS                         got=PASS
  [ok ] simpleconf-S014  violation_switch_persistent  expected=FAIL(wrong_output)           got=FAIL(wrong_output)
  [ok ] simpleconf-S015  canonical_nested             expected=PASS                         got=PASS
  [ok ] simpleconf-S015  violation_use_inside         expected=FAIL(wrong_output)           got=FAIL(wrong_output)
  [ok ] simpleconf-S016  canonical_survives           expected=PASS                         got=PASS
  [ok ] simpleconf-S016  violation_persistent_switch  expected=FAIL(wrong_output)           got=FAIL(wrong_output)
  [ok ] simpleconf-S017  canonical_double_use         expected=PASS                         got=PASS
  [ok ] simpleconf-S017  violation_with_temp          expected=FAIL(wrong_output)           got=FAIL(wrong_output)
  [ok ] simpleconf-S018  canonical_two_reads          expected=PASS                         got=PASS
  [ok ] simpleconf-S018  violation_second_fresh       expected=FAIL(wrong_output)           got=FAIL(wrong_output)
  -> 36/36 anchor cases behave as documented
--- [2/3] generate (Ollama, B0-B4) ---
== generating simpleconf with 4 model workers (keep_alive=1h, num_predict=500, top_p=0.9) ==
[run 1/3] qwen2.5:7b simpleconf-S001 B0_direct...
[run 1/3] qwen2.5:7b simpleconf-S001 B1_api_list...
[run 1/3] qwen2.5:7b simpleconf-S001 B2_raw_api_docs...
[run 1/3] qwen2.5:7b simpleconf-S001 B3_oracle_api_sequence...
[run 1/3] qwen2.5:7b simpleconf-S001 B4_gold_pair_rule...
[run 1/3] qwen2.5:7b simpleconf-S002 B0_direct...
[run 1/3] qwen2.5:7b simpleconf-S002 B1_api_list...
[run 1/3] qwen2.5:7b simpleconf-S002 B2_raw_api_docs...
[run 1/3] qwen2.5:7b simpleconf-S002 B3_oracle_api_sequence...
[run 1/3] qwen2.5:7b simpleconf-S002 B4_gold_pair_rule...
[run 1/3] qwen2.5:7b simpleconf-S003 B0_direct...
[run 1/3] qwen2.5:7b simpleconf-S003 B1_api_list...
[run 1/3] qwen2.5:7b simpleconf-S003 B2_raw_api_docs...
[run 1/3] qwen2.5:7b simpleconf-S003 B3_oracle_api_sequence...
[run 1/3] qwen2.5:7b simpleconf-S003 B4_gold_pair_rule...
[run 1/3] qwen2.5:7b simpleconf-S004 B0_direct...
[run 1/3] qwen2.5:7b simpleconf-S004 B1_api_list...
[run 1/3] qwen2.5:7b simpleconf-S004 B2_raw_api_docs...
[run 1/3] qwen2.5:7b simpleconf-S004 B3_oracle_api_sequence...
[run 1/3] qwen2.5:7b simpleconf-S004 B4_gold_pair_rule...
[run 1/3] qwen2.5:7b simpleconf-S005 B0_direct...
[run 1/3] qwen2.5:7b simpleconf-S005 B1_api_list...
[run 1/3] qwen2.5:7b simpleconf-S005 B2_raw_api_docs...
[run 1/3] qwen2.5:7b simpleconf-S005 B3_oracle_api_sequence...
[run 1/3] qwen2.5:7b simpleconf-S005 B4_gold_pair_rule...
[run 1/3] qwen2.5:7b simpleconf-S006 B0_direct...
[run 1/3] qwen2.5:7b simpleconf-S006 B1_api_list...
[run 1/3] qwen2.5:7b simpleconf-S006 B2_raw_api_docs...
[run 1/3] qwen2.5:7b simpleconf-S006 B3_oracle_api_sequence...
[run 1/3] qwen2.5:7b simpleconf-S006 B4_gold_pair_rule...
[run 1/3] qwen2.5:7b simpleconf-S007 B0_direct...
[run 1/3] qwen2.5:7b simpleconf-S007 B1_api_list...
[run 1/3] qwen2.5:7b simpleconf-S007 B2_raw_api_docs...
[run 1/3] qwen2.5:7b simpleconf-S007 B3_oracle_api_sequence...
[run 1/3] qwen2.5:7b simpleconf-S007 B4_gold_pair_rule...
[run 1/3] qwen2.5:7b simpleconf-S008 B0_direct...
[run 1/3] qwen2.5:7b simpleconf-S008 B1_api_list...
[run 1/3] qwen2.5:7b simpleconf-S008 B2_raw_api_docs...
[run 1/3] qwen2.5:7b simpleconf-S008 B3_oracle_api_sequence...
[run 1/3] qwen2.5:7b simpleconf-S008 B4_gold_pair_rule...
[run 1/3] qwen2.5:7b simpleconf-S009 B0_direct...
[run 1/3] qwen2.5:7b simpleconf-S009 B1_api_list...
[run 1/3] qwen2.5:7b simpleconf-S009 B2_raw_api_docs...
[run 1/3] qwen2.5:7b simpleconf-S009 B3_oracle_api_sequence...
[run 1/3] qwen2.5:7b simpleconf-S009 B4_gold_pair_rule...
[run 1/3] qwen2.5:7b simpleconf-S010 B0_direct...
[run 1/3] qwen2.5:7b simpleconf-S010 B1_api_list...
[run 1/3] qwen2.5:7b simpleconf-S010 B2_raw_api_docs...
[run 1/3] qwen2.5:7b simpleconf-S010 B3_oracle_api_sequence...
[run 1/3] qwen2.5:7b simpleconf-S010 B4_gold_pair_rule...
[run 1/3] qwen2.5:7b simpleconf-S011 B0_direct...
[run 1/3] qwen2.5:7b simpleconf-S011 B1_api_list...
[run 1/3] qwen2.5:7b simpleconf-S011 B2_raw_api_docs...
[run 1/3] qwen2.5:7b simpleconf-S011 B3_oracle_api_sequence...
[run 1/3] qwen2.5:7b simpleconf-S011 B4_gold_pair_rule...
[run 1/3] qwen2.5:7b simpleconf-S012 B0_direct...
[run 1/3] qwen2.5:7b simpleconf-S012 B1_api_list...
[run 1/3] qwen2.5:7b simpleconf-S012 B2_raw_api_docs...
[run 1/3] qwen2.5:7b simpleconf-S012 B3_oracle_api_sequence...
[run 1/3] qwen2.5:7b simpleconf-S012 B4_gold_pair_rule...
[run 1/3] qwen2.5:7b simpleconf-S013 B0_direct...
[run 1/3] qwen2.5:7b simpleconf-S013 B1_api_list...
[run 1/3] qwen2.5:7b simpleconf-S013 B2_raw_api_docs...
[run 1/3] qwen2.5:7b simpleconf-S013 B3_oracle_api_sequence...
[run 1/3] qwen2.5:7b simpleconf-S013 B4_gold_pair_rule...
[run 1/3] qwen2.5:7b simpleconf-S014 B0_direct...
[run 1/3] qwen2.5:7b simpleconf-S014 B1_api_list...
[run 1/3] qwen2.5:7b simpleconf-S014 B2_raw_api_docs...
[run 1/3] qwen2.5:7b simpleconf-S014 B3_oracle_api_sequence...
[run 1/3] qwen2.5:7b simpleconf-S014 B4_gold_pair_rule...
[run 1/3] qwen2.5:7b simpleconf-S015 B0_direct...
[run 1/3] qwen2.5:7b simpleconf-S015 B1_api_list...
[run 1/3] qwen2.5:7b simpleconf-S015 B2_raw_api_docs...
[run 1/3] qwen2.5:7b simpleconf-S015 B3_oracle_api_sequence...
[run 1/3] qwen2.5:7b simpleconf-S015 B4_gold_pair_rule...
[run 1/3] qwen2.5:7b simpleconf-S016 B0_direct...
[run 1/3] qwen2.5:7b simpleconf-S016 B1_api_list...
[run 1/3] qwen2.5:7b simpleconf-S016 B2_raw_api_docs...
[run 1/3] qwen2.5:7b simpleconf-S016 B3_oracle_api_sequence...
[run 1/3] qwen2.5:7b simpleconf-S016 B4_gold_pair_rule...
[run 1/3] qwen2.5:7b simpleconf-S017 B0_direct...
[run 1/3] qwen2.5:7b simpleconf-S017 B1_api_list...
[run 1/3] qwen2.5:7b simpleconf-S017 B2_raw_api_docs...
[run 1/3] qwen2.5:7b simpleconf-S017 B3_oracle_api_sequence...
[run 1/3] qwen2.5:7b simpleconf-S017 B4_gold_pair_rule...
[run 1/3] qwen2.5:7b simpleconf-S018 B0_direct...
[run 1/3] qwen2.5:7b simpleconf-S018 B1_api_list...
[run 1/3] qwen2.5:7b simpleconf-S018 B2_raw_api_docs...
[run 1/3] qwen2.5:7b simpleconf-S018 B3_oracle_api_sequence...
[run 1/3] qwen2.5:7b simpleconf-S018 B4_gold_pair_rule...
[run 1/3] qwen2.5-coder:7b simpleconf-S001 B0_direct...
[run 1/3] qwen2.5-coder:7b simpleconf-S001 B1_api_list...
[run 1/3] qwen2.5-coder:7b simpleconf-S001 B2_raw_api_docs...
[run 1/3] qwen2.5-coder:7b simpleconf-S001 B3_oracle_api_sequence...
[run 1/3] qwen2.5-coder:7b simpleconf-S001 B4_gold_pair_rule...
[run 1/3] qwen2.5-coder:7b simpleconf-S002 B0_direct...
[run 1/3] qwen2.5-coder:7b simpleconf-S002 B1_api_list...
[run 1/3] qwen2.5-coder:7b simpleconf-S002 B2_raw_api_docs...
[run 1/3] qwen2.5-coder:7b simpleconf-S002 B3_oracle_api_sequence...
[run 1/3] qwen2.5-coder:7b simpleconf-S002 B4_gold_pair_rule...
[run 1/3] qwen2.5-coder:7b simpleconf-S003 B0_direct...
[run 1/3] qwen2.5-coder:7b simpleconf-S003 B1_api_list...
[run 1/3] qwen2.5-coder:7b simpleconf-S003 B2_raw_api_docs...
[run 1/3] qwen2.5-coder:7b simpleconf-S003 B3_oracle_api_sequence...
[run 1/3] qwen2.5-coder:7b simpleconf-S003 B4_gold_pair_rule...
[run 1/3] qwen2.5-coder:7b simpleconf-S004 B0_direct...
[run 1/3] qwen2.5-coder:7b simpleconf-S004 B1_api_list...
[run 1/3] qwen2.5-coder:7b simpleconf-S004 B2_raw_api_docs...
[run 1/3] qwen2.5-coder:7b simpleconf-S004 B3_oracle_api_sequence...
[run 1/3] qwen2.5-coder:7b simpleconf-S004 B4_gold_pair_rule...
[run 1/3] qwen2.5-coder:7b simpleconf-S005 B0_direct...
[run 1/3] qwen2.5-coder:7b simpleconf-S005 B1_api_list...
[run 1/3] qwen2.5-coder:7b simpleconf-S005 B2_raw_api_docs...
[run 1/3] qwen2.5-coder:7b simpleconf-S005 B3_oracle_api_sequence...
[run 1/3] qwen2.5-coder:7b simpleconf-S005 B4_gold_pair_rule...
[run 1/3] qwen2.5-coder:7b simpleconf-S006 B0_direct...
[run 1/3] qwen2.5-coder:7b simpleconf-S006 B1_api_list...
[run 1/3] qwen2.5-coder:7b simpleconf-S006 B2_raw_api_docs...
[run 1/3] qwen2.5-coder:7b simpleconf-S006 B3_oracle_api_sequence...
[run 1/3] qwen2.5-coder:7b simpleconf-S006 B4_gold_pair_rule...
[run 1/3] qwen2.5-coder:7b simpleconf-S007 B0_direct...
[run 1/3] qwen2.5-coder:7b simpleconf-S007 B1_api_list...
[run 1/3] qwen2.5-coder:7b simpleconf-S007 B2_raw_api_docs...
[run 1/3] qwen2.5-coder:7b simpleconf-S007 B3_oracle_api_sequence...
[run 1/3] qwen2.5-coder:7b simpleconf-S007 B4_gold_pair_rule...
[run 1/3] qwen2.5-coder:7b simpleconf-S008 B0_direct...
[run 1/3] qwen2.5-coder:7b simpleconf-S008 B1_api_list...
[run 1/3] qwen2.5-coder:7b simpleconf-S008 B2_raw_api_docs...
[run 1/3] qwen2.5-coder:7b simpleconf-S008 B3_oracle_api_sequence...
[run 1/3] qwen2.5-coder:7b simpleconf-S008 B4_gold_pair_rule...
[run 1/3] qwen2.5-coder:7b simpleconf-S009 B0_direct...
[run 1/3] qwen2.5-coder:7b simpleconf-S009 B1_api_list...
[run 1/3] qwen2.5-coder:7b simpleconf-S009 B2_raw_api_docs...
[run 1/3] qwen2.5-coder:7b simpleconf-S009 B3_oracle_api_sequence...
[run 1/3] qwen2.5-coder:7b simpleconf-S009 B4_gold_pair_rule...
[run 1/3] qwen2.5-coder:7b simpleconf-S010 B0_direct...
[run 1/3] qwen2.5-coder:7b simpleconf-S010 B1_api_list...
[run 1/3] qwen2.5-coder:7b simpleconf-S010 B2_raw_api_docs...
[run 1/3] qwen2.5-coder:7b simpleconf-S010 B3_oracle_api_sequence...
[run 1/3] qwen2.5-coder:7b simpleconf-S010 B4_gold_pair_rule...
[run 1/3] qwen2.5-coder:7b simpleconf-S011 B0_direct...
[run 1/3] qwen2.5-coder:7b simpleconf-S011 B1_api_list...
[run 1/3] qwen2.5-coder:7b simpleconf-S011 B2_raw_api_docs...
[run 1/3] qwen2.5-coder:7b simpleconf-S011 B3_oracle_api_sequence...
[run 1/3] qwen2.5-coder:7b simpleconf-S011 B4_gold_pair_rule...
[run 1/3] qwen2.5-coder:7b simpleconf-S012 B0_direct...
[run 1/3] qwen2.5-coder:7b simpleconf-S012 B1_api_list...
[run 1/3] qwen2.5-coder:7b simpleconf-S012 B2_raw_api_docs...
[run 1/3] qwen2.5-coder:7b simpleconf-S012 B3_oracle_api_sequence...
[run 1/3] qwen2.5-coder:7b simpleconf-S012 B4_gold_pair_rule...
[run 1/3] qwen2.5-coder:7b simpleconf-S013 B0_direct...
[run 1/3] qwen2.5-coder:7b simpleconf-S013 B1_api_list...
[run 1/3] qwen2.5-coder:7b simpleconf-S013 B2_raw_api_docs...
[run 1/3] qwen2.5-coder:7b simpleconf-S013 B3_oracle_api_sequence...
[run 1/3] qwen2.5-coder:7b simpleconf-S013 B4_gold_pair_rule...
[run 1/3] qwen2.5-coder:7b simpleconf-S014 B0_direct...
[run 1/3] qwen2.5-coder:7b simpleconf-S014 B1_api_list...
[run 1/3] qwen2.5-coder:7b simpleconf-S014 B2_raw_api_docs...
[run 1/3] qwen2.5-coder:7b simpleconf-S014 B3_oracle_api_sequence...
[run 1/3] qwen2.5-coder:7b simpleconf-S014 B4_gold_pair_rule...
[run 1/3] qwen2.5-coder:7b simpleconf-S015 B0_direct...
[run 1/3] qwen2.5-coder:7b simpleconf-S015 B1_api_list...
[run 1/3] qwen2.5-coder:7b simpleconf-S015 B2_raw_api_docs...
[run 1/3] qwen2.5-coder:7b simpleconf-S015 B3_oracle_api_sequence...
[run 1/3] qwen2.5-coder:7b simpleconf-S015 B4_gold_pair_rule...
[run 1/3] qwen2.5-coder:7b simpleconf-S016 B0_direct...
[run 1/3] qwen2.5-coder:7b simpleconf-S016 B1_api_list...
[run 1/3] qwen2.5-coder:7b simpleconf-S016 B2_raw_api_docs...
[run 1/3] qwen2.5-coder:7b simpleconf-S016 B3_oracle_api_sequence...
[run 1/3] qwen2.5-coder:7b simpleconf-S016 B4_gold_pair_rule...
[run 1/3] qwen2.5-coder:7b simpleconf-S017 B0_direct...
[run 1/3] qwen2.5-coder:7b simpleconf-S017 B1_api_list...
[run 1/3] qwen2.5-coder:7b simpleconf-S017 B2_raw_api_docs...
[run 1/3] qwen2.5-coder:7b simpleconf-S017 B3_oracle_api_sequence...
[run 1/3] qwen2.5-coder:7b simpleconf-S017 B4_gold_pair_rule...
[run 1/3] qwen2.5-coder:7b simpleconf-S018 B0_direct...
[run 1/3] qwen2.5-coder:7b simpleconf-S018 B1_api_list...
[run 1/3] qwen2.5-coder:7b simpleconf-S018 B2_raw_api_docs...
[run 1/3] qwen2.5-coder:7b simpleconf-S018 B3_oracle_api_sequence...
[run 1/3] qwen2.5-coder:7b simpleconf-S018 B4_gold_pair_rule...
[run 1/3] llama3.1:8b simpleconf-S001 B0_direct...
[run 1/3] llama3.1:8b simpleconf-S001 B1_api_list...
[run 1/3] llama3.1:8b simpleconf-S001 B2_raw_api_docs...
[run 1/3] llama3.1:8b simpleconf-S001 B3_oracle_api_sequence...
[run 1/3] llama3.1:8b simpleconf-S001 B4_gold_pair_rule...
[run 1/3] llama3.1:8b simpleconf-S002 B0_direct...
[run 1/3] llama3.1:8b simpleconf-S002 B1_api_list...
[run 1/3] llama3.1:8b simpleconf-S002 B2_raw_api_docs...
[run 1/3] llama3.1:8b simpleconf-S002 B3_oracle_api_sequence...
[run 1/3] llama3.1:8b simpleconf-S002 B4_gold_pair_rule...
[run 1/3] llama3.1:8b simpleconf-S003 B0_direct...
[run 1/3] llama3.1:8b simpleconf-S003 B1_api_list...
[run 1/3] llama3.1:8b simpleconf-S003 B2_raw_api_docs...
[run 1/3] llama3.1:8b simpleconf-S003 B3_oracle_api_sequence...
[run 1/3] llama3.1:8b simpleconf-S003 B4_gold_pair_rule...
[run 1/3] llama3.1:8b simpleconf-S004 B0_direct...
[run 1/3] llama3.1:8b simpleconf-S004 B1_api_list...
[run 1/3] llama3.1:8b simpleconf-S004 B2_raw_api_docs...
[run 1/3] llama3.1:8b simpleconf-S004 B3_oracle_api_sequence...
[run 1/3] llama3.1:8b simpleconf-S004 B4_gold_pair_rule...
[run 1/3] llama3.1:8b simpleconf-S005 B0_direct...
[run 1/3] llama3.1:8b simpleconf-S005 B1_api_list...
[run 1/3] llama3.1:8b simpleconf-S005 B2_raw_api_docs...
[run 1/3] llama3.1:8b simpleconf-S005 B3_oracle_api_sequence...
[run 1/3] llama3.1:8b simpleconf-S005 B4_gold_pair_rule...
[run 1/3] llama3.1:8b simpleconf-S006 B0_direct...
[run 1/3] llama3.1:8b simpleconf-S006 B1_api_list...
[run 1/3] llama3.1:8b simpleconf-S006 B2_raw_api_docs...
[run 1/3] llama3.1:8b simpleconf-S006 B3_oracle_api_sequence...
[run 1/3] llama3.1:8b simpleconf-S006 B4_gold_pair_rule...
[run 1/3] llama3.1:8b simpleconf-S007 B0_direct...
[run 1/3] llama3.1:8b simpleconf-S007 B1_api_list...
[run 1/3] llama3.1:8b simpleconf-S007 B2_raw_api_docs...
[run 1/3] llama3.1:8b simpleconf-S007 B3_oracle_api_sequence...
[run 1/3] llama3.1:8b simpleconf-S007 B4_gold_pair_rule...
[run 1/3] llama3.1:8b simpleconf-S008 B0_direct...
[run 1/3] llama3.1:8b simpleconf-S008 B1_api_list...
[run 1/3] llama3.1:8b simpleconf-S008 B2_raw_api_docs...
[run 1/3] llama3.1:8b simpleconf-S008 B3_oracle_api_sequence...
[run 1/3] llama3.1:8b simpleconf-S008 B4_gold_pair_rule...
[run 1/3] llama3.1:8b simpleconf-S009 B0_direct...
[run 1/3] llama3.1:8b simpleconf-S009 B1_api_list...
[run 1/3] llama3.1:8b simpleconf-S009 B2_raw_api_docs...
[run 1/3] llama3.1:8b simpleconf-S009 B3_oracle_api_sequence...
[run 1/3] llama3.1:8b simpleconf-S009 B4_gold_pair_rule...
[run 1/3] llama3.1:8b simpleconf-S010 B0_direct...
[run 1/3] llama3.1:8b simpleconf-S010 B1_api_list...
[run 1/3] llama3.1:8b simpleconf-S010 B2_raw_api_docs...
[run 1/3] llama3.1:8b simpleconf-S010 B3_oracle_api_sequence...
[run 1/3] llama3.1:8b simpleconf-S010 B4_gold_pair_rule...
[run 1/3] llama3.1:8b simpleconf-S011 B0_direct...
[run 1/3] llama3.1:8b simpleconf-S011 B1_api_list...
[run 1/3] llama3.1:8b simpleconf-S011 B2_raw_api_docs...
[run 1/3] llama3.1:8b simpleconf-S011 B3_oracle_api_sequence...
[run 1/3] llama3.1:8b simpleconf-S011 B4_gold_pair_rule...
[run 1/3] llama3.1:8b simpleconf-S012 B0_direct...
[run 1/3] llama3.1:8b simpleconf-S012 B1_api_list...
[run 1/3] llama3.1:8b simpleconf-S012 B2_raw_api_docs...
[run 1/3] llama3.1:8b simpleconf-S012 B3_oracle_api_sequence...
[run 1/3] llama3.1:8b simpleconf-S012 B4_gold_pair_rule...
[run 1/3] llama3.1:8b simpleconf-S013 B0_direct...
[run 1/3] llama3.1:8b simpleconf-S013 B1_api_list...
[run 1/3] llama3.1:8b simpleconf-S013 B2_raw_api_docs...
[run 1/3] llama3.1:8b simpleconf-S013 B3_oracle_api_sequence...
[run 1/3] llama3.1:8b simpleconf-S013 B4_gold_pair_rule...
[run 1/3] llama3.1:8b simpleconf-S014 B0_direct...
[run 1/3] llama3.1:8b simpleconf-S014 B1_api_list...
[run 1/3] llama3.1:8b simpleconf-S014 B2_raw_api_docs...
[run 1/3] llama3.1:8b simpleconf-S014 B3_oracle_api_sequence...
[run 1/3] llama3.1:8b simpleconf-S014 B4_gold_pair_rule...
[run 1/3] llama3.1:8b simpleconf-S015 B0_direct...
[run 1/3] llama3.1:8b simpleconf-S015 B1_api_list...
[run 1/3] llama3.1:8b simpleconf-S015 B2_raw_api_docs...
[run 1/3] llama3.1:8b simpleconf-S015 B3_oracle_api_sequence...
[run 1/3] llama3.1:8b simpleconf-S015 B4_gold_pair_rule...
[run 1/3] llama3.1:8b simpleconf-S016 B0_direct...
[run 1/3] llama3.1:8b simpleconf-S016 B1_api_list...
[run 1/3] llama3.1:8b simpleconf-S016 B2_raw_api_docs...
[run 1/3] llama3.1:8b simpleconf-S016 B3_oracle_api_sequence...
[run 1/3] llama3.1:8b simpleconf-S016 B4_gold_pair_rule...
[run 1/3] llama3.1:8b simpleconf-S017 B0_direct...
[run 1/3] llama3.1:8b simpleconf-S017 B1_api_list...
[run 1/3] llama3.1:8b simpleconf-S017 B2_raw_api_docs...
[run 1/3] llama3.1:8b simpleconf-S017 B3_oracle_api_sequence...
[run 1/3] llama3.1:8b simpleconf-S017 B4_gold_pair_rule...
[run 1/3] llama3.1:8b simpleconf-S018 B0_direct...
[run 1/3] llama3.1:8b simpleconf-S018 B1_api_list...
[run 1/3] llama3.1:8b simpleconf-S018 B2_raw_api_docs...
[run 1/3] llama3.1:8b simpleconf-S018 B3_oracle_api_sequence...
[run 1/3] llama3.1:8b simpleconf-S018 B4_gold_pair_rule...
[run 1/3] gemma2:9b simpleconf-S001 B0_direct...
[run 1/3] gemma2:9b simpleconf-S001 B1_api_list...
[run 1/3] gemma2:9b simpleconf-S001 B2_raw_api_docs...
[run 1/3] gemma2:9b simpleconf-S001 B3_oracle_api_sequence...
[run 1/3] gemma2:9b simpleconf-S001 B4_gold_pair_rule...
[run 1/3] gemma2:9b simpleconf-S002 B0_direct...
[run 1/3] gemma2:9b simpleconf-S002 B1_api_list...
[run 1/3] gemma2:9b simpleconf-S002 B2_raw_api_docs...
[run 1/3] gemma2:9b simpleconf-S002 B3_oracle_api_sequence...
[run 1/3] gemma2:9b simpleconf-S002 B4_gold_pair_rule...
[run 1/3] gemma2:9b simpleconf-S003 B0_direct...
[run 1/3] gemma2:9b simpleconf-S003 B1_api_list...
[run 1/3] gemma2:9b simpleconf-S003 B2_raw_api_docs...
[run 1/3] gemma2:9b simpleconf-S003 B3_oracle_api_sequence...
[run 1/3] gemma2:9b simpleconf-S003 B4_gold_pair_rule...
[run 1/3] gemma2:9b simpleconf-S004 B0_direct...
[run 1/3] gemma2:9b simpleconf-S004 B1_api_list...
[run 1/3] gemma2:9b simpleconf-S004 B2_raw_api_docs...
[run 1/3] gemma2:9b simpleconf-S004 B3_oracle_api_sequence...
[run 1/3] gemma2:9b simpleconf-S004 B4_gold_pair_rule...
[run 1/3] gemma2:9b simpleconf-S005 B0_direct...
[run 1/3] gemma2:9b simpleconf-S005 B1_api_list...
[run 1/3] gemma2:9b simpleconf-S005 B2_raw_api_docs...
[run 1/3] gemma2:9b simpleconf-S005 B3_oracle_api_sequence...
[run 1/3] gemma2:9b simpleconf-S005 B4_gold_pair_rule...
[run 1/3] gemma2:9b simpleconf-S006 B0_direct...
[run 1/3] gemma2:9b simpleconf-S006 B1_api_list...
[run 1/3] gemma2:9b simpleconf-S006 B2_raw_api_docs...
[run 1/3] gemma2:9b simpleconf-S006 B3_oracle_api_sequence...
[run 1/3] gemma2:9b simpleconf-S006 B4_gold_pair_rule...
[run 1/3] gemma2:9b simpleconf-S007 B0_direct...
[run 1/3] gemma2:9b simpleconf-S007 B1_api_list...
[run 1/3] gemma2:9b simpleconf-S007 B2_raw_api_docs...
[run 1/3] gemma2:9b simpleconf-S007 B3_oracle_api_sequence...
[run 1/3] gemma2:9b simpleconf-S007 B4_gold_pair_rule...
[run 1/3] gemma2:9b simpleconf-S008 B0_direct...
[run 1/3] gemma2:9b simpleconf-S008 B1_api_list...
[run 1/3] gemma2:9b simpleconf-S008 B2_raw_api_docs...
[run 1/3] gemma2:9b simpleconf-S008 B3_oracle_api_sequence...
[run 1/3] gemma2:9b simpleconf-S008 B4_gold_pair_rule...
[run 1/3] gemma2:9b simpleconf-S009 B0_direct...
[run 1/3] gemma2:9b simpleconf-S009 B1_api_list...
[run 1/3] gemma2:9b simpleconf-S009 B2_raw_api_docs...
[run 1/3] gemma2:9b simpleconf-S009 B3_oracle_api_sequence...
[run 1/3] gemma2:9b simpleconf-S009 B4_gold_pair_rule...
[run 1/3] gemma2:9b simpleconf-S010 B0_direct...
[run 1/3] gemma2:9b simpleconf-S010 B1_api_list...
[run 1/3] gemma2:9b simpleconf-S010 B2_raw_api_docs...
[run 1/3] gemma2:9b simpleconf-S010 B3_oracle_api_sequence...
[run 1/3] gemma2:9b simpleconf-S010 B4_gold_pair_rule...
[run 1/3] gemma2:9b simpleconf-S011 B0_direct...
[run 1/3] gemma2:9b simpleconf-S011 B1_api_list...
[run 1/3] gemma2:9b simpleconf-S011 B2_raw_api_docs...
[run 1/3] gemma2:9b simpleconf-S011 B3_oracle_api_sequence...
[run 1/3] gemma2:9b simpleconf-S011 B4_gold_pair_rule...
[run 1/3] gemma2:9b simpleconf-S012 B0_direct...
[run 1/3] gemma2:9b simpleconf-S012 B1_api_list...
[run 1/3] gemma2:9b simpleconf-S012 B2_raw_api_docs...
[run 1/3] gemma2:9b simpleconf-S012 B3_oracle_api_sequence...
[run 1/3] gemma2:9b simpleconf-S012 B4_gold_pair_rule...
[run 1/3] gemma2:9b simpleconf-S013 B0_direct...
[run 1/3] gemma2:9b simpleconf-S013 B1_api_list...
[run 1/3] gemma2:9b simpleconf-S013 B2_raw_api_docs...
[run 1/3] gemma2:9b simpleconf-S013 B3_oracle_api_sequence...
[run 1/3] gemma2:9b simpleconf-S013 B4_gold_pair_rule...
[run 1/3] gemma2:9b simpleconf-S014 B0_direct...
[run 1/3] gemma2:9b simpleconf-S014 B1_api_list...
[run 1/3] gemma2:9b simpleconf-S014 B2_raw_api_docs...
[run 1/3] gemma2:9b simpleconf-S014 B3_oracle_api_sequence...
[run 1/3] gemma2:9b simpleconf-S014 B4_gold_pair_rule...
[run 1/3] gemma2:9b simpleconf-S015 B0_direct...
[run 1/3] gemma2:9b simpleconf-S015 B1_api_list...
[run 1/3] gemma2:9b simpleconf-S015 B2_raw_api_docs...
[run 1/3] gemma2:9b simpleconf-S015 B3_oracle_api_sequence...
[run 1/3] gemma2:9b simpleconf-S015 B4_gold_pair_rule...
[run 1/3] gemma2:9b simpleconf-S016 B0_direct...
[run 1/3] gemma2:9b simpleconf-S016 B1_api_list...
[run 1/3] gemma2:9b simpleconf-S016 B2_raw_api_docs...
[run 1/3] gemma2:9b simpleconf-S016 B3_oracle_api_sequence...
[run 1/3] gemma2:9b simpleconf-S016 B4_gold_pair_rule...
[run 1/3] gemma2:9b simpleconf-S017 B0_direct...
[run 1/3] gemma2:9b simpleconf-S017 B1_api_list...
[run 1/3] gemma2:9b simpleconf-S017 B2_raw_api_docs...
[run 1/3] gemma2:9b simpleconf-S017 B3_oracle_api_sequence...
[run 1/3] gemma2:9b simpleconf-S017 B4_gold_pair_rule...
[run 1/3] gemma2:9b simpleconf-S018 B0_direct...
[run 1/3] gemma2:9b simpleconf-S018 B1_api_list...
[run 1/3] gemma2:9b simpleconf-S018 B2_raw_api_docs...
[run 1/3] gemma2:9b simpleconf-S018 B3_oracle_api_sequence...
[run 1/3] gemma2:9b simpleconf-S018 B4_gold_pair_rule...
[run 1/3] mistral:7b simpleconf-S001 B0_direct...
[run 1/3] mistral:7b simpleconf-S001 B1_api_list...
[run 1/3] mistral:7b simpleconf-S001 B2_raw_api_docs...
[run 1/3] mistral:7b simpleconf-S001 B3_oracle_api_sequence...
[run 1/3] mistral:7b simpleconf-S001 B4_gold_pair_rule...
[run 1/3] mistral:7b simpleconf-S002 B0_direct...
[run 1/3] mistral:7b simpleconf-S002 B1_api_list...
[run 1/3] mistral:7b simpleconf-S002 B2_raw_api_docs...
[run 1/3] mistral:7b simpleconf-S002 B3_oracle_api_sequence...
[run 1/3] mistral:7b simpleconf-S002 B4_gold_pair_rule...
[run 1/3] mistral:7b simpleconf-S003 B0_direct...
[run 1/3] mistral:7b simpleconf-S003 B1_api_list...
[run 1/3] mistral:7b simpleconf-S003 B2_raw_api_docs...
[run 1/3] mistral:7b simpleconf-S003 B3_oracle_api_sequence...
[run 1/3] mistral:7b simpleconf-S003 B4_gold_pair_rule...
[run 1/3] mistral:7b simpleconf-S004 B0_direct...
[run 1/3] mistral:7b simpleconf-S004 B1_api_list...
[run 1/3] mistral:7b simpleconf-S004 B2_raw_api_docs...
[run 1/3] mistral:7b simpleconf-S004 B3_oracle_api_sequence...
[run 1/3] mistral:7b simpleconf-S004 B4_gold_pair_rule...
[run 1/3] mistral:7b simpleconf-S005 B0_direct...
[run 1/3] mistral:7b simpleconf-S005 B1_api_list...
[run 1/3] mistral:7b simpleconf-S005 B2_raw_api_docs...
[run 1/3] mistral:7b simpleconf-S005 B3_oracle_api_sequence...
[run 1/3] mistral:7b simpleconf-S005 B4_gold_pair_rule...
[run 1/3] mistral:7b simpleconf-S006 B0_direct...
[run 1/3] mistral:7b simpleconf-S006 B1_api_list...
[run 1/3] mistral:7b simpleconf-S006 B2_raw_api_docs...
[run 1/3] mistral:7b simpleconf-S006 B3_oracle_api_sequence...
[run 1/3] mistral:7b simpleconf-S006 B4_gold_pair_rule...
[run 1/3] mistral:7b simpleconf-S007 B0_direct...
[run 1/3] mistral:7b simpleconf-S007 B1_api_list...
[run 1/3] mistral:7b simpleconf-S007 B2_raw_api_docs...
[run 1/3] mistral:7b simpleconf-S007 B3_oracle_api_sequence...
[run 1/3] mistral:7b simpleconf-S007 B4_gold_pair_rule...
[run 1/3] mistral:7b simpleconf-S008 B0_direct...
[run 1/3] mistral:7b simpleconf-S008 B1_api_list...
[run 1/3] mistral:7b simpleconf-S008 B2_raw_api_docs...
[run 1/3] mistral:7b simpleconf-S008 B3_oracle_api_sequence...
[run 1/3] mistral:7b simpleconf-S008 B4_gold_pair_rule...
[run 1/3] mistral:7b simpleconf-S009 B0_direct...
[run 1/3] mistral:7b simpleconf-S009 B1_api_list...
[run 1/3] mistral:7b simpleconf-S009 B2_raw_api_docs...
[run 1/3] mistral:7b simpleconf-S009 B3_oracle_api_sequence...
[run 1/3] mistral:7b simpleconf-S009 B4_gold_pair_rule...
[run 1/3] mistral:7b simpleconf-S010 B0_direct...
[run 1/3] mistral:7b simpleconf-S010 B1_api_list...
[run 1/3] mistral:7b simpleconf-S010 B2_raw_api_docs...
[run 1/3] mistral:7b simpleconf-S010 B3_oracle_api_sequence...
[run 1/3] mistral:7b simpleconf-S010 B4_gold_pair_rule...
[run 1/3] mistral:7b simpleconf-S011 B0_direct...
[run 1/3] mistral:7b simpleconf-S011 B1_api_list...
[run 1/3] mistral:7b simpleconf-S011 B2_raw_api_docs...
[run 1/3] mistral:7b simpleconf-S011 B3_oracle_api_sequence...
[run 1/3] mistral:7b simpleconf-S011 B4_gold_pair_rule...
[run 1/3] mistral:7b simpleconf-S012 B0_direct...
[run 1/3] mistral:7b simpleconf-S012 B1_api_list...
[run 1/3] mistral:7b simpleconf-S012 B2_raw_api_docs...
[run 1/3] mistral:7b simpleconf-S012 B3_oracle_api_sequence...
[run 1/3] mistral:7b simpleconf-S012 B4_gold_pair_rule...
[run 1/3] mistral:7b simpleconf-S013 B0_direct...
[run 1/3] mistral:7b simpleconf-S013 B1_api_list...
[run 1/3] mistral:7b simpleconf-S013 B2_raw_api_docs...
[run 1/3] mistral:7b simpleconf-S013 B3_oracle_api_sequence...
[run 1/3] mistral:7b simpleconf-S013 B4_gold_pair_rule...
[run 1/3] mistral:7b simpleconf-S014 B0_direct...
[run 1/3] mistral:7b simpleconf-S014 B1_api_list...
[run 1/3] mistral:7b simpleconf-S014 B2_raw_api_docs...
[run 1/3] mistral:7b simpleconf-S014 B3_oracle_api_sequence...
[run 1/3] mistral:7b simpleconf-S014 B4_gold_pair_rule...
[run 1/3] mistral:7b simpleconf-S015 B0_direct...
[run 1/3] mistral:7b simpleconf-S015 B1_api_list...
[run 1/3] mistral:7b simpleconf-S015 B2_raw_api_docs...
[run 1/3] mistral:7b simpleconf-S015 B3_oracle_api_sequence...
[run 1/3] mistral:7b simpleconf-S015 B4_gold_pair_rule...
[run 1/3] mistral:7b simpleconf-S016 B0_direct...
[run 1/3] mistral:7b simpleconf-S016 B1_api_list...
[run 1/3] mistral:7b simpleconf-S016 B2_raw_api_docs...
[run 1/3] mistral:7b simpleconf-S016 B3_oracle_api_sequence...
[run 1/3] mistral:7b simpleconf-S016 B4_gold_pair_rule...
[run 1/3] mistral:7b simpleconf-S017 B0_direct...
[run 1/3] mistral:7b simpleconf-S017 B1_api_list...
[run 1/3] mistral:7b simpleconf-S017 B2_raw_api_docs...
[run 1/3] mistral:7b simpleconf-S017 B3_oracle_api_sequence...
[run 1/3] mistral:7b simpleconf-S017 B4_gold_pair_rule...
[run 1/3] mistral:7b simpleconf-S018 B0_direct...
[run 1/3] mistral:7b simpleconf-S018 B1_api_list...
[run 1/3] mistral:7b simpleconf-S018 B2_raw_api_docs...
[run 1/3] mistral:7b simpleconf-S018 B3_oracle_api_sequence...
[run 1/3] mistral:7b simpleconf-S018 B4_gold_pair_rule...
[run 2/3] qwen2.5:7b simpleconf-S001 B0_direct...
[run 2/3] qwen2.5:7b simpleconf-S001 B1_api_list...
[run 2/3] qwen2.5:7b simpleconf-S001 B2_raw_api_docs...
[run 2/3] qwen2.5:7b simpleconf-S001 B3_oracle_api_sequence...
[run 2/3] qwen2.5:7b simpleconf-S001 B4_gold_pair_rule...
[run 2/3] qwen2.5:7b simpleconf-S002 B0_direct...
[run 2/3] qwen2.5:7b simpleconf-S002 B1_api_list...
[run 2/3] qwen2.5:7b simpleconf-S002 B2_raw_api_docs...
[run 2/3] qwen2.5:7b simpleconf-S002 B3_oracle_api_sequence...
[run 2/3] qwen2.5:7b simpleconf-S002 B4_gold_pair_rule...
[run 2/3] qwen2.5:7b simpleconf-S003 B0_direct...
[run 2/3] qwen2.5:7b simpleconf-S003 B1_api_list...
[run 2/3] qwen2.5:7b simpleconf-S003 B2_raw_api_docs...
[run 2/3] qwen2.5:7b simpleconf-S003 B3_oracle_api_sequence...
[run 2/3] qwen2.5:7b simpleconf-S003 B4_gold_pair_rule...
[run 2/3] qwen2.5:7b simpleconf-S004 B0_direct...
[run 2/3] qwen2.5:7b simpleconf-S004 B1_api_list...
[run 2/3] qwen2.5:7b simpleconf-S004 B2_raw_api_docs...
[run 2/3] qwen2.5:7b simpleconf-S004 B3_oracle_api_sequence...
[run 2/3] qwen2.5:7b simpleconf-S004 B4_gold_pair_rule...
[run 2/3] qwen2.5:7b simpleconf-S005 B0_direct...
[run 2/3] qwen2.5:7b simpleconf-S005 B1_api_list...
[run 2/3] qwen2.5:7b simpleconf-S005 B2_raw_api_docs...
[run 2/3] qwen2.5:7b simpleconf-S005 B3_oracle_api_sequence...
[run 2/3] qwen2.5:7b simpleconf-S005 B4_gold_pair_rule...
[run 2/3] qwen2.5:7b simpleconf-S006 B0_direct...
[run 2/3] qwen2.5:7b simpleconf-S006 B1_api_list...
[run 2/3] qwen2.5:7b simpleconf-S006 B2_raw_api_docs...
[run 2/3] qwen2.5:7b simpleconf-S006 B3_oracle_api_sequence...
[run 2/3] qwen2.5:7b simpleconf-S006 B4_gold_pair_rule...
[run 2/3] qwen2.5:7b simpleconf-S007 B0_direct...
[run 2/3] qwen2.5:7b simpleconf-S007 B1_api_list...
[run 2/3] qwen2.5:7b simpleconf-S007 B2_raw_api_docs...
[run 2/3] qwen2.5:7b simpleconf-S007 B3_oracle_api_sequence...
[run 2/3] qwen2.5:7b simpleconf-S007 B4_gold_pair_rule...
[run 2/3] qwen2.5:7b simpleconf-S008 B0_direct...
[run 2/3] qwen2.5:7b simpleconf-S008 B1_api_list...
[run 2/3] qwen2.5:7b simpleconf-S008 B2_raw_api_docs...
[run 2/3] qwen2.5:7b simpleconf-S008 B3_oracle_api_sequence...
[run 2/3] qwen2.5:7b simpleconf-S008 B4_gold_pair_rule...
[run 2/3] qwen2.5:7b simpleconf-S009 B0_direct...
[run 2/3] qwen2.5:7b simpleconf-S009 B1_api_list...
[run 2/3] qwen2.5:7b simpleconf-S009 B2_raw_api_docs...
[run 2/3] qwen2.5:7b simpleconf-S009 B3_oracle_api_sequence...
[run 2/3] qwen2.5:7b simpleconf-S009 B4_gold_pair_rule...
[run 2/3] qwen2.5:7b simpleconf-S010 B0_direct...
[run 2/3] qwen2.5:7b simpleconf-S010 B1_api_list...
[run 2/3] qwen2.5:7b simpleconf-S010 B2_raw_api_docs...
[run 2/3] qwen2.5:7b simpleconf-S010 B3_oracle_api_sequence...
[run 2/3] qwen2.5:7b simpleconf-S010 B4_gold_pair_rule...
[run 2/3] qwen2.5:7b simpleconf-S011 B0_direct...
[run 2/3] qwen2.5:7b simpleconf-S011 B1_api_list...
[run 2/3] qwen2.5:7b simpleconf-S011 B2_raw_api_docs...
[run 2/3] qwen2.5:7b simpleconf-S011 B3_oracle_api_sequence...
[run 2/3] qwen2.5:7b simpleconf-S011 B4_gold_pair_rule...
[run 2/3] qwen2.5:7b simpleconf-S012 B0_direct...
[run 2/3] qwen2.5:7b simpleconf-S012 B1_api_list...
[run 2/3] qwen2.5:7b simpleconf-S012 B2_raw_api_docs...
[run 2/3] qwen2.5:7b simpleconf-S012 B3_oracle_api_sequence...
[run 2/3] qwen2.5:7b simpleconf-S012 B4_gold_pair_rule...
[run 2/3] qwen2.5:7b simpleconf-S013 B0_direct...
[run 2/3] qwen2.5:7b simpleconf-S013 B1_api_list...
[run 2/3] qwen2.5:7b simpleconf-S013 B2_raw_api_docs...
[run 2/3] qwen2.5:7b simpleconf-S013 B3_oracle_api_sequence...
[run 2/3] qwen2.5:7b simpleconf-S013 B4_gold_pair_rule...
[run 2/3] qwen2.5:7b simpleconf-S014 B0_direct...
[run 2/3] qwen2.5:7b simpleconf-S014 B1_api_list...
[run 2/3] qwen2.5:7b simpleconf-S014 B2_raw_api_docs...
[run 2/3] qwen2.5:7b simpleconf-S014 B3_oracle_api_sequence...
[run 2/3] qwen2.5:7b simpleconf-S014 B4_gold_pair_rule...
[run 2/3] qwen2.5:7b simpleconf-S015 B0_direct...
[run 2/3] qwen2.5:7b simpleconf-S015 B1_api_list...
[run 2/3] qwen2.5:7b simpleconf-S015 B2_raw_api_docs...
[run 2/3] qwen2.5:7b simpleconf-S015 B3_oracle_api_sequence...
[run 2/3] qwen2.5:7b simpleconf-S015 B4_gold_pair_rule...
[run 2/3] qwen2.5:7b simpleconf-S016 B0_direct...
[run 2/3] qwen2.5:7b simpleconf-S016 B1_api_list...
[run 2/3] qwen2.5:7b simpleconf-S016 B2_raw_api_docs...
[run 2/3] qwen2.5:7b simpleconf-S016 B3_oracle_api_sequence...
[run 2/3] qwen2.5:7b simpleconf-S016 B4_gold_pair_rule...
[run 2/3] qwen2.5:7b simpleconf-S017 B0_direct...
[run 2/3] qwen2.5:7b simpleconf-S017 B1_api_list...
[run 2/3] qwen2.5:7b simpleconf-S017 B2_raw_api_docs...
[run 2/3] qwen2.5:7b simpleconf-S017 B3_oracle_api_sequence...
[run 2/3] qwen2.5:7b simpleconf-S017 B4_gold_pair_rule...
[run 2/3] qwen2.5:7b simpleconf-S018 B0_direct...
[run 2/3] qwen2.5:7b simpleconf-S018 B1_api_list...
[run 2/3] qwen2.5:7b simpleconf-S018 B2_raw_api_docs...
[run 2/3] qwen2.5:7b simpleconf-S018 B3_oracle_api_sequence...
[run 2/3] qwen2.5:7b simpleconf-S018 B4_gold_pair_rule...
[run 2/3] qwen2.5-coder:7b simpleconf-S001 B0_direct...
[run 2/3] qwen2.5-coder:7b simpleconf-S001 B1_api_list...
[run 2/3] qwen2.5-coder:7b simpleconf-S001 B2_raw_api_docs...
[run 2/3] qwen2.5-coder:7b simpleconf-S001 B3_oracle_api_sequence...
[run 2/3] qwen2.5-coder:7b simpleconf-S001 B4_gold_pair_rule...
[run 2/3] qwen2.5-coder:7b simpleconf-S002 B0_direct...
[run 2/3] qwen2.5-coder:7b simpleconf-S002 B1_api_list...
[run 2/3] qwen2.5-coder:7b simpleconf-S002 B2_raw_api_docs...
[run 2/3] qwen2.5-coder:7b simpleconf-S002 B3_oracle_api_sequence...
[run 2/3] qwen2.5-coder:7b simpleconf-S002 B4_gold_pair_rule...
[run 2/3] qwen2.5-coder:7b simpleconf-S003 B0_direct...
[run 2/3] qwen2.5-coder:7b simpleconf-S003 B1_api_list...
[run 2/3] qwen2.5-coder:7b simpleconf-S003 B2_raw_api_docs...
[run 2/3] qwen2.5-coder:7b simpleconf-S003 B3_oracle_api_sequence...
[run 2/3] qwen2.5-coder:7b simpleconf-S003 B4_gold_pair_rule...
[run 2/3] qwen2.5-coder:7b simpleconf-S004 B0_direct...
[run 2/3] qwen2.5-coder:7b simpleconf-S004 B1_api_list...
[run 2/3] qwen2.5-coder:7b simpleconf-S004 B2_raw_api_docs...
[run 2/3] qwen2.5-coder:7b simpleconf-S004 B3_oracle_api_sequence...
[run 2/3] qwen2.5-coder:7b simpleconf-S004 B4_gold_pair_rule...
[run 2/3] qwen2.5-coder:7b simpleconf-S005 B0_direct...
[run 2/3] qwen2.5-coder:7b simpleconf-S005 B1_api_list...
[run 2/3] qwen2.5-coder:7b simpleconf-S005 B2_raw_api_docs...
[run 2/3] qwen2.5-coder:7b simpleconf-S005 B3_oracle_api_sequence...
[run 2/3] qwen2.5-coder:7b simpleconf-S005 B4_gold_pair_rule...
[run 2/3] qwen2.5-coder:7b simpleconf-S006 B0_direct...
[run 2/3] qwen2.5-coder:7b simpleconf-S006 B1_api_list...
[run 2/3] qwen2.5-coder:7b simpleconf-S006 B2_raw_api_docs...
[run 2/3] qwen2.5-coder:7b simpleconf-S006 B3_oracle_api_sequence...
[run 2/3] qwen2.5-coder:7b simpleconf-S006 B4_gold_pair_rule...
[run 2/3] qwen2.5-coder:7b simpleconf-S007 B0_direct...
[run 2/3] qwen2.5-coder:7b simpleconf-S007 B1_api_list...
[run 2/3] qwen2.5-coder:7b simpleconf-S007 B2_raw_api_docs...
[run 2/3] qwen2.5-coder:7b simpleconf-S007 B3_oracle_api_sequence...
[run 2/3] qwen2.5-coder:7b simpleconf-S007 B4_gold_pair_rule...
[run 2/3] qwen2.5-coder:7b simpleconf-S008 B0_direct...
[run 2/3] qwen2.5-coder:7b simpleconf-S008 B1_api_list...
[run 2/3] qwen2.5-coder:7b simpleconf-S008 B2_raw_api_docs...
[run 2/3] qwen2.5-coder:7b simpleconf-S008 B3_oracle_api_sequence...
[run 2/3] qwen2.5-coder:7b simpleconf-S008 B4_gold_pair_rule...
[run 2/3] qwen2.5-coder:7b simpleconf-S009 B0_direct...
[run 2/3] qwen2.5-coder:7b simpleconf-S009 B1_api_list...
[run 2/3] qwen2.5-coder:7b simpleconf-S009 B2_raw_api_docs...
[run 2/3] qwen2.5-coder:7b simpleconf-S009 B3_oracle_api_sequence...
[run 2/3] qwen2.5-coder:7b simpleconf-S009 B4_gold_pair_rule...
[run 2/3] qwen2.5-coder:7b simpleconf-S010 B0_direct...
[run 2/3] qwen2.5-coder:7b simpleconf-S010 B1_api_list...
[run 2/3] qwen2.5-coder:7b simpleconf-S010 B2_raw_api_docs...
[run 2/3] qwen2.5-coder:7b simpleconf-S010 B3_oracle_api_sequence...
[run 2/3] qwen2.5-coder:7b simpleconf-S010 B4_gold_pair_rule...
[run 2/3] qwen2.5-coder:7b simpleconf-S011 B0_direct...
[run 2/3] qwen2.5-coder:7b simpleconf-S011 B1_api_list...
[run 2/3] qwen2.5-coder:7b simpleconf-S011 B2_raw_api_docs...
[run 2/3] qwen2.5-coder:7b simpleconf-S011 B3_oracle_api_sequence...
[run 2/3] qwen2.5-coder:7b simpleconf-S011 B4_gold_pair_rule...
[run 2/3] qwen2.5-coder:7b simpleconf-S012 B0_direct...
[run 2/3] qwen2.5-coder:7b simpleconf-S012 B1_api_list...
[run 2/3] qwen2.5-coder:7b simpleconf-S012 B2_raw_api_docs...
[run 2/3] qwen2.5-coder:7b simpleconf-S012 B3_oracle_api_sequence...
[run 2/3] qwen2.5-coder:7b simpleconf-S012 B4_gold_pair_rule...
[run 2/3] qwen2.5-coder:7b simpleconf-S013 B0_direct...
[run 2/3] qwen2.5-coder:7b simpleconf-S013 B1_api_list...
[run 2/3] qwen2.5-coder:7b simpleconf-S013 B2_raw_api_docs...
[run 2/3] qwen2.5-coder:7b simpleconf-S013 B3_oracle_api_sequence...
[run 2/3] qwen2.5-coder:7b simpleconf-S013 B4_gold_pair_rule...
[run 2/3] qwen2.5-coder:7b simpleconf-S014 B0_direct...
[run 2/3] qwen2.5-coder:7b simpleconf-S014 B1_api_list...
[run 2/3] qwen2.5-coder:7b simpleconf-S014 B2_raw_api_docs...
[run 2/3] qwen2.5-coder:7b simpleconf-S014 B3_oracle_api_sequence...
[run 2/3] qwen2.5-coder:7b simpleconf-S014 B4_gold_pair_rule...
[run 2/3] qwen2.5-coder:7b simpleconf-S015 B0_direct...
[run 2/3] qwen2.5-coder:7b simpleconf-S015 B1_api_list...
[run 2/3] qwen2.5-coder:7b simpleconf-S015 B2_raw_api_docs...
[run 2/3] qwen2.5-coder:7b simpleconf-S015 B3_oracle_api_sequence...
[run 2/3] qwen2.5-coder:7b simpleconf-S015 B4_gold_pair_rule...
[run 2/3] qwen2.5-coder:7b simpleconf-S016 B0_direct...
[run 2/3] qwen2.5-coder:7b simpleconf-S016 B1_api_list...
[run 2/3] qwen2.5-coder:7b simpleconf-S016 B2_raw_api_docs...
[run 2/3] qwen2.5-coder:7b simpleconf-S016 B3_oracle_api_sequence...
[run 2/3] qwen2.5-coder:7b simpleconf-S016 B4_gold_pair_rule...
[run 2/3] qwen2.5-coder:7b simpleconf-S017 B0_direct...
[run 2/3] qwen2.5-coder:7b simpleconf-S017 B1_api_list...
[run 2/3] qwen2.5-coder:7b simpleconf-S017 B2_raw_api_docs...
[run 2/3] qwen2.5-coder:7b simpleconf-S017 B3_oracle_api_sequence...
[run 2/3] qwen2.5-coder:7b simpleconf-S017 B4_gold_pair_rule...
[run 2/3] qwen2.5-coder:7b simpleconf-S018 B0_direct...
[run 2/3] qwen2.5-coder:7b simpleconf-S018 B1_api_list...
[run 2/3] qwen2.5-coder:7b simpleconf-S018 B2_raw_api_docs...
[run 2/3] qwen2.5-coder:7b simpleconf-S018 B3_oracle_api_sequence...
[run 2/3] qwen2.5-coder:7b simpleconf-S018 B4_gold_pair_rule...
[run 2/3] llama3.1:8b simpleconf-S001 B0_direct...
[run 2/3] llama3.1:8b simpleconf-S001 B1_api_list...
[run 2/3] llama3.1:8b simpleconf-S001 B2_raw_api_docs...
[run 2/3] llama3.1:8b simpleconf-S001 B3_oracle_api_sequence...
[run 2/3] llama3.1:8b simpleconf-S001 B4_gold_pair_rule...
[run 2/3] llama3.1:8b simpleconf-S002 B0_direct...
[run 2/3] llama3.1:8b simpleconf-S002 B1_api_list...
[run 2/3] llama3.1:8b simpleconf-S002 B2_raw_api_docs...
[run 2/3] llama3.1:8b simpleconf-S002 B3_oracle_api_sequence...
[run 2/3] llama3.1:8b simpleconf-S002 B4_gold_pair_rule...
[run 2/3] llama3.1:8b simpleconf-S003 B0_direct...
[run 2/3] llama3.1:8b simpleconf-S003 B1_api_list...
[run 2/3] llama3.1:8b simpleconf-S003 B2_raw_api_docs...
[run 2/3] llama3.1:8b simpleconf-S003 B3_oracle_api_sequence...
[run 2/3] llama3.1:8b simpleconf-S003 B4_gold_pair_rule...
[run 2/3] llama3.1:8b simpleconf-S004 B0_direct...
[run 2/3] llama3.1:8b simpleconf-S004 B1_api_list...
[run 2/3] llama3.1:8b simpleconf-S004 B2_raw_api_docs...
[run 2/3] llama3.1:8b simpleconf-S004 B3_oracle_api_sequence...
[run 2/3] llama3.1:8b simpleconf-S004 B4_gold_pair_rule...
[run 2/3] llama3.1:8b simpleconf-S005 B0_direct...
[run 2/3] llama3.1:8b simpleconf-S005 B1_api_list...
[run 2/3] llama3.1:8b simpleconf-S005 B2_raw_api_docs...
[run 2/3] llama3.1:8b simpleconf-S005 B3_oracle_api_sequence...
[run 2/3] llama3.1:8b simpleconf-S005 B4_gold_pair_rule...
[run 2/3] llama3.1:8b simpleconf-S006 B0_direct...
[run 2/3] llama3.1:8b simpleconf-S006 B1_api_list...
[run 2/3] llama3.1:8b simpleconf-S006 B2_raw_api_docs...
[run 2/3] llama3.1:8b simpleconf-S006 B3_oracle_api_sequence...
[run 2/3] llama3.1:8b simpleconf-S006 B4_gold_pair_rule...
[run 2/3] llama3.1:8b simpleconf-S007 B0_direct...
[run 2/3] llama3.1:8b simpleconf-S007 B1_api_list...
[run 2/3] llama3.1:8b simpleconf-S007 B2_raw_api_docs...
[run 2/3] llama3.1:8b simpleconf-S007 B3_oracle_api_sequence...
[run 2/3] llama3.1:8b simpleconf-S007 B4_gold_pair_rule...
[run 2/3] llama3.1:8b simpleconf-S008 B0_direct...
[run 2/3] llama3.1:8b simpleconf-S008 B1_api_list...
[run 2/3] llama3.1:8b simpleconf-S008 B2_raw_api_docs...
[run 2/3] llama3.1:8b simpleconf-S008 B3_oracle_api_sequence...
[run 2/3] llama3.1:8b simpleconf-S008 B4_gold_pair_rule...
[run 2/3] llama3.1:8b simpleconf-S009 B0_direct...
[run 2/3] llama3.1:8b simpleconf-S009 B1_api_list...
[run 2/3] llama3.1:8b simpleconf-S009 B2_raw_api_docs...
[run 2/3] llama3.1:8b simpleconf-S009 B3_oracle_api_sequence...
[run 2/3] llama3.1:8b simpleconf-S009 B4_gold_pair_rule...
[run 2/3] llama3.1:8b simpleconf-S010 B0_direct...
[run 2/3] llama3.1:8b simpleconf-S010 B1_api_list...
[run 2/3] llama3.1:8b simpleconf-S010 B2_raw_api_docs...
[run 2/3] llama3.1:8b simpleconf-S010 B3_oracle_api_sequence...
[run 2/3] llama3.1:8b simpleconf-S010 B4_gold_pair_rule...
[run 2/3] llama3.1:8b simpleconf-S011 B0_direct...
[run 2/3] llama3.1:8b simpleconf-S011 B1_api_list...
[run 2/3] llama3.1:8b simpleconf-S011 B2_raw_api_docs...
[run 2/3] llama3.1:8b simpleconf-S011 B3_oracle_api_sequence...
[run 2/3] llama3.1:8b simpleconf-S011 B4_gold_pair_rule...
[run 2/3] llama3.1:8b simpleconf-S012 B0_direct...
[run 2/3] llama3.1:8b simpleconf-S012 B1_api_list...
[run 2/3] llama3.1:8b simpleconf-S012 B2_raw_api_docs...
[run 2/3] llama3.1:8b simpleconf-S012 B3_oracle_api_sequence...
[run 2/3] llama3.1:8b simpleconf-S012 B4_gold_pair_rule...
[run 2/3] llama3.1:8b simpleconf-S013 B0_direct...
[run 2/3] llama3.1:8b simpleconf-S013 B1_api_list...
[run 2/3] llama3.1:8b simpleconf-S013 B2_raw_api_docs...
[run 2/3] llama3.1:8b simpleconf-S013 B3_oracle_api_sequence...
[run 2/3] llama3.1:8b simpleconf-S013 B4_gold_pair_rule...
[run 2/3] llama3.1:8b simpleconf-S014 B0_direct...
[run 2/3] llama3.1:8b simpleconf-S014 B1_api_list...
[run 2/3] llama3.1:8b simpleconf-S014 B2_raw_api_docs...
[run 2/3] llama3.1:8b simpleconf-S014 B3_oracle_api_sequence...
[run 2/3] llama3.1:8b simpleconf-S014 B4_gold_pair_rule...
[run 2/3] llama3.1:8b simpleconf-S015 B0_direct...
[run 2/3] llama3.1:8b simpleconf-S015 B1_api_list...
[run 2/3] llama3.1:8b simpleconf-S015 B2_raw_api_docs...
[run 2/3] llama3.1:8b simpleconf-S015 B3_oracle_api_sequence...
[run 2/3] llama3.1:8b simpleconf-S015 B4_gold_pair_rule...
[run 2/3] llama3.1:8b simpleconf-S016 B0_direct...
[run 2/3] llama3.1:8b simpleconf-S016 B1_api_list...
[run 2/3] llama3.1:8b simpleconf-S016 B2_raw_api_docs...
[run 2/3] llama3.1:8b simpleconf-S016 B3_oracle_api_sequence...
[run 2/3] llama3.1:8b simpleconf-S016 B4_gold_pair_rule...
[run 2/3] llama3.1:8b simpleconf-S017 B0_direct...
[run 2/3] llama3.1:8b simpleconf-S017 B1_api_list...
[run 2/3] llama3.1:8b simpleconf-S017 B2_raw_api_docs...
[run 2/3] llama3.1:8b simpleconf-S017 B3_oracle_api_sequence...
[run 2/3] llama3.1:8b simpleconf-S017 B4_gold_pair_rule...
[run 2/3] llama3.1:8b simpleconf-S018 B0_direct...
[run 2/3] llama3.1:8b simpleconf-S018 B1_api_list...
[run 2/3] llama3.1:8b simpleconf-S018 B2_raw_api_docs...
[run 2/3] llama3.1:8b simpleconf-S018 B3_oracle_api_sequence...
[run 2/3] llama3.1:8b simpleconf-S018 B4_gold_pair_rule...
[run 2/3] gemma2:9b simpleconf-S001 B0_direct...
[run 2/3] gemma2:9b simpleconf-S001 B1_api_list...
[run 2/3] gemma2:9b simpleconf-S001 B2_raw_api_docs...
[run 2/3] gemma2:9b simpleconf-S001 B3_oracle_api_sequence...
[run 2/3] gemma2:9b simpleconf-S001 B4_gold_pair_rule...
[run 2/3] gemma2:9b simpleconf-S002 B0_direct...
[run 2/3] gemma2:9b simpleconf-S002 B1_api_list...
[run 2/3] gemma2:9b simpleconf-S002 B2_raw_api_docs...
[run 2/3] gemma2:9b simpleconf-S002 B3_oracle_api_sequence...
[run 2/3] gemma2:9b simpleconf-S002 B4_gold_pair_rule...
[run 2/3] gemma2:9b simpleconf-S003 B0_direct...
[run 2/3] gemma2:9b simpleconf-S003 B1_api_list...
[run 2/3] gemma2:9b simpleconf-S003 B2_raw_api_docs...
[run 2/3] gemma2:9b simpleconf-S003 B3_oracle_api_sequence...
[run 2/3] gemma2:9b simpleconf-S003 B4_gold_pair_rule...
[run 2/3] gemma2:9b simpleconf-S004 B0_direct...
[run 2/3] gemma2:9b simpleconf-S004 B1_api_list...
[run 2/3] gemma2:9b simpleconf-S004 B2_raw_api_docs...
[run 2/3] gemma2:9b simpleconf-S004 B3_oracle_api_sequence...
[run 2/3] gemma2:9b simpleconf-S004 B4_gold_pair_rule...
[run 2/3] gemma2:9b simpleconf-S005 B0_direct...
[run 2/3] gemma2:9b simpleconf-S005 B1_api_list...
[run 2/3] gemma2:9b simpleconf-S005 B2_raw_api_docs...
[run 2/3] gemma2:9b simpleconf-S005 B3_oracle_api_sequence...
[run 2/3] gemma2:9b simpleconf-S005 B4_gold_pair_rule...
[run 2/3] gemma2:9b simpleconf-S006 B0_direct...
[run 2/3] gemma2:9b simpleconf-S006 B1_api_list...
[run 2/3] gemma2:9b simpleconf-S006 B2_raw_api_docs...
[run 2/3] gemma2:9b simpleconf-S006 B3_oracle_api_sequence...
[run 2/3] gemma2:9b simpleconf-S006 B4_gold_pair_rule...
[run 2/3] gemma2:9b simpleconf-S007 B0_direct...
[run 2/3] gemma2:9b simpleconf-S007 B1_api_list...
[run 2/3] gemma2:9b simpleconf-S007 B2_raw_api_docs...
[run 2/3] gemma2:9b simpleconf-S007 B3_oracle_api_sequence...
[run 2/3] gemma2:9b simpleconf-S007 B4_gold_pair_rule...
[run 2/3] gemma2:9b simpleconf-S008 B0_direct...
[run 2/3] gemma2:9b simpleconf-S008 B1_api_list...
[run 2/3] gemma2:9b simpleconf-S008 B2_raw_api_docs...
[run 2/3] gemma2:9b simpleconf-S008 B3_oracle_api_sequence...
[run 2/3] gemma2:9b simpleconf-S008 B4_gold_pair_rule...
[run 2/3] gemma2:9b simpleconf-S009 B0_direct...
[run 2/3] gemma2:9b simpleconf-S009 B1_api_list...
[run 2/3] gemma2:9b simpleconf-S009 B2_raw_api_docs...
[run 2/3] gemma2:9b simpleconf-S009 B3_oracle_api_sequence...
[run 2/3] gemma2:9b simpleconf-S009 B4_gold_pair_rule...
[run 2/3] gemma2:9b simpleconf-S010 B0_direct...
[run 2/3] gemma2:9b simpleconf-S010 B1_api_list...
[run 2/3] gemma2:9b simpleconf-S010 B2_raw_api_docs...
[run 2/3] gemma2:9b simpleconf-S010 B3_oracle_api_sequence...
[run 2/3] gemma2:9b simpleconf-S010 B4_gold_pair_rule...
[run 2/3] gemma2:9b simpleconf-S011 B0_direct...
[run 2/3] gemma2:9b simpleconf-S011 B1_api_list...
[run 2/3] gemma2:9b simpleconf-S011 B2_raw_api_docs...
[run 2/3] gemma2:9b simpleconf-S011 B3_oracle_api_sequence...
[run 2/3] gemma2:9b simpleconf-S011 B4_gold_pair_rule...
[run 2/3] gemma2:9b simpleconf-S012 B0_direct...
[run 2/3] gemma2:9b simpleconf-S012 B1_api_list...
[run 2/3] gemma2:9b simpleconf-S012 B2_raw_api_docs...
[run 2/3] gemma2:9b simpleconf-S012 B3_oracle_api_sequence...
[run 2/3] gemma2:9b simpleconf-S012 B4_gold_pair_rule...
[run 2/3] gemma2:9b simpleconf-S013 B0_direct...
[run 2/3] gemma2:9b simpleconf-S013 B1_api_list...
[run 2/3] gemma2:9b simpleconf-S013 B2_raw_api_docs...
[run 2/3] gemma2:9b simpleconf-S013 B3_oracle_api_sequence...
[run 2/3] gemma2:9b simpleconf-S013 B4_gold_pair_rule...
[run 2/3] gemma2:9b simpleconf-S014 B0_direct...
[run 2/3] gemma2:9b simpleconf-S014 B1_api_list...
[run 2/3] gemma2:9b simpleconf-S014 B2_raw_api_docs...
[run 2/3] gemma2:9b simpleconf-S014 B3_oracle_api_sequence...
[run 2/3] gemma2:9b simpleconf-S014 B4_gold_pair_rule...
[run 2/3] gemma2:9b simpleconf-S015 B0_direct...
[run 2/3] gemma2:9b simpleconf-S015 B1_api_list...
[run 2/3] gemma2:9b simpleconf-S015 B2_raw_api_docs...
[run 2/3] gemma2:9b simpleconf-S015 B3_oracle_api_sequence...
[run 2/3] gemma2:9b simpleconf-S015 B4_gold_pair_rule...
[run 2/3] gemma2:9b simpleconf-S016 B0_direct...
[run 2/3] gemma2:9b simpleconf-S016 B1_api_list...
[run 2/3] gemma2:9b simpleconf-S016 B2_raw_api_docs...
[run 2/3] gemma2:9b simpleconf-S016 B3_oracle_api_sequence...
[run 2/3] gemma2:9b simpleconf-S016 B4_gold_pair_rule...
[run 2/3] gemma2:9b simpleconf-S017 B0_direct...
[run 2/3] gemma2:9b simpleconf-S017 B1_api_list...
[run 2/3] gemma2:9b simpleconf-S017 B2_raw_api_docs...
[run 2/3] gemma2:9b simpleconf-S017 B3_oracle_api_sequence...
[run 2/3] gemma2:9b simpleconf-S017 B4_gold_pair_rule...
[run 2/3] gemma2:9b simpleconf-S018 B0_direct...
[run 2/3] gemma2:9b simpleconf-S018 B1_api_list...
[run 2/3] gemma2:9b simpleconf-S018 B2_raw_api_docs...
[run 2/3] gemma2:9b simpleconf-S018 B3_oracle_api_sequence...
[run 2/3] gemma2:9b simpleconf-S018 B4_gold_pair_rule...
[run 2/3] mistral:7b simpleconf-S001 B0_direct...
[run 2/3] mistral:7b simpleconf-S001 B1_api_list...
[run 2/3] mistral:7b simpleconf-S001 B2_raw_api_docs...
[run 2/3] mistral:7b simpleconf-S001 B3_oracle_api_sequence...
[run 2/3] mistral:7b simpleconf-S001 B4_gold_pair_rule...
[run 2/3] mistral:7b simpleconf-S002 B0_direct...
[run 2/3] mistral:7b simpleconf-S002 B1_api_list...
[run 2/3] mistral:7b simpleconf-S002 B2_raw_api_docs...
[run 2/3] mistral:7b simpleconf-S002 B3_oracle_api_sequence...
[run 2/3] mistral:7b simpleconf-S002 B4_gold_pair_rule...
[run 2/3] mistral:7b simpleconf-S003 B0_direct...
[run 2/3] mistral:7b simpleconf-S003 B1_api_list...
[run 2/3] mistral:7b simpleconf-S003 B2_raw_api_docs...
[run 2/3] mistral:7b simpleconf-S003 B3_oracle_api_sequence...
[run 2/3] mistral:7b simpleconf-S003 B4_gold_pair_rule...
[run 2/3] mistral:7b simpleconf-S004 B0_direct...
[run 2/3] mistral:7b simpleconf-S004 B1_api_list...
[run 2/3] mistral:7b simpleconf-S004 B2_raw_api_docs...
[run 2/3] mistral:7b simpleconf-S004 B3_oracle_api_sequence...
[run 2/3] mistral:7b simpleconf-S004 B4_gold_pair_rule...
[run 2/3] mistral:7b simpleconf-S005 B0_direct...
[run 2/3] mistral:7b simpleconf-S005 B1_api_list...
[run 2/3] mistral:7b simpleconf-S005 B2_raw_api_docs...
[run 2/3] mistral:7b simpleconf-S005 B3_oracle_api_sequence...
[run 2/3] mistral:7b simpleconf-S005 B4_gold_pair_rule...
[run 2/3] mistral:7b simpleconf-S006 B0_direct...
[run 2/3] mistral:7b simpleconf-S006 B1_api_list...
[run 2/3] mistral:7b simpleconf-S006 B2_raw_api_docs...
[run 2/3] mistral:7b simpleconf-S006 B3_oracle_api_sequence...
[run 2/3] mistral:7b simpleconf-S006 B4_gold_pair_rule...
[run 2/3] mistral:7b simpleconf-S007 B0_direct...
[run 2/3] mistral:7b simpleconf-S007 B1_api_list...
[run 2/3] mistral:7b simpleconf-S007 B2_raw_api_docs...
[run 2/3] mistral:7b simpleconf-S007 B3_oracle_api_sequence...
[run 2/3] mistral:7b simpleconf-S007 B4_gold_pair_rule...
[run 2/3] mistral:7b simpleconf-S008 B0_direct...
[run 2/3] mistral:7b simpleconf-S008 B1_api_list...
[run 2/3] mistral:7b simpleconf-S008 B2_raw_api_docs...
[run 2/3] mistral:7b simpleconf-S008 B3_oracle_api_sequence...
[run 2/3] mistral:7b simpleconf-S008 B4_gold_pair_rule...
[run 2/3] mistral:7b simpleconf-S009 B0_direct...
[run 2/3] mistral:7b simpleconf-S009 B1_api_list...
[run 2/3] mistral:7b simpleconf-S009 B2_raw_api_docs...
[run 2/3] mistral:7b simpleconf-S009 B3_oracle_api_sequence...
[run 2/3] mistral:7b simpleconf-S009 B4_gold_pair_rule...
[run 2/3] mistral:7b simpleconf-S010 B0_direct...
[run 2/3] mistral:7b simpleconf-S010 B1_api_list...
[run 2/3] mistral:7b simpleconf-S010 B2_raw_api_docs...
[run 2/3] mistral:7b simpleconf-S010 B3_oracle_api_sequence...
[run 2/3] mistral:7b simpleconf-S010 B4_gold_pair_rule...
[run 2/3] mistral:7b simpleconf-S011 B0_direct...
[run 2/3] mistral:7b simpleconf-S011 B1_api_list...
[run 2/3] mistral:7b simpleconf-S011 B2_raw_api_docs...
[run 2/3] mistral:7b simpleconf-S011 B3_oracle_api_sequence...
[run 2/3] mistral:7b simpleconf-S011 B4_gold_pair_rule...
[run 2/3] mistral:7b simpleconf-S012 B0_direct...
[run 2/3] mistral:7b simpleconf-S012 B1_api_list...
[run 2/3] mistral:7b simpleconf-S012 B2_raw_api_docs...
[run 2/3] mistral:7b simpleconf-S012 B3_oracle_api_sequence...
[run 2/3] mistral:7b simpleconf-S012 B4_gold_pair_rule...
[run 2/3] mistral:7b simpleconf-S013 B0_direct...
[run 2/3] mistral:7b simpleconf-S013 B1_api_list...
[run 2/3] mistral:7b simpleconf-S013 B2_raw_api_docs...
[run 2/3] mistral:7b simpleconf-S013 B3_oracle_api_sequence...
[run 2/3] mistral:7b simpleconf-S013 B4_gold_pair_rule...
[run 2/3] mistral:7b simpleconf-S014 B0_direct...
[run 2/3] mistral:7b simpleconf-S014 B1_api_list...
[run 2/3] mistral:7b simpleconf-S014 B2_raw_api_docs...
[run 2/3] mistral:7b simpleconf-S014 B3_oracle_api_sequence...
[run 2/3] mistral:7b simpleconf-S014 B4_gold_pair_rule...
[run 2/3] mistral:7b simpleconf-S015 B0_direct...
[run 2/3] mistral:7b simpleconf-S015 B1_api_list...
[run 2/3] mistral:7b simpleconf-S015 B2_raw_api_docs...
[run 2/3] mistral:7b simpleconf-S015 B3_oracle_api_sequence...
[run 2/3] mistral:7b simpleconf-S015 B4_gold_pair_rule...
[run 2/3] mistral:7b simpleconf-S016 B0_direct...
[run 2/3] mistral:7b simpleconf-S016 B1_api_list...
[run 2/3] mistral:7b simpleconf-S016 B2_raw_api_docs...
[run 2/3] mistral:7b simpleconf-S016 B3_oracle_api_sequence...
[run 2/3] mistral:7b simpleconf-S016 B4_gold_pair_rule...
[run 2/3] mistral:7b simpleconf-S017 B0_direct...
[run 2/3] mistral:7b simpleconf-S017 B1_api_list...
[run 2/3] mistral:7b simpleconf-S017 B2_raw_api_docs...
[run 2/3] mistral:7b simpleconf-S017 B3_oracle_api_sequence...
[run 2/3] mistral:7b simpleconf-S017 B4_gold_pair_rule...
[run 2/3] mistral:7b simpleconf-S018 B0_direct...
[run 2/3] mistral:7b simpleconf-S018 B1_api_list...
[run 2/3] mistral:7b simpleconf-S018 B2_raw_api_docs...
[run 2/3] mistral:7b simpleconf-S018 B3_oracle_api_sequence...
[run 2/3] mistral:7b simpleconf-S018 B4_gold_pair_rule...
[run 3/3] qwen2.5:7b simpleconf-S001 B0_direct...
[run 3/3] qwen2.5:7b simpleconf-S001 B1_api_list...
[run 3/3] qwen2.5:7b simpleconf-S001 B2_raw_api_docs...
[run 3/3] qwen2.5:7b simpleconf-S001 B3_oracle_api_sequence...
[run 3/3] qwen2.5:7b simpleconf-S001 B4_gold_pair_rule...
[run 3/3] qwen2.5:7b simpleconf-S002 B0_direct...
[run 3/3] qwen2.5:7b simpleconf-S002 B1_api_list...
[run 3/3] qwen2.5:7b simpleconf-S002 B2_raw_api_docs...
[run 3/3] qwen2.5:7b simpleconf-S002 B3_oracle_api_sequence...
[run 3/3] qwen2.5:7b simpleconf-S002 B4_gold_pair_rule...
[run 3/3] qwen2.5:7b simpleconf-S003 B0_direct...
[run 3/3] qwen2.5:7b simpleconf-S003 B1_api_list...
[run 3/3] qwen2.5:7b simpleconf-S003 B2_raw_api_docs...
[run 3/3] qwen2.5:7b simpleconf-S003 B3_oracle_api_sequence...
[run 3/3] qwen2.5:7b simpleconf-S003 B4_gold_pair_rule...
[run 3/3] qwen2.5:7b simpleconf-S004 B0_direct...
[run 3/3] qwen2.5:7b simpleconf-S004 B1_api_list...
[run 3/3] qwen2.5:7b simpleconf-S004 B2_raw_api_docs...
[run 3/3] qwen2.5:7b simpleconf-S004 B3_oracle_api_sequence...
[run 3/3] qwen2.5:7b simpleconf-S004 B4_gold_pair_rule...
[run 3/3] qwen2.5:7b simpleconf-S005 B0_direct...
[run 3/3] qwen2.5:7b simpleconf-S005 B1_api_list...
[run 3/3] qwen2.5:7b simpleconf-S005 B2_raw_api_docs...
[run 3/3] qwen2.5:7b simpleconf-S005 B3_oracle_api_sequence...
[run 3/3] qwen2.5:7b simpleconf-S005 B4_gold_pair_rule...
[run 3/3] qwen2.5:7b simpleconf-S006 B0_direct...
[run 3/3] qwen2.5:7b simpleconf-S006 B1_api_list...
[run 3/3] qwen2.5:7b simpleconf-S006 B2_raw_api_docs...
[run 3/3] qwen2.5:7b simpleconf-S006 B3_oracle_api_sequence...
[run 3/3] qwen2.5:7b simpleconf-S006 B4_gold_pair_rule...
[run 3/3] qwen2.5:7b simpleconf-S007 B0_direct...
[run 3/3] qwen2.5:7b simpleconf-S007 B1_api_list...
[run 3/3] qwen2.5:7b simpleconf-S007 B2_raw_api_docs...
[run 3/3] qwen2.5:7b simpleconf-S007 B3_oracle_api_sequence...
[run 3/3] qwen2.5:7b simpleconf-S007 B4_gold_pair_rule...
[run 3/3] qwen2.5:7b simpleconf-S008 B0_direct...
[run 3/3] qwen2.5:7b simpleconf-S008 B1_api_list...
[run 3/3] qwen2.5:7b simpleconf-S008 B2_raw_api_docs...
[run 3/3] qwen2.5:7b simpleconf-S008 B3_oracle_api_sequence...
[run 3/3] qwen2.5:7b simpleconf-S008 B4_gold_pair_rule...
[run 3/3] qwen2.5:7b simpleconf-S009 B0_direct...
[run 3/3] qwen2.5:7b simpleconf-S009 B1_api_list...
[run 3/3] qwen2.5:7b simpleconf-S009 B2_raw_api_docs...
[run 3/3] qwen2.5:7b simpleconf-S009 B3_oracle_api_sequence...
[run 3/3] qwen2.5:7b simpleconf-S009 B4_gold_pair_rule...
[run 3/3] qwen2.5:7b simpleconf-S010 B0_direct...
[run 3/3] qwen2.5:7b simpleconf-S010 B1_api_list...
[run 3/3] qwen2.5:7b simpleconf-S010 B2_raw_api_docs...
[run 3/3] qwen2.5:7b simpleconf-S010 B3_oracle_api_sequence...
[run 3/3] qwen2.5:7b simpleconf-S010 B4_gold_pair_rule...
[run 3/3] qwen2.5:7b simpleconf-S011 B0_direct...
[run 3/3] qwen2.5:7b simpleconf-S011 B1_api_list...
[run 3/3] qwen2.5:7b simpleconf-S011 B2_raw_api_docs...
[run 3/3] qwen2.5:7b simpleconf-S011 B3_oracle_api_sequence...
[run 3/3] qwen2.5:7b simpleconf-S011 B4_gold_pair_rule...
[run 3/3] qwen2.5:7b simpleconf-S012 B0_direct...
[run 3/3] qwen2.5:7b simpleconf-S012 B1_api_list...
[run 3/3] qwen2.5:7b simpleconf-S012 B2_raw_api_docs...
[run 3/3] qwen2.5:7b simpleconf-S012 B3_oracle_api_sequence...
[run 3/3] qwen2.5:7b simpleconf-S012 B4_gold_pair_rule...
[run 3/3] qwen2.5:7b simpleconf-S013 B0_direct...
[run 3/3] qwen2.5:7b simpleconf-S013 B1_api_list...
[run 3/3] qwen2.5:7b simpleconf-S013 B2_raw_api_docs...
[run 3/3] qwen2.5:7b simpleconf-S013 B3_oracle_api_sequence...
[run 3/3] qwen2.5:7b simpleconf-S013 B4_gold_pair_rule...
[run 3/3] qwen2.5:7b simpleconf-S014 B0_direct...
[run 3/3] qwen2.5:7b simpleconf-S014 B1_api_list...
[run 3/3] qwen2.5:7b simpleconf-S014 B2_raw_api_docs...
[run 3/3] qwen2.5:7b simpleconf-S014 B3_oracle_api_sequence...
[run 3/3] qwen2.5:7b simpleconf-S014 B4_gold_pair_rule...
[run 3/3] qwen2.5:7b simpleconf-S015 B0_direct...
[run 3/3] qwen2.5:7b simpleconf-S015 B1_api_list...
[run 3/3] qwen2.5:7b simpleconf-S015 B2_raw_api_docs...
[run 3/3] qwen2.5:7b simpleconf-S015 B3_oracle_api_sequence...
[run 3/3] qwen2.5:7b simpleconf-S015 B4_gold_pair_rule...
[run 3/3] qwen2.5:7b simpleconf-S016 B0_direct...
[run 3/3] qwen2.5:7b simpleconf-S016 B1_api_list...
[run 3/3] qwen2.5:7b simpleconf-S016 B2_raw_api_docs...
[run 3/3] qwen2.5:7b simpleconf-S016 B3_oracle_api_sequence...
[run 3/3] qwen2.5:7b simpleconf-S016 B4_gold_pair_rule...
[run 3/3] qwen2.5:7b simpleconf-S017 B0_direct...
[run 3/3] qwen2.5:7b simpleconf-S017 B1_api_list...
[run 3/3] qwen2.5:7b simpleconf-S017 B2_raw_api_docs...
[run 3/3] qwen2.5:7b simpleconf-S017 B3_oracle_api_sequence...
[run 3/3] qwen2.5:7b simpleconf-S017 B4_gold_pair_rule...
[run 3/3] qwen2.5:7b simpleconf-S018 B0_direct...
[run 3/3] qwen2.5:7b simpleconf-S018 B1_api_list...
[run 3/3] qwen2.5:7b simpleconf-S018 B2_raw_api_docs...
[run 3/3] qwen2.5:7b simpleconf-S018 B3_oracle_api_sequence...
[run 3/3] qwen2.5:7b simpleconf-S018 B4_gold_pair_rule...
[run 3/3] qwen2.5-coder:7b simpleconf-S001 B0_direct...
[run 3/3] qwen2.5-coder:7b simpleconf-S001 B1_api_list...
[run 3/3] qwen2.5-coder:7b simpleconf-S001 B2_raw_api_docs...
[run 3/3] qwen2.5-coder:7b simpleconf-S001 B3_oracle_api_sequence...
[run 3/3] qwen2.5-coder:7b simpleconf-S001 B4_gold_pair_rule...
[run 3/3] qwen2.5-coder:7b simpleconf-S002 B0_direct...
[run 3/3] qwen2.5-coder:7b simpleconf-S002 B1_api_list...
[run 3/3] qwen2.5-coder:7b simpleconf-S002 B2_raw_api_docs...
[run 3/3] qwen2.5-coder:7b simpleconf-S002 B3_oracle_api_sequence...
[run 3/3] qwen2.5-coder:7b simpleconf-S002 B4_gold_pair_rule...
[run 3/3] qwen2.5-coder:7b simpleconf-S003 B0_direct...
[run 3/3] qwen2.5-coder:7b simpleconf-S003 B1_api_list...
[run 3/3] qwen2.5-coder:7b simpleconf-S003 B2_raw_api_docs...
[run 3/3] qwen2.5-coder:7b simpleconf-S003 B3_oracle_api_sequence...
[run 3/3] qwen2.5-coder:7b simpleconf-S003 B4_gold_pair_rule...
[run 3/3] qwen2.5-coder:7b simpleconf-S004 B0_direct...
[run 3/3] qwen2.5-coder:7b simpleconf-S004 B1_api_list...
[run 3/3] qwen2.5-coder:7b simpleconf-S004 B2_raw_api_docs...
[run 3/3] qwen2.5-coder:7b simpleconf-S004 B3_oracle_api_sequence...
[run 3/3] qwen2.5-coder:7b simpleconf-S004 B4_gold_pair_rule...
[run 3/3] qwen2.5-coder:7b simpleconf-S005 B0_direct...
[run 3/3] qwen2.5-coder:7b simpleconf-S005 B1_api_list...
[run 3/3] qwen2.5-coder:7b simpleconf-S005 B2_raw_api_docs...
[run 3/3] qwen2.5-coder:7b simpleconf-S005 B3_oracle_api_sequence...
[run 3/3] qwen2.5-coder:7b simpleconf-S005 B4_gold_pair_rule...
[run 3/3] qwen2.5-coder:7b simpleconf-S006 B0_direct...
[run 3/3] qwen2.5-coder:7b simpleconf-S006 B1_api_list...
[run 3/3] qwen2.5-coder:7b simpleconf-S006 B2_raw_api_docs...
[run 3/3] qwen2.5-coder:7b simpleconf-S006 B3_oracle_api_sequence...
[run 3/3] qwen2.5-coder:7b simpleconf-S006 B4_gold_pair_rule...
[run 3/3] qwen2.5-coder:7b simpleconf-S007 B0_direct...
[run 3/3] qwen2.5-coder:7b simpleconf-S007 B1_api_list...
[run 3/3] qwen2.5-coder:7b simpleconf-S007 B2_raw_api_docs...
[run 3/3] qwen2.5-coder:7b simpleconf-S007 B3_oracle_api_sequence...
[run 3/3] qwen2.5-coder:7b simpleconf-S007 B4_gold_pair_rule...
[run 3/3] qwen2.5-coder:7b simpleconf-S008 B0_direct...
[run 3/3] qwen2.5-coder:7b simpleconf-S008 B1_api_list...
[run 3/3] qwen2.5-coder:7b simpleconf-S008 B2_raw_api_docs...
[run 3/3] qwen2.5-coder:7b simpleconf-S008 B3_oracle_api_sequence...
[run 3/3] qwen2.5-coder:7b simpleconf-S008 B4_gold_pair_rule...
[run 3/3] qwen2.5-coder:7b simpleconf-S009 B0_direct...
[run 3/3] qwen2.5-coder:7b simpleconf-S009 B1_api_list...
[run 3/3] qwen2.5-coder:7b simpleconf-S009 B2_raw_api_docs...
[run 3/3] qwen2.5-coder:7b simpleconf-S009 B3_oracle_api_sequence...
[run 3/3] qwen2.5-coder:7b simpleconf-S009 B4_gold_pair_rule...
[run 3/3] qwen2.5-coder:7b simpleconf-S010 B0_direct...
[run 3/3] qwen2.5-coder:7b simpleconf-S010 B1_api_list...
[run 3/3] qwen2.5-coder:7b simpleconf-S010 B2_raw_api_docs...
[run 3/3] qwen2.5-coder:7b simpleconf-S010 B3_oracle_api_sequence...
[run 3/3] qwen2.5-coder:7b simpleconf-S010 B4_gold_pair_rule...
[run 3/3] qwen2.5-coder:7b simpleconf-S011 B0_direct...
[run 3/3] qwen2.5-coder:7b simpleconf-S011 B1_api_list...
[run 3/3] qwen2.5-coder:7b simpleconf-S011 B2_raw_api_docs...
[run 3/3] qwen2.5-coder:7b simpleconf-S011 B3_oracle_api_sequence...
[run 3/3] qwen2.5-coder:7b simpleconf-S011 B4_gold_pair_rule...
[run 3/3] qwen2.5-coder:7b simpleconf-S012 B0_direct...
[run 3/3] qwen2.5-coder:7b simpleconf-S012 B1_api_list...
[run 3/3] qwen2.5-coder:7b simpleconf-S012 B2_raw_api_docs...
[run 3/3] qwen2.5-coder:7b simpleconf-S012 B3_oracle_api_sequence...
[run 3/3] qwen2.5-coder:7b simpleconf-S012 B4_gold_pair_rule...
[run 3/3] qwen2.5-coder:7b simpleconf-S013 B0_direct...
[run 3/3] qwen2.5-coder:7b simpleconf-S013 B1_api_list...
[run 3/3] qwen2.5-coder:7b simpleconf-S013 B2_raw_api_docs...
[run 3/3] qwen2.5-coder:7b simpleconf-S013 B3_oracle_api_sequence...
[run 3/3] qwen2.5-coder:7b simpleconf-S013 B4_gold_pair_rule...
[run 3/3] qwen2.5-coder:7b simpleconf-S014 B0_direct...
[run 3/3] qwen2.5-coder:7b simpleconf-S014 B1_api_list...
[run 3/3] qwen2.5-coder:7b simpleconf-S014 B2_raw_api_docs...
[run 3/3] qwen2.5-coder:7b simpleconf-S014 B3_oracle_api_sequence...
[run 3/3] qwen2.5-coder:7b simpleconf-S014 B4_gold_pair_rule...
[run 3/3] qwen2.5-coder:7b simpleconf-S015 B0_direct...
[run 3/3] qwen2.5-coder:7b simpleconf-S015 B1_api_list...
[run 3/3] qwen2.5-coder:7b simpleconf-S015 B2_raw_api_docs...
[run 3/3] qwen2.5-coder:7b simpleconf-S015 B3_oracle_api_sequence...
[run 3/3] qwen2.5-coder:7b simpleconf-S015 B4_gold_pair_rule...
[run 3/3] qwen2.5-coder:7b simpleconf-S016 B0_direct...
[run 3/3] qwen2.5-coder:7b simpleconf-S016 B1_api_list...
[run 3/3] qwen2.5-coder:7b simpleconf-S016 B2_raw_api_docs...
[run 3/3] qwen2.5-coder:7b simpleconf-S016 B3_oracle_api_sequence...
[run 3/3] qwen2.5-coder:7b simpleconf-S016 B4_gold_pair_rule...
[run 3/3] qwen2.5-coder:7b simpleconf-S017 B0_direct...
[run 3/3] qwen2.5-coder:7b simpleconf-S017 B1_api_list...
[run 3/3] qwen2.5-coder:7b simpleconf-S017 B2_raw_api_docs...
[run 3/3] qwen2.5-coder:7b simpleconf-S017 B3_oracle_api_sequence...
[run 3/3] qwen2.5-coder:7b simpleconf-S017 B4_gold_pair_rule...
[run 3/3] qwen2.5-coder:7b simpleconf-S018 B0_direct...
[run 3/3] qwen2.5-coder:7b simpleconf-S018 B1_api_list...
[run 3/3] qwen2.5-coder:7b simpleconf-S018 B2_raw_api_docs...
[run 3/3] qwen2.5-coder:7b simpleconf-S018 B3_oracle_api_sequence...
[run 3/3] qwen2.5-coder:7b simpleconf-S018 B4_gold_pair_rule...
[run 3/3] llama3.1:8b simpleconf-S001 B0_direct...
[run 3/3] llama3.1:8b simpleconf-S001 B1_api_list...
[run 3/3] llama3.1:8b simpleconf-S001 B2_raw_api_docs...
[run 3/3] llama3.1:8b simpleconf-S001 B3_oracle_api_sequence...
[run 3/3] llama3.1:8b simpleconf-S001 B4_gold_pair_rule...
[run 3/3] llama3.1:8b simpleconf-S002 B0_direct...
[run 3/3] llama3.1:8b simpleconf-S002 B1_api_list...
[run 3/3] llama3.1:8b simpleconf-S002 B2_raw_api_docs...
[run 3/3] llama3.1:8b simpleconf-S002 B3_oracle_api_sequence...
[run 3/3] llama3.1:8b simpleconf-S002 B4_gold_pair_rule...
[run 3/3] llama3.1:8b simpleconf-S003 B0_direct...
[run 3/3] llama3.1:8b simpleconf-S003 B1_api_list...
[run 3/3] llama3.1:8b simpleconf-S003 B2_raw_api_docs...
[run 3/3] llama3.1:8b simpleconf-S003 B3_oracle_api_sequence...
[run 3/3] llama3.1:8b simpleconf-S003 B4_gold_pair_rule...
[run 3/3] llama3.1:8b simpleconf-S004 B0_direct...
[run 3/3] llama3.1:8b simpleconf-S004 B1_api_list...
[run 3/3] llama3.1:8b simpleconf-S004 B2_raw_api_docs...
[run 3/3] llama3.1:8b simpleconf-S004 B3_oracle_api_sequence...
[run 3/3] llama3.1:8b simpleconf-S004 B4_gold_pair_rule...
[run 3/3] llama3.1:8b simpleconf-S005 B0_direct...
[run 3/3] llama3.1:8b simpleconf-S005 B1_api_list...
[run 3/3] llama3.1:8b simpleconf-S005 B2_raw_api_docs...
[run 3/3] llama3.1:8b simpleconf-S005 B3_oracle_api_sequence...
[run 3/3] llama3.1:8b simpleconf-S005 B4_gold_pair_rule...
[run 3/3] llama3.1:8b simpleconf-S006 B0_direct...
[run 3/3] llama3.1:8b simpleconf-S006 B1_api_list...
[run 3/3] llama3.1:8b simpleconf-S006 B2_raw_api_docs...
[run 3/3] llama3.1:8b simpleconf-S006 B3_oracle_api_sequence...
[run 3/3] llama3.1:8b simpleconf-S006 B4_gold_pair_rule...
[run 3/3] llama3.1:8b simpleconf-S007 B0_direct...
[run 3/3] llama3.1:8b simpleconf-S007 B1_api_list...
[run 3/3] llama3.1:8b simpleconf-S007 B2_raw_api_docs...
[run 3/3] llama3.1:8b simpleconf-S007 B3_oracle_api_sequence...
[run 3/3] llama3.1:8b simpleconf-S007 B4_gold_pair_rule...
[run 3/3] llama3.1:8b simpleconf-S008 B0_direct...
[run 3/3] llama3.1:8b simpleconf-S008 B1_api_list...
[run 3/3] llama3.1:8b simpleconf-S008 B2_raw_api_docs...
[run 3/3] llama3.1:8b simpleconf-S008 B3_oracle_api_sequence...
[run 3/3] llama3.1:8b simpleconf-S008 B4_gold_pair_rule...
[run 3/3] llama3.1:8b simpleconf-S009 B0_direct...
[run 3/3] llama3.1:8b simpleconf-S009 B1_api_list...
[run 3/3] llama3.1:8b simpleconf-S009 B2_raw_api_docs...
[run 3/3] llama3.1:8b simpleconf-S009 B3_oracle_api_sequence...
[run 3/3] llama3.1:8b simpleconf-S009 B4_gold_pair_rule...
[run 3/3] llama3.1:8b simpleconf-S010 B0_direct...
[run 3/3] llama3.1:8b simpleconf-S010 B1_api_list...
[run 3/3] llama3.1:8b simpleconf-S010 B2_raw_api_docs...
[run 3/3] llama3.1:8b simpleconf-S010 B3_oracle_api_sequence...
[run 3/3] llama3.1:8b simpleconf-S010 B4_gold_pair_rule...
[run 3/3] llama3.1:8b simpleconf-S011 B0_direct...
[run 3/3] llama3.1:8b simpleconf-S011 B1_api_list...
[run 3/3] llama3.1:8b simpleconf-S011 B2_raw_api_docs...
[run 3/3] llama3.1:8b simpleconf-S011 B3_oracle_api_sequence...
[run 3/3] llama3.1:8b simpleconf-S011 B4_gold_pair_rule...
[run 3/3] llama3.1:8b simpleconf-S012 B0_direct...
[run 3/3] llama3.1:8b simpleconf-S012 B1_api_list...
[run 3/3] llama3.1:8b simpleconf-S012 B2_raw_api_docs...
[run 3/3] llama3.1:8b simpleconf-S012 B3_oracle_api_sequence...
[run 3/3] llama3.1:8b simpleconf-S012 B4_gold_pair_rule...
[run 3/3] llama3.1:8b simpleconf-S013 B0_direct...
[run 3/3] llama3.1:8b simpleconf-S013 B1_api_list...
[run 3/3] llama3.1:8b simpleconf-S013 B2_raw_api_docs...
[run 3/3] llama3.1:8b simpleconf-S013 B3_oracle_api_sequence...
[run 3/3] llama3.1:8b simpleconf-S013 B4_gold_pair_rule...
[run 3/3] llama3.1:8b simpleconf-S014 B0_direct...
[run 3/3] llama3.1:8b simpleconf-S014 B1_api_list...
[run 3/3] llama3.1:8b simpleconf-S014 B2_raw_api_docs...
[run 3/3] llama3.1:8b simpleconf-S014 B3_oracle_api_sequence...
[run 3/3] llama3.1:8b simpleconf-S014 B4_gold_pair_rule...
[run 3/3] llama3.1:8b simpleconf-S015 B0_direct...
[run 3/3] llama3.1:8b simpleconf-S015 B1_api_list...
[run 3/3] llama3.1:8b simpleconf-S015 B2_raw_api_docs...
[run 3/3] llama3.1:8b simpleconf-S015 B3_oracle_api_sequence...
[run 3/3] llama3.1:8b simpleconf-S015 B4_gold_pair_rule...
[run 3/3] llama3.1:8b simpleconf-S016 B0_direct...
[run 3/3] llama3.1:8b simpleconf-S016 B1_api_list...
[run 3/3] llama3.1:8b simpleconf-S016 B2_raw_api_docs...
[run 3/3] llama3.1:8b simpleconf-S016 B3_oracle_api_sequence...
[run 3/3] llama3.1:8b simpleconf-S016 B4_gold_pair_rule...
[run 3/3] llama3.1:8b simpleconf-S017 B0_direct...
[run 3/3] llama3.1:8b simpleconf-S017 B1_api_list...
[run 3/3] llama3.1:8b simpleconf-S017 B2_raw_api_docs...
[run 3/3] llama3.1:8b simpleconf-S017 B3_oracle_api_sequence...
[run 3/3] llama3.1:8b simpleconf-S017 B4_gold_pair_rule...
[run 3/3] llama3.1:8b simpleconf-S018 B0_direct...
[run 3/3] llama3.1:8b simpleconf-S018 B1_api_list...
[run 3/3] llama3.1:8b simpleconf-S018 B2_raw_api_docs...
[run 3/3] llama3.1:8b simpleconf-S018 B3_oracle_api_sequence...
[run 3/3] llama3.1:8b simpleconf-S018 B4_gold_pair_rule...
[run 3/3] gemma2:9b simpleconf-S001 B0_direct...
[run 3/3] gemma2:9b simpleconf-S001 B1_api_list...
[run 3/3] gemma2:9b simpleconf-S001 B2_raw_api_docs...
[run 3/3] gemma2:9b simpleconf-S001 B3_oracle_api_sequence...
[run 3/3] gemma2:9b simpleconf-S001 B4_gold_pair_rule...
[run 3/3] gemma2:9b simpleconf-S002 B0_direct...
[run 3/3] gemma2:9b simpleconf-S002 B1_api_list...
[run 3/3] gemma2:9b simpleconf-S002 B2_raw_api_docs...
[run 3/3] gemma2:9b simpleconf-S002 B3_oracle_api_sequence...
[run 3/3] gemma2:9b simpleconf-S002 B4_gold_pair_rule...
[run 3/3] gemma2:9b simpleconf-S003 B0_direct...
[run 3/3] gemma2:9b simpleconf-S003 B1_api_list...
[run 3/3] gemma2:9b simpleconf-S003 B2_raw_api_docs...
[run 3/3] gemma2:9b simpleconf-S003 B3_oracle_api_sequence...
[run 3/3] gemma2:9b simpleconf-S003 B4_gold_pair_rule...
[run 3/3] gemma2:9b simpleconf-S004 B0_direct...
[run 3/3] gemma2:9b simpleconf-S004 B1_api_list...
[run 3/3] gemma2:9b simpleconf-S004 B2_raw_api_docs...
[run 3/3] gemma2:9b simpleconf-S004 B3_oracle_api_sequence...
[run 3/3] gemma2:9b simpleconf-S004 B4_gold_pair_rule...
[run 3/3] gemma2:9b simpleconf-S005 B0_direct...
[run 3/3] gemma2:9b simpleconf-S005 B1_api_list...
[run 3/3] gemma2:9b simpleconf-S005 B2_raw_api_docs...
[run 3/3] gemma2:9b simpleconf-S005 B3_oracle_api_sequence...
[run 3/3] gemma2:9b simpleconf-S005 B4_gold_pair_rule...
[run 3/3] gemma2:9b simpleconf-S006 B0_direct...
[run 3/3] gemma2:9b simpleconf-S006 B1_api_list...
[run 3/3] gemma2:9b simpleconf-S006 B2_raw_api_docs...
[run 3/3] gemma2:9b simpleconf-S006 B3_oracle_api_sequence...
[run 3/3] gemma2:9b simpleconf-S006 B4_gold_pair_rule...
[run 3/3] gemma2:9b simpleconf-S007 B0_direct...
[run 3/3] gemma2:9b simpleconf-S007 B1_api_list...
[run 3/3] gemma2:9b simpleconf-S007 B2_raw_api_docs...
[run 3/3] gemma2:9b simpleconf-S007 B3_oracle_api_sequence...
[run 3/3] gemma2:9b simpleconf-S007 B4_gold_pair_rule...
[run 3/3] gemma2:9b simpleconf-S008 B0_direct...
[run 3/3] gemma2:9b simpleconf-S008 B1_api_list...
[run 3/3] gemma2:9b simpleconf-S008 B2_raw_api_docs...
[run 3/3] gemma2:9b simpleconf-S008 B3_oracle_api_sequence...
[run 3/3] gemma2:9b simpleconf-S008 B4_gold_pair_rule...
[run 3/3] gemma2:9b simpleconf-S009 B0_direct...
[run 3/3] gemma2:9b simpleconf-S009 B1_api_list...
[run 3/3] gemma2:9b simpleconf-S009 B2_raw_api_docs...
[run 3/3] gemma2:9b simpleconf-S009 B3_oracle_api_sequence...
[run 3/3] gemma2:9b simpleconf-S009 B4_gold_pair_rule...
[run 3/3] gemma2:9b simpleconf-S010 B0_direct...
[run 3/3] gemma2:9b simpleconf-S010 B1_api_list...
[run 3/3] gemma2:9b simpleconf-S010 B2_raw_api_docs...
[run 3/3] gemma2:9b simpleconf-S010 B3_oracle_api_sequence...
[run 3/3] gemma2:9b simpleconf-S010 B4_gold_pair_rule...
[run 3/3] gemma2:9b simpleconf-S011 B0_direct...
[run 3/3] gemma2:9b simpleconf-S011 B1_api_list...
[run 3/3] gemma2:9b simpleconf-S011 B2_raw_api_docs...
[run 3/3] gemma2:9b simpleconf-S011 B3_oracle_api_sequence...
[run 3/3] gemma2:9b simpleconf-S011 B4_gold_pair_rule...
[run 3/3] gemma2:9b simpleconf-S012 B0_direct...
[run 3/3] gemma2:9b simpleconf-S012 B1_api_list...
[run 3/3] gemma2:9b simpleconf-S012 B2_raw_api_docs...
[run 3/3] gemma2:9b simpleconf-S012 B3_oracle_api_sequence...
[run 3/3] gemma2:9b simpleconf-S012 B4_gold_pair_rule...
[run 3/3] gemma2:9b simpleconf-S013 B0_direct...
[run 3/3] gemma2:9b simpleconf-S013 B1_api_list...
[run 3/3] gemma2:9b simpleconf-S013 B2_raw_api_docs...
[run 3/3] gemma2:9b simpleconf-S013 B3_oracle_api_sequence...
[run 3/3] gemma2:9b simpleconf-S013 B4_gold_pair_rule...
[run 3/3] gemma2:9b simpleconf-S014 B0_direct...
[run 3/3] gemma2:9b simpleconf-S014 B1_api_list...
[run 3/3] gemma2:9b simpleconf-S014 B2_raw_api_docs...
[run 3/3] gemma2:9b simpleconf-S014 B3_oracle_api_sequence...
[run 3/3] gemma2:9b simpleconf-S014 B4_gold_pair_rule...
[run 3/3] gemma2:9b simpleconf-S015 B0_direct...
[run 3/3] gemma2:9b simpleconf-S015 B1_api_list...
[run 3/3] gemma2:9b simpleconf-S015 B2_raw_api_docs...
[run 3/3] gemma2:9b simpleconf-S015 B3_oracle_api_sequence...
[run 3/3] gemma2:9b simpleconf-S015 B4_gold_pair_rule...
[run 3/3] gemma2:9b simpleconf-S016 B0_direct...
[run 3/3] gemma2:9b simpleconf-S016 B1_api_list...
[run 3/3] gemma2:9b simpleconf-S016 B2_raw_api_docs...
[run 3/3] gemma2:9b simpleconf-S016 B3_oracle_api_sequence...
[run 3/3] gemma2:9b simpleconf-S016 B4_gold_pair_rule...
[run 3/3] gemma2:9b simpleconf-S017 B0_direct...
[run 3/3] gemma2:9b simpleconf-S017 B1_api_list...
[run 3/3] gemma2:9b simpleconf-S017 B2_raw_api_docs...
[run 3/3] gemma2:9b simpleconf-S017 B3_oracle_api_sequence...
[run 3/3] gemma2:9b simpleconf-S017 B4_gold_pair_rule...
[run 3/3] gemma2:9b simpleconf-S018 B0_direct...
[run 3/3] gemma2:9b simpleconf-S018 B1_api_list...
[run 3/3] gemma2:9b simpleconf-S018 B2_raw_api_docs...
[run 3/3] gemma2:9b simpleconf-S018 B3_oracle_api_sequence...
[run 3/3] gemma2:9b simpleconf-S018 B4_gold_pair_rule...
[run 3/3] mistral:7b simpleconf-S001 B0_direct...
[run 3/3] mistral:7b simpleconf-S001 B1_api_list...
[run 3/3] mistral:7b simpleconf-S001 B2_raw_api_docs...
[run 3/3] mistral:7b simpleconf-S001 B3_oracle_api_sequence...
[run 3/3] mistral:7b simpleconf-S001 B4_gold_pair_rule...
[run 3/3] mistral:7b simpleconf-S002 B0_direct...
[run 3/3] mistral:7b simpleconf-S002 B1_api_list...
[run 3/3] mistral:7b simpleconf-S002 B2_raw_api_docs...
[run 3/3] mistral:7b simpleconf-S002 B3_oracle_api_sequence...
[run 3/3] mistral:7b simpleconf-S002 B4_gold_pair_rule...
[run 3/3] mistral:7b simpleconf-S003 B0_direct...
[run 3/3] mistral:7b simpleconf-S003 B1_api_list...
[run 3/3] mistral:7b simpleconf-S003 B2_raw_api_docs...
[run 3/3] mistral:7b simpleconf-S003 B3_oracle_api_sequence...
[run 3/3] mistral:7b simpleconf-S003 B4_gold_pair_rule...
[run 3/3] mistral:7b simpleconf-S004 B0_direct...
[run 3/3] mistral:7b simpleconf-S004 B1_api_list...
[run 3/3] mistral:7b simpleconf-S004 B2_raw_api_docs...
[run 3/3] mistral:7b simpleconf-S004 B3_oracle_api_sequence...
[run 3/3] mistral:7b simpleconf-S004 B4_gold_pair_rule...
[run 3/3] mistral:7b simpleconf-S005 B0_direct...
[run 3/3] mistral:7b simpleconf-S005 B1_api_list...
[run 3/3] mistral:7b simpleconf-S005 B2_raw_api_docs...
[run 3/3] mistral:7b simpleconf-S005 B3_oracle_api_sequence...
[run 3/3] mistral:7b simpleconf-S005 B4_gold_pair_rule...
[run 3/3] mistral:7b simpleconf-S006 B0_direct...
[run 3/3] mistral:7b simpleconf-S006 B1_api_list...
[run 3/3] mistral:7b simpleconf-S006 B2_raw_api_docs...
[run 3/3] mistral:7b simpleconf-S006 B3_oracle_api_sequence...
[run 3/3] mistral:7b simpleconf-S006 B4_gold_pair_rule...
[run 3/3] mistral:7b simpleconf-S007 B0_direct...
[run 3/3] mistral:7b simpleconf-S007 B1_api_list...
[run 3/3] mistral:7b simpleconf-S007 B2_raw_api_docs...
[run 3/3] mistral:7b simpleconf-S007 B3_oracle_api_sequence...
[run 3/3] mistral:7b simpleconf-S007 B4_gold_pair_rule...
[run 3/3] mistral:7b simpleconf-S008 B0_direct...
[run 3/3] mistral:7b simpleconf-S008 B1_api_list...
[run 3/3] mistral:7b simpleconf-S008 B2_raw_api_docs...
[run 3/3] mistral:7b simpleconf-S008 B3_oracle_api_sequence...
[run 3/3] mistral:7b simpleconf-S008 B4_gold_pair_rule...
[run 3/3] mistral:7b simpleconf-S009 B0_direct...
[run 3/3] mistral:7b simpleconf-S009 B1_api_list...
[run 3/3] mistral:7b simpleconf-S009 B2_raw_api_docs...
[run 3/3] mistral:7b simpleconf-S009 B3_oracle_api_sequence...
[run 3/3] mistral:7b simpleconf-S009 B4_gold_pair_rule...
[run 3/3] mistral:7b simpleconf-S010 B0_direct...
[run 3/3] mistral:7b simpleconf-S010 B1_api_list...
[run 3/3] mistral:7b simpleconf-S010 B2_raw_api_docs...
[run 3/3] mistral:7b simpleconf-S010 B3_oracle_api_sequence...
[run 3/3] mistral:7b simpleconf-S010 B4_gold_pair_rule...
[run 3/3] mistral:7b simpleconf-S011 B0_direct...
[run 3/3] mistral:7b simpleconf-S011 B1_api_list...
[run 3/3] mistral:7b simpleconf-S011 B2_raw_api_docs...
[run 3/3] mistral:7b simpleconf-S011 B3_oracle_api_sequence...
[run 3/3] mistral:7b simpleconf-S011 B4_gold_pair_rule...
[run 3/3] mistral:7b simpleconf-S012 B0_direct...
[run 3/3] mistral:7b simpleconf-S012 B1_api_list...
[run 3/3] mistral:7b simpleconf-S012 B2_raw_api_docs...
[run 3/3] mistral:7b simpleconf-S012 B3_oracle_api_sequence...
[run 3/3] mistral:7b simpleconf-S012 B4_gold_pair_rule...
[run 3/3] mistral:7b simpleconf-S013 B0_direct...
[run 3/3] mistral:7b simpleconf-S013 B1_api_list...
[run 3/3] mistral:7b simpleconf-S013 B2_raw_api_docs...
[run 3/3] mistral:7b simpleconf-S013 B3_oracle_api_sequence...
[run 3/3] mistral:7b simpleconf-S013 B4_gold_pair_rule...
[run 3/3] mistral:7b simpleconf-S014 B0_direct...
[run 3/3] mistral:7b simpleconf-S014 B1_api_list...
[run 3/3] mistral:7b simpleconf-S014 B2_raw_api_docs...
[run 3/3] mistral:7b simpleconf-S014 B3_oracle_api_sequence...
[run 3/3] mistral:7b simpleconf-S014 B4_gold_pair_rule...
[run 3/3] mistral:7b simpleconf-S015 B0_direct...
[run 3/3] mistral:7b simpleconf-S015 B1_api_list...
[run 3/3] mistral:7b simpleconf-S015 B2_raw_api_docs...
[run 3/3] mistral:7b simpleconf-S015 B3_oracle_api_sequence...
[run 3/3] mistral:7b simpleconf-S015 B4_gold_pair_rule...
[run 3/3] mistral:7b simpleconf-S016 B0_direct...
[run 3/3] mistral:7b simpleconf-S016 B1_api_list...
[run 3/3] mistral:7b simpleconf-S016 B2_raw_api_docs...
[run 3/3] mistral:7b simpleconf-S016 B3_oracle_api_sequence...
[run 3/3] mistral:7b simpleconf-S016 B4_gold_pair_rule...
[run 3/3] mistral:7b simpleconf-S017 B0_direct...
[run 3/3] mistral:7b simpleconf-S017 B1_api_list...
[run 3/3] mistral:7b simpleconf-S017 B2_raw_api_docs...
[run 3/3] mistral:7b simpleconf-S017 B3_oracle_api_sequence...
[run 3/3] mistral:7b simpleconf-S017 B4_gold_pair_rule...
[run 3/3] mistral:7b simpleconf-S018 B0_direct...
[run 3/3] mistral:7b simpleconf-S018 B1_api_list...
[run 3/3] mistral:7b simpleconf-S018 B2_raw_api_docs...
[run 3/3] mistral:7b simpleconf-S018 B3_oracle_api_sequence...
[run 3/3] mistral:7b simpleconf-S018 B4_gold_pair_rule...

Done. Generations in C:\Users\Tzx25\Documents\Codex\2026-06-15\pyluvtan-pair-coder-git-https-github\Ollama问题存在性实验\result\simpleconf_5model. Judge with:
  python3 benchlib_eval.py --result-dir C:\Users\Tzx25\Documents\Codex\2026-06-15\pyluvtan-pair-coder-git-https-github\Ollama问题存在性实验\result\simpleconf_5model
--- [3/3] execution-oracle eval ---
== anchor suite for simpleconf (oracle trustworthiness gate) ==
  [ok ] simpleconf-S001  canonical_order              expected=PASS                         got=PASS
  [ok ] simpleconf-S001  violation_swapped            expected=FAIL(wrong_output)           got=FAIL(wrong_output)
  [ok ] simpleconf-S002  canonical_three              expected=PASS                         got=PASS
  [ok ] simpleconf-S002  violation_order              expected=FAIL(wrong_output)           got=FAIL(wrong_output)
  [ok ] simpleconf-S003  canonical_load               expected=PASS                         got=PASS
  [ok ] simpleconf-S003  violation_plain_dict         expected=FAIL(wrong_output_structure) got=FAIL(wrong_output_structure)
  [ok ] simpleconf-S004  canonical_use_profile        expected=PASS                         got=PASS
  [ok ] simpleconf-S004  violation_no_switch          expected=FAIL(wrong_output)           got=FAIL(wrong_output)
  [ok ] simpleconf-S005  canonical_current            expected=PASS                         got=PASS
  [ok ] simpleconf-S005  violation_no_switch          expected=FAIL(wrong_output)           got=FAIL(wrong_output)
  [ok ] simpleconf-S006  canonical_get                expected=PASS                         got=PASS
  [ok ] simpleconf-S006  violation_return_conf        expected=FAIL(wrong_output_structure) got=FAIL(wrong_output_structure)
  [ok ] simpleconf-S007  canonical_attr               expected=PASS                         got=PASS
  [ok ] simpleconf-S007  violation_return_conf        expected=FAIL(wrong_output_structure) got=FAIL(wrong_output_structure)
  [ok ] simpleconf-S008  canonical_nested             expected=PASS                         got=PASS
  [ok ] simpleconf-S008  violation_one_level          expected=FAIL(wrong_output_structure) got=FAIL(wrong_output_structure)
  [ok ] simpleconf-S009  canonical_same_conf          expected=PASS                         got=PASS
  [ok ] simpleconf-S009  violation_fresh_conf         expected=FAIL(wrong_output)           got=FAIL(wrong_output)
  [ok ] simpleconf-S010  canonical_mutate_same        expected=PASS                         got=PASS
  [ok ] simpleconf-S010  violation_read_fresh         expected=FAIL(wrong_output)           got=FAIL(wrong_output)
  [ok ] simpleconf-S011  canonical_switch_two         expected=PASS                         got=PASS
  [ok ] simpleconf-S011  violation_fresh_each         expected=FAIL(wrong_output)           got=FAIL(wrong_output)
  [ok ] simpleconf-S012  canonical_with_temp          expected=PASS                         got=PASS
  [ok ] simpleconf-S012  violation_use_persistent     expected=FAIL(wrong_output)           got=FAIL(wrong_output)
  [ok ] simpleconf-S013  canonical_use_then_with      expected=PASS                         got=PASS
  [ok ] simpleconf-S013  violation_nested_persistent  expected=FAIL(wrong_output)           got=FAIL(wrong_output)
  [ok ] simpleconf-S014  canonical_restore_current    expected=PASS                         got=PASS
  [ok ] simpleconf-S014  violation_switch_persistent  expected=FAIL(wrong_output)           got=FAIL(wrong_output)
  [ok ] simpleconf-S015  canonical_nested             expected=PASS                         got=PASS
  [ok ] simpleconf-S015  violation_use_inside         expected=FAIL(wrong_output)           got=FAIL(wrong_output)
  [ok ] simpleconf-S016  canonical_survives           expected=PASS                         got=PASS
  [ok ] simpleconf-S016  violation_persistent_switch  expected=FAIL(wrong_output)           got=FAIL(wrong_output)
  [ok ] simpleconf-S017  canonical_double_use         expected=PASS                         got=PASS
  [ok ] simpleconf-S017  violation_with_temp          expected=FAIL(wrong_output)           got=FAIL(wrong_output)
  [ok ] simpleconf-S018  canonical_two_reads          expected=PASS                         got=PASS
  [ok ] simpleconf-S018  violation_second_fresh       expected=FAIL(wrong_output)           got=FAIL(wrong_output)
  -> 36/36 anchor cases behave as documented

== evaluating generations ==
  wrote C:\Users\Tzx25\Documents\Codex\2026-06-15\pyluvtan-pair-coder-git-https-github\Ollama问题存在性实验\result\simpleconf_5model\exec_eval\exec_results.csv (1350 rows)
  wrote C:\Users\Tzx25\Documents\Codex\2026-06-15\pyluvtan-pair-coder-git-https-github\Ollama问题存在性实验\result\simpleconf_5model\exec_eval\exec_summary.md
# Execution-oracle summary: simpleconf

- Models: qwen2.5:7b, qwen2.5-coder:7b, llama3.1:8b, gemma2:9b, mistral:7b
- Tasks: 18; runs/condition: 3
- Pass rate = task-level majority vote across runs, averaged over models.

## Pass rate by method

| Method | pass | total | rate |
|---|---:|---:|---:|
| B0_direct | 1 | 90 | 0.01 |
| B1_api_list | 26 | 90 | 0.29 |
| B2_raw_api_docs | 8 | 90 | 0.09 |
| B3_oracle_api_sequence | 19 | 90 | 0.21 |
| B4_gold_pair_rule | 47 | 90 | 0.52 |

## Pass rate by method x pair_type

| Method | config-return-contract | lifecycle | param-dependency | return-flow | shared-receiver |
|---|---:|---:|---:|---:|---:|
| B0_direct | 0.00 | 0.00 | 0.10 | 0.00 | 0.00 |
| B1_api_list | 0.27 | 0.30 | 0.50 | 0.27 | 0.20 |
| B2_raw_api_docs | 0.13 | 0.00 | 0.10 | 0.27 | 0.05 |
| B3_oracle_api_sequence | 0.27 | 0.00 | 0.60 | 0.47 | 0.10 |
| B4_gold_pair_rule | 0.60 | 0.40 | 0.70 | 0.73 | 0.40 |

## Pass rate by method x difficulty

| Method | easy | medium | hard |
|---|---:|---:|---:|
| B0_direct | 0.03 | 0.00 | 0.00 |
| B1_api_list | 0.30 | 0.31 | 0.20 |
| B2_raw_api_docs | 0.13 | 0.09 | 0.00 |
| B3_oracle_api_sequence | 0.40 | 0.16 | 0.00 |
| B4_gold_pair_rule | 0.53 | 0.53 | 0.47 |

########## bidict  ->  C:\Users\Tzx25\Documents\Codex\2026-06-15\pyluvtan-pair-coder-git-https-github\Ollama问题存在性实验\result\bidict_5model ##########
--- [1/3] anchor suite (oracle trustworthiness gate) ---
  [ok ] bidict-B001  canonical_inv             expected=PASS                         got=PASS
  [ok ] bidict-B001  violation_forward_index   expected=FAIL(runtime_error)          got=FAIL(runtime_error)
  [ok ] bidict-B002  canonical_invert          expected=PASS                         got=PASS
  [ok ] bidict-B002  violation_no_invert       expected=FAIL(wrong_output)           got=FAIL(wrong_output)
  [ok ] bidict-B003  canonical_inv_bidict      expected=PASS                         got=PASS
  [ok ] bidict-B003  violation_plain_dict      expected=FAIL(wrong_output_structure) got=FAIL(wrong_output_structure)
  [ok ] bidict-B004  canonical_forceput        expected=PASS                         got=PASS
  [ok ] bidict-B004  violation_setitem         expected=FAIL(runtime_error)          got=FAIL(runtime_error)
  [ok ] bidict-B005  canonical_same            expected=PASS                         got=PASS
  [ok ] bidict-B005  violation_fresh           expected=FAIL(runtime_error)          got=FAIL(runtime_error)
  [ok ] bidict-B006  canonical_via_inv         expected=PASS                         got=PASS
  [ok ] bidict-B006  violation_fresh           expected=FAIL(runtime_error)          got=FAIL(runtime_error)
  [ok ] bidict-B007  canonical_roundtrip       expected=PASS                         got=PASS
  [ok ] bidict-B007  violation_double_forward  expected=FAIL(runtime_error)          got=FAIL(runtime_error)
  [ok ] bidict-B008  canonical_putall          expected=PASS                         got=PASS
  [ok ] bidict-B008  violation_loop            expected=FAIL(wrong_output)           got=FAIL(wrong_output)
  [ok ] bidict-B009  canonical_frozen          expected=PASS                         got=PASS
  [ok ] bidict-B009  violation_mutable         expected=FAIL(obligation_unmet)       got=FAIL(obligation_unmet)
  [ok ] bidict-B010  canonical_reject          expected=PASS                         got=PASS
  [ok ] bidict-B010  violation_forceput        expected=FAIL(wrong_output)           got=FAIL(wrong_output)
  -> 20/20 anchor cases behave as documented
--- [2/3] generate (Ollama, B0-B4) ---
== generating bidict with 4 model workers (keep_alive=1h, num_predict=500, top_p=0.9) ==
[run 1/3] qwen2.5:7b bidict-B001 B0_direct...
[run 1/3] qwen2.5:7b bidict-B001 B1_api_list...
[run 1/3] qwen2.5:7b bidict-B001 B2_raw_api_docs...
[run 1/3] qwen2.5:7b bidict-B001 B3_oracle_api_sequence...
[run 1/3] qwen2.5:7b bidict-B001 B4_gold_pair_rule...
[run 1/3] qwen2.5:7b bidict-B002 B0_direct...
[run 1/3] qwen2.5:7b bidict-B002 B1_api_list...
[run 1/3] qwen2.5:7b bidict-B002 B2_raw_api_docs...
[run 1/3] qwen2.5:7b bidict-B002 B3_oracle_api_sequence...
[run 1/3] qwen2.5:7b bidict-B002 B4_gold_pair_rule...
[run 1/3] qwen2.5:7b bidict-B003 B0_direct...
[run 1/3] qwen2.5:7b bidict-B003 B1_api_list...
[run 1/3] qwen2.5:7b bidict-B003 B2_raw_api_docs...
[run 1/3] qwen2.5:7b bidict-B003 B3_oracle_api_sequence...
[run 1/3] qwen2.5:7b bidict-B003 B4_gold_pair_rule...
[run 1/3] qwen2.5:7b bidict-B004 B0_direct...
[run 1/3] qwen2.5:7b bidict-B004 B1_api_list...
[run 1/3] qwen2.5:7b bidict-B004 B2_raw_api_docs...
[run 1/3] qwen2.5:7b bidict-B004 B3_oracle_api_sequence...
[run 1/3] qwen2.5:7b bidict-B004 B4_gold_pair_rule...
[run 1/3] qwen2.5:7b bidict-B005 B0_direct...
[run 1/3] qwen2.5:7b bidict-B005 B1_api_list...
[run 1/3] qwen2.5:7b bidict-B005 B2_raw_api_docs...
[run 1/3] qwen2.5:7b bidict-B005 B3_oracle_api_sequence...
[run 1/3] qwen2.5:7b bidict-B005 B4_gold_pair_rule...
[run 1/3] qwen2.5:7b bidict-B006 B0_direct...
[run 1/3] qwen2.5:7b bidict-B006 B1_api_list...
[run 1/3] qwen2.5:7b bidict-B006 B2_raw_api_docs...
[run 1/3] qwen2.5:7b bidict-B006 B3_oracle_api_sequence...
[run 1/3] qwen2.5:7b bidict-B006 B4_gold_pair_rule...
[run 1/3] qwen2.5:7b bidict-B007 B0_direct...
[run 1/3] qwen2.5:7b bidict-B007 B1_api_list...
[run 1/3] qwen2.5:7b bidict-B007 B2_raw_api_docs...
[run 1/3] qwen2.5:7b bidict-B007 B3_oracle_api_sequence...
[run 1/3] qwen2.5:7b bidict-B007 B4_gold_pair_rule...
[run 1/3] qwen2.5:7b bidict-B008 B0_direct...
[run 1/3] qwen2.5:7b bidict-B008 B1_api_list...
[run 1/3] qwen2.5:7b bidict-B008 B2_raw_api_docs...
[run 1/3] qwen2.5:7b bidict-B008 B3_oracle_api_sequence...
[run 1/3] qwen2.5:7b bidict-B008 B4_gold_pair_rule...
[run 1/3] qwen2.5:7b bidict-B009 B0_direct...
[run 1/3] qwen2.5:7b bidict-B009 B1_api_list...
[run 1/3] qwen2.5:7b bidict-B009 B2_raw_api_docs...
[run 1/3] qwen2.5:7b bidict-B009 B3_oracle_api_sequence...
[run 1/3] qwen2.5:7b bidict-B009 B4_gold_pair_rule...
[run 1/3] qwen2.5:7b bidict-B010 B0_direct...
[run 1/3] qwen2.5:7b bidict-B010 B1_api_list...
[run 1/3] qwen2.5:7b bidict-B010 B2_raw_api_docs...
[run 1/3] qwen2.5:7b bidict-B010 B3_oracle_api_sequence...
[run 1/3] qwen2.5:7b bidict-B010 B4_gold_pair_rule...
[run 1/3] qwen2.5-coder:7b bidict-B001 B0_direct...
[run 1/3] qwen2.5-coder:7b bidict-B001 B1_api_list...
[run 1/3] qwen2.5-coder:7b bidict-B001 B2_raw_api_docs...
[run 1/3] qwen2.5-coder:7b bidict-B001 B3_oracle_api_sequence...
[run 1/3] qwen2.5-coder:7b bidict-B001 B4_gold_pair_rule...
[run 1/3] qwen2.5-coder:7b bidict-B002 B0_direct...
[run 1/3] qwen2.5-coder:7b bidict-B002 B1_api_list...
[run 1/3] qwen2.5-coder:7b bidict-B002 B2_raw_api_docs...
[run 1/3] qwen2.5-coder:7b bidict-B002 B3_oracle_api_sequence...
[run 1/3] qwen2.5-coder:7b bidict-B002 B4_gold_pair_rule...
[run 1/3] qwen2.5-coder:7b bidict-B003 B0_direct...
[run 1/3] qwen2.5-coder:7b bidict-B003 B1_api_list...
[run 1/3] qwen2.5-coder:7b bidict-B003 B2_raw_api_docs...
[run 1/3] qwen2.5-coder:7b bidict-B003 B3_oracle_api_sequence...
[run 1/3] qwen2.5-coder:7b bidict-B003 B4_gold_pair_rule...
[run 1/3] qwen2.5-coder:7b bidict-B004 B0_direct...
[run 1/3] qwen2.5-coder:7b bidict-B004 B1_api_list...
[run 1/3] qwen2.5-coder:7b bidict-B004 B2_raw_api_docs...
[run 1/3] qwen2.5-coder:7b bidict-B004 B3_oracle_api_sequence...
[run 1/3] qwen2.5-coder:7b bidict-B004 B4_gold_pair_rule...
[run 1/3] qwen2.5-coder:7b bidict-B005 B0_direct...
[run 1/3] qwen2.5-coder:7b bidict-B005 B1_api_list...
[run 1/3] qwen2.5-coder:7b bidict-B005 B2_raw_api_docs...
[run 1/3] qwen2.5-coder:7b bidict-B005 B3_oracle_api_sequence...
[run 1/3] qwen2.5-coder:7b bidict-B005 B4_gold_pair_rule...
[run 1/3] qwen2.5-coder:7b bidict-B006 B0_direct...
[run 1/3] qwen2.5-coder:7b bidict-B006 B1_api_list...
[run 1/3] qwen2.5-coder:7b bidict-B006 B2_raw_api_docs...
[run 1/3] qwen2.5-coder:7b bidict-B006 B3_oracle_api_sequence...
[run 1/3] qwen2.5-coder:7b bidict-B006 B4_gold_pair_rule...
[run 1/3] qwen2.5-coder:7b bidict-B007 B0_direct...
[run 1/3] qwen2.5-coder:7b bidict-B007 B1_api_list...
[run 1/3] qwen2.5-coder:7b bidict-B007 B2_raw_api_docs...
[run 1/3] qwen2.5-coder:7b bidict-B007 B3_oracle_api_sequence...
[run 1/3] qwen2.5-coder:7b bidict-B007 B4_gold_pair_rule...
[run 1/3] qwen2.5-coder:7b bidict-B008 B0_direct...
[run 1/3] qwen2.5-coder:7b bidict-B008 B1_api_list...
[run 1/3] qwen2.5-coder:7b bidict-B008 B2_raw_api_docs...
[run 1/3] qwen2.5-coder:7b bidict-B008 B3_oracle_api_sequence...
[run 1/3] qwen2.5-coder:7b bidict-B008 B4_gold_pair_rule...
[run 1/3] qwen2.5-coder:7b bidict-B009 B0_direct...
[run 1/3] qwen2.5-coder:7b bidict-B009 B1_api_list...
[run 1/3] qwen2.5-coder:7b bidict-B009 B2_raw_api_docs...
[run 1/3] qwen2.5-coder:7b bidict-B009 B3_oracle_api_sequence...
[run 1/3] qwen2.5-coder:7b bidict-B009 B4_gold_pair_rule...
[run 1/3] qwen2.5-coder:7b bidict-B010 B0_direct...
[run 1/3] qwen2.5-coder:7b bidict-B010 B1_api_list...
[run 1/3] qwen2.5-coder:7b bidict-B010 B2_raw_api_docs...
[run 1/3] qwen2.5-coder:7b bidict-B010 B3_oracle_api_sequence...
[run 1/3] qwen2.5-coder:7b bidict-B010 B4_gold_pair_rule...
[run 1/3] llama3.1:8b bidict-B001 B0_direct...
[run 1/3] llama3.1:8b bidict-B001 B1_api_list...
[run 1/3] llama3.1:8b bidict-B001 B2_raw_api_docs...
[run 1/3] llama3.1:8b bidict-B001 B3_oracle_api_sequence...
[run 1/3] llama3.1:8b bidict-B001 B4_gold_pair_rule...
[run 1/3] llama3.1:8b bidict-B002 B0_direct...
[run 1/3] llama3.1:8b bidict-B002 B1_api_list...
[run 1/3] llama3.1:8b bidict-B002 B2_raw_api_docs...
[run 1/3] llama3.1:8b bidict-B002 B3_oracle_api_sequence...
[run 1/3] llama3.1:8b bidict-B002 B4_gold_pair_rule...
[run 1/3] llama3.1:8b bidict-B003 B0_direct...
[run 1/3] llama3.1:8b bidict-B003 B1_api_list...
[run 1/3] llama3.1:8b bidict-B003 B2_raw_api_docs...
[run 1/3] llama3.1:8b bidict-B003 B3_oracle_api_sequence...
[run 1/3] llama3.1:8b bidict-B003 B4_gold_pair_rule...
[run 1/3] llama3.1:8b bidict-B004 B0_direct...
[run 1/3] llama3.1:8b bidict-B004 B1_api_list...
[run 1/3] llama3.1:8b bidict-B004 B2_raw_api_docs...
[run 1/3] llama3.1:8b bidict-B004 B3_oracle_api_sequence...
[run 1/3] llama3.1:8b bidict-B004 B4_gold_pair_rule...
[run 1/3] llama3.1:8b bidict-B005 B0_direct...
[run 1/3] llama3.1:8b bidict-B005 B1_api_list...
[run 1/3] llama3.1:8b bidict-B005 B2_raw_api_docs...
[run 1/3] llama3.1:8b bidict-B005 B3_oracle_api_sequence...
[run 1/3] llama3.1:8b bidict-B005 B4_gold_pair_rule...
[run 1/3] llama3.1:8b bidict-B006 B0_direct...
[run 1/3] llama3.1:8b bidict-B006 B1_api_list...
[run 1/3] llama3.1:8b bidict-B006 B2_raw_api_docs...
[run 1/3] llama3.1:8b bidict-B006 B3_oracle_api_sequence...
[run 1/3] llama3.1:8b bidict-B006 B4_gold_pair_rule...
[run 1/3] llama3.1:8b bidict-B007 B0_direct...
[run 1/3] llama3.1:8b bidict-B007 B1_api_list...
[run 1/3] llama3.1:8b bidict-B007 B2_raw_api_docs...
[run 1/3] llama3.1:8b bidict-B007 B3_oracle_api_sequence...
[run 1/3] llama3.1:8b bidict-B007 B4_gold_pair_rule...
[run 1/3] llama3.1:8b bidict-B008 B0_direct...
[run 1/3] llama3.1:8b bidict-B008 B1_api_list...
[run 1/3] llama3.1:8b bidict-B008 B2_raw_api_docs...
[run 1/3] llama3.1:8b bidict-B008 B3_oracle_api_sequence...
[run 1/3] llama3.1:8b bidict-B008 B4_gold_pair_rule...
[run 1/3] llama3.1:8b bidict-B009 B0_direct...
[run 1/3] llama3.1:8b bidict-B009 B1_api_list...
[run 1/3] llama3.1:8b bidict-B009 B2_raw_api_docs...
[run 1/3] llama3.1:8b bidict-B009 B3_oracle_api_sequence...
[run 1/3] llama3.1:8b bidict-B009 B4_gold_pair_rule...
[run 1/3] llama3.1:8b bidict-B010 B0_direct...
[run 1/3] llama3.1:8b bidict-B010 B1_api_list...
[run 1/3] llama3.1:8b bidict-B010 B2_raw_api_docs...
[run 1/3] llama3.1:8b bidict-B010 B3_oracle_api_sequence...
[run 1/3] llama3.1:8b bidict-B010 B4_gold_pair_rule...
[run 1/3] gemma2:9b bidict-B001 B0_direct...
[run 1/3] gemma2:9b bidict-B001 B1_api_list...
[run 1/3] gemma2:9b bidict-B001 B2_raw_api_docs...
[run 1/3] gemma2:9b bidict-B001 B3_oracle_api_sequence...
[run 1/3] gemma2:9b bidict-B001 B4_gold_pair_rule...
[run 1/3] gemma2:9b bidict-B002 B0_direct...
[run 1/3] gemma2:9b bidict-B002 B1_api_list...
[run 1/3] gemma2:9b bidict-B002 B2_raw_api_docs...
[run 1/3] gemma2:9b bidict-B002 B3_oracle_api_sequence...
[run 1/3] gemma2:9b bidict-B002 B4_gold_pair_rule...
[run 1/3] gemma2:9b bidict-B003 B0_direct...
[run 1/3] gemma2:9b bidict-B003 B1_api_list...
[run 1/3] gemma2:9b bidict-B003 B2_raw_api_docs...
[run 1/3] gemma2:9b bidict-B003 B3_oracle_api_sequence...
[run 1/3] gemma2:9b bidict-B003 B4_gold_pair_rule...
[run 1/3] gemma2:9b bidict-B004 B0_direct...
[run 1/3] gemma2:9b bidict-B004 B1_api_list...
[run 1/3] gemma2:9b bidict-B004 B2_raw_api_docs...
[run 1/3] gemma2:9b bidict-B004 B3_oracle_api_sequence...
[run 1/3] gemma2:9b bidict-B004 B4_gold_pair_rule...
[run 1/3] gemma2:9b bidict-B005 B0_direct...
[run 1/3] gemma2:9b bidict-B005 B1_api_list...
[run 1/3] gemma2:9b bidict-B005 B2_raw_api_docs...
[run 1/3] gemma2:9b bidict-B005 B3_oracle_api_sequence...
[run 1/3] gemma2:9b bidict-B005 B4_gold_pair_rule...
[run 1/3] gemma2:9b bidict-B006 B0_direct...
[run 1/3] gemma2:9b bidict-B006 B1_api_list...
[run 1/3] gemma2:9b bidict-B006 B2_raw_api_docs...
[run 1/3] gemma2:9b bidict-B006 B3_oracle_api_sequence...
[run 1/3] gemma2:9b bidict-B006 B4_gold_pair_rule...
[run 1/3] gemma2:9b bidict-B007 B0_direct...
[run 1/3] gemma2:9b bidict-B007 B1_api_list...
[run 1/3] gemma2:9b bidict-B007 B2_raw_api_docs...
[run 1/3] gemma2:9b bidict-B007 B3_oracle_api_sequence...
[run 1/3] gemma2:9b bidict-B007 B4_gold_pair_rule...
[run 1/3] gemma2:9b bidict-B008 B0_direct...
[run 1/3] gemma2:9b bidict-B008 B1_api_list...
[run 1/3] gemma2:9b bidict-B008 B2_raw_api_docs...
[run 1/3] gemma2:9b bidict-B008 B3_oracle_api_sequence...
[run 1/3] gemma2:9b bidict-B008 B4_gold_pair_rule...
[run 1/3] gemma2:9b bidict-B009 B0_direct...
[run 1/3] gemma2:9b bidict-B009 B1_api_list...
[run 1/3] gemma2:9b bidict-B009 B2_raw_api_docs...
[run 1/3] gemma2:9b bidict-B009 B3_oracle_api_sequence...
[run 1/3] gemma2:9b bidict-B009 B4_gold_pair_rule...
[run 1/3] gemma2:9b bidict-B010 B0_direct...
[run 1/3] gemma2:9b bidict-B010 B1_api_list...
[run 1/3] gemma2:9b bidict-B010 B2_raw_api_docs...
[run 1/3] gemma2:9b bidict-B010 B3_oracle_api_sequence...
[run 1/3] gemma2:9b bidict-B010 B4_gold_pair_rule...
[run 1/3] mistral:7b bidict-B001 B0_direct...
[run 1/3] mistral:7b bidict-B001 B1_api_list...
[run 1/3] mistral:7b bidict-B001 B2_raw_api_docs...
[run 1/3] mistral:7b bidict-B001 B3_oracle_api_sequence...
[run 1/3] mistral:7b bidict-B001 B4_gold_pair_rule...
[run 1/3] mistral:7b bidict-B002 B0_direct...
[run 1/3] mistral:7b bidict-B002 B1_api_list...
[run 1/3] mistral:7b bidict-B002 B2_raw_api_docs...
[run 1/3] mistral:7b bidict-B002 B3_oracle_api_sequence...
[run 1/3] mistral:7b bidict-B002 B4_gold_pair_rule...
[run 1/3] mistral:7b bidict-B003 B0_direct...
[run 1/3] mistral:7b bidict-B003 B1_api_list...
[run 1/3] mistral:7b bidict-B003 B2_raw_api_docs...
[run 1/3] mistral:7b bidict-B003 B3_oracle_api_sequence...
[run 1/3] mistral:7b bidict-B003 B4_gold_pair_rule...
[run 1/3] mistral:7b bidict-B004 B0_direct...
[run 1/3] mistral:7b bidict-B004 B1_api_list...
[run 1/3] mistral:7b bidict-B004 B2_raw_api_docs...
[run 1/3] mistral:7b bidict-B004 B3_oracle_api_sequence...
[run 1/3] mistral:7b bidict-B004 B4_gold_pair_rule...
[run 1/3] mistral:7b bidict-B005 B0_direct...
[run 1/3] mistral:7b bidict-B005 B1_api_list...
[run 1/3] mistral:7b bidict-B005 B2_raw_api_docs...
[run 1/3] mistral:7b bidict-B005 B3_oracle_api_sequence...
[run 1/3] mistral:7b bidict-B005 B4_gold_pair_rule...
[run 1/3] mistral:7b bidict-B006 B0_direct...
[run 1/3] mistral:7b bidict-B006 B1_api_list...
[run 1/3] mistral:7b bidict-B006 B2_raw_api_docs...
[run 1/3] mistral:7b bidict-B006 B3_oracle_api_sequence...
[run 1/3] mistral:7b bidict-B006 B4_gold_pair_rule...
[run 1/3] mistral:7b bidict-B007 B0_direct...
[run 1/3] mistral:7b bidict-B007 B1_api_list...
[run 1/3] mistral:7b bidict-B007 B2_raw_api_docs...
[run 1/3] mistral:7b bidict-B007 B3_oracle_api_sequence...
[run 1/3] mistral:7b bidict-B007 B4_gold_pair_rule...
[run 1/3] mistral:7b bidict-B008 B0_direct...
[run 1/3] mistral:7b bidict-B008 B1_api_list...
[run 1/3] mistral:7b bidict-B008 B2_raw_api_docs...
[run 1/3] mistral:7b bidict-B008 B3_oracle_api_sequence...
[run 1/3] mistral:7b bidict-B008 B4_gold_pair_rule...
[run 1/3] mistral:7b bidict-B009 B0_direct...
[run 1/3] mistral:7b bidict-B009 B1_api_list...
[run 1/3] mistral:7b bidict-B009 B2_raw_api_docs...
[run 1/3] mistral:7b bidict-B009 B3_oracle_api_sequence...
[run 1/3] mistral:7b bidict-B009 B4_gold_pair_rule...
[run 1/3] mistral:7b bidict-B010 B0_direct...
[run 1/3] mistral:7b bidict-B010 B1_api_list...
[run 1/3] mistral:7b bidict-B010 B2_raw_api_docs...
[run 1/3] mistral:7b bidict-B010 B3_oracle_api_sequence...
[run 1/3] mistral:7b bidict-B010 B4_gold_pair_rule...
[run 2/3] qwen2.5:7b bidict-B001 B0_direct...
[run 2/3] qwen2.5:7b bidict-B001 B1_api_list...
[run 2/3] qwen2.5:7b bidict-B001 B2_raw_api_docs...
[run 2/3] qwen2.5:7b bidict-B001 B3_oracle_api_sequence...
[run 2/3] qwen2.5:7b bidict-B001 B4_gold_pair_rule...
[run 2/3] qwen2.5:7b bidict-B002 B0_direct...
[run 2/3] qwen2.5:7b bidict-B002 B1_api_list...
[run 2/3] qwen2.5:7b bidict-B002 B2_raw_api_docs...
[run 2/3] qwen2.5:7b bidict-B002 B3_oracle_api_sequence...
[run 2/3] qwen2.5:7b bidict-B002 B4_gold_pair_rule...
[run 2/3] qwen2.5:7b bidict-B003 B0_direct...
[run 2/3] qwen2.5:7b bidict-B003 B1_api_list...
[run 2/3] qwen2.5:7b bidict-B003 B2_raw_api_docs...
[run 2/3] qwen2.5:7b bidict-B003 B3_oracle_api_sequence...
[run 2/3] qwen2.5:7b bidict-B003 B4_gold_pair_rule...
[run 2/3] qwen2.5:7b bidict-B004 B0_direct...
[run 2/3] qwen2.5:7b bidict-B004 B1_api_list...
[run 2/3] qwen2.5:7b bidict-B004 B2_raw_api_docs...
[run 2/3] qwen2.5:7b bidict-B004 B3_oracle_api_sequence...
[run 2/3] qwen2.5:7b bidict-B004 B4_gold_pair_rule...
[run 2/3] qwen2.5:7b bidict-B005 B0_direct...
[run 2/3] qwen2.5:7b bidict-B005 B1_api_list...
[run 2/3] qwen2.5:7b bidict-B005 B2_raw_api_docs...
[run 2/3] qwen2.5:7b bidict-B005 B3_oracle_api_sequence...
[run 2/3] qwen2.5:7b bidict-B005 B4_gold_pair_rule...
[run 2/3] qwen2.5:7b bidict-B006 B0_direct...
[run 2/3] qwen2.5:7b bidict-B006 B1_api_list...
[run 2/3] qwen2.5:7b bidict-B006 B2_raw_api_docs...
[run 2/3] qwen2.5:7b bidict-B006 B3_oracle_api_sequence...
[run 2/3] qwen2.5:7b bidict-B006 B4_gold_pair_rule...
[run 2/3] qwen2.5:7b bidict-B007 B0_direct...
[run 2/3] qwen2.5:7b bidict-B007 B1_api_list...
[run 2/3] qwen2.5:7b bidict-B007 B2_raw_api_docs...
[run 2/3] qwen2.5:7b bidict-B007 B3_oracle_api_sequence...
[run 2/3] qwen2.5:7b bidict-B007 B4_gold_pair_rule...
[run 2/3] qwen2.5:7b bidict-B008 B0_direct...
[run 2/3] qwen2.5:7b bidict-B008 B1_api_list...
[run 2/3] qwen2.5:7b bidict-B008 B2_raw_api_docs...
[run 2/3] qwen2.5:7b bidict-B008 B3_oracle_api_sequence...
[run 2/3] qwen2.5:7b bidict-B008 B4_gold_pair_rule...
[run 2/3] qwen2.5:7b bidict-B009 B0_direct...
[run 2/3] qwen2.5:7b bidict-B009 B1_api_list...
[run 2/3] qwen2.5:7b bidict-B009 B2_raw_api_docs...
[run 2/3] qwen2.5:7b bidict-B009 B3_oracle_api_sequence...
[run 2/3] qwen2.5:7b bidict-B009 B4_gold_pair_rule...
[run 2/3] qwen2.5:7b bidict-B010 B0_direct...
[run 2/3] qwen2.5:7b bidict-B010 B1_api_list...
[run 2/3] qwen2.5:7b bidict-B010 B2_raw_api_docs...
[run 2/3] qwen2.5:7b bidict-B010 B3_oracle_api_sequence...
[run 2/3] qwen2.5:7b bidict-B010 B4_gold_pair_rule...
[run 2/3] qwen2.5-coder:7b bidict-B001 B0_direct...
[run 2/3] qwen2.5-coder:7b bidict-B001 B1_api_list...
[run 2/3] qwen2.5-coder:7b bidict-B001 B2_raw_api_docs...
[run 2/3] qwen2.5-coder:7b bidict-B001 B3_oracle_api_sequence...
[run 2/3] qwen2.5-coder:7b bidict-B001 B4_gold_pair_rule...
[run 2/3] qwen2.5-coder:7b bidict-B002 B0_direct...
[run 2/3] qwen2.5-coder:7b bidict-B002 B1_api_list...
[run 2/3] qwen2.5-coder:7b bidict-B002 B2_raw_api_docs...
[run 2/3] qwen2.5-coder:7b bidict-B002 B3_oracle_api_sequence...
[run 2/3] qwen2.5-coder:7b bidict-B002 B4_gold_pair_rule...
[run 2/3] qwen2.5-coder:7b bidict-B003 B0_direct...
[run 2/3] qwen2.5-coder:7b bidict-B003 B1_api_list...
[run 2/3] qwen2.5-coder:7b bidict-B003 B2_raw_api_docs...
[run 2/3] qwen2.5-coder:7b bidict-B003 B3_oracle_api_sequence...
[run 2/3] qwen2.5-coder:7b bidict-B003 B4_gold_pair_rule...
[run 2/3] qwen2.5-coder:7b bidict-B004 B0_direct...
[run 2/3] qwen2.5-coder:7b bidict-B004 B1_api_list...
[run 2/3] qwen2.5-coder:7b bidict-B004 B2_raw_api_docs...
[run 2/3] qwen2.5-coder:7b bidict-B004 B3_oracle_api_sequence...
[run 2/3] qwen2.5-coder:7b bidict-B004 B4_gold_pair_rule...
[run 2/3] qwen2.5-coder:7b bidict-B005 B0_direct...
[run 2/3] qwen2.5-coder:7b bidict-B005 B1_api_list...
[run 2/3] qwen2.5-coder:7b bidict-B005 B2_raw_api_docs...
[run 2/3] qwen2.5-coder:7b bidict-B005 B3_oracle_api_sequence...
[run 2/3] qwen2.5-coder:7b bidict-B005 B4_gold_pair_rule...
[run 2/3] qwen2.5-coder:7b bidict-B006 B0_direct...
[run 2/3] qwen2.5-coder:7b bidict-B006 B1_api_list...
[run 2/3] qwen2.5-coder:7b bidict-B006 B2_raw_api_docs...
[run 2/3] qwen2.5-coder:7b bidict-B006 B3_oracle_api_sequence...
[run 2/3] qwen2.5-coder:7b bidict-B006 B4_gold_pair_rule...
[run 2/3] qwen2.5-coder:7b bidict-B007 B0_direct...
[run 2/3] qwen2.5-coder:7b bidict-B007 B1_api_list...
[run 2/3] qwen2.5-coder:7b bidict-B007 B2_raw_api_docs...
[run 2/3] qwen2.5-coder:7b bidict-B007 B3_oracle_api_sequence...
[run 2/3] qwen2.5-coder:7b bidict-B007 B4_gold_pair_rule...
[run 2/3] qwen2.5-coder:7b bidict-B008 B0_direct...
[run 2/3] qwen2.5-coder:7b bidict-B008 B1_api_list...
[run 2/3] qwen2.5-coder:7b bidict-B008 B2_raw_api_docs...
[run 2/3] qwen2.5-coder:7b bidict-B008 B3_oracle_api_sequence...
[run 2/3] qwen2.5-coder:7b bidict-B008 B4_gold_pair_rule...
[run 2/3] qwen2.5-coder:7b bidict-B009 B0_direct...
[run 2/3] qwen2.5-coder:7b bidict-B009 B1_api_list...
[run 2/3] qwen2.5-coder:7b bidict-B009 B2_raw_api_docs...
[run 2/3] qwen2.5-coder:7b bidict-B009 B3_oracle_api_sequence...
[run 2/3] qwen2.5-coder:7b bidict-B009 B4_gold_pair_rule...
[run 2/3] qwen2.5-coder:7b bidict-B010 B0_direct...
[run 2/3] qwen2.5-coder:7b bidict-B010 B1_api_list...
[run 2/3] qwen2.5-coder:7b bidict-B010 B2_raw_api_docs...
[run 2/3] qwen2.5-coder:7b bidict-B010 B3_oracle_api_sequence...
[run 2/3] qwen2.5-coder:7b bidict-B010 B4_gold_pair_rule...
[run 2/3] llama3.1:8b bidict-B001 B0_direct...
[run 2/3] llama3.1:8b bidict-B001 B1_api_list...
[run 2/3] llama3.1:8b bidict-B001 B2_raw_api_docs...
[run 2/3] llama3.1:8b bidict-B001 B3_oracle_api_sequence...
[run 2/3] llama3.1:8b bidict-B001 B4_gold_pair_rule...
[run 2/3] llama3.1:8b bidict-B002 B0_direct...
[run 2/3] llama3.1:8b bidict-B002 B1_api_list...
[run 2/3] llama3.1:8b bidict-B002 B2_raw_api_docs...
[run 2/3] llama3.1:8b bidict-B002 B3_oracle_api_sequence...
[run 2/3] llama3.1:8b bidict-B002 B4_gold_pair_rule...
[run 2/3] llama3.1:8b bidict-B003 B0_direct...
[run 2/3] llama3.1:8b bidict-B003 B1_api_list...
[run 2/3] llama3.1:8b bidict-B003 B2_raw_api_docs...
[run 2/3] llama3.1:8b bidict-B003 B3_oracle_api_sequence...
[run 2/3] llama3.1:8b bidict-B003 B4_gold_pair_rule...
[run 2/3] llama3.1:8b bidict-B004 B0_direct...
[run 2/3] llama3.1:8b bidict-B004 B1_api_list...
[run 2/3] llama3.1:8b bidict-B004 B2_raw_api_docs...
[run 2/3] llama3.1:8b bidict-B004 B3_oracle_api_sequence...
[run 2/3] llama3.1:8b bidict-B004 B4_gold_pair_rule...
[run 2/3] llama3.1:8b bidict-B005 B0_direct...
[run 2/3] llama3.1:8b bidict-B005 B1_api_list...
[run 2/3] llama3.1:8b bidict-B005 B2_raw_api_docs...
[run 2/3] llama3.1:8b bidict-B005 B3_oracle_api_sequence...
[run 2/3] llama3.1:8b bidict-B005 B4_gold_pair_rule...
[run 2/3] llama3.1:8b bidict-B006 B0_direct...
[run 2/3] llama3.1:8b bidict-B006 B1_api_list...
[run 2/3] llama3.1:8b bidict-B006 B2_raw_api_docs...
[run 2/3] llama3.1:8b bidict-B006 B3_oracle_api_sequence...
[run 2/3] llama3.1:8b bidict-B006 B4_gold_pair_rule...
[run 2/3] llama3.1:8b bidict-B007 B0_direct...
[run 2/3] llama3.1:8b bidict-B007 B1_api_list...
[run 2/3] llama3.1:8b bidict-B007 B2_raw_api_docs...
[run 2/3] llama3.1:8b bidict-B007 B3_oracle_api_sequence...
[run 2/3] llama3.1:8b bidict-B007 B4_gold_pair_rule...
[run 2/3] llama3.1:8b bidict-B008 B0_direct...
[run 2/3] llama3.1:8b bidict-B008 B1_api_list...
[run 2/3] llama3.1:8b bidict-B008 B2_raw_api_docs...
[run 2/3] llama3.1:8b bidict-B008 B3_oracle_api_sequence...
[run 2/3] llama3.1:8b bidict-B008 B4_gold_pair_rule...
[run 2/3] llama3.1:8b bidict-B009 B0_direct...
[run 2/3] llama3.1:8b bidict-B009 B1_api_list...
[run 2/3] llama3.1:8b bidict-B009 B2_raw_api_docs...
[run 2/3] llama3.1:8b bidict-B009 B3_oracle_api_sequence...
[run 2/3] llama3.1:8b bidict-B009 B4_gold_pair_rule...
[run 2/3] llama3.1:8b bidict-B010 B0_direct...
[run 2/3] llama3.1:8b bidict-B010 B1_api_list...
[run 2/3] llama3.1:8b bidict-B010 B2_raw_api_docs...
[run 2/3] llama3.1:8b bidict-B010 B3_oracle_api_sequence...
[run 2/3] llama3.1:8b bidict-B010 B4_gold_pair_rule...
[run 2/3] gemma2:9b bidict-B001 B0_direct...
[run 2/3] gemma2:9b bidict-B001 B1_api_list...
[run 2/3] gemma2:9b bidict-B001 B2_raw_api_docs...
[run 2/3] gemma2:9b bidict-B001 B3_oracle_api_sequence...
[run 2/3] gemma2:9b bidict-B001 B4_gold_pair_rule...
[run 2/3] gemma2:9b bidict-B002 B0_direct...
[run 2/3] gemma2:9b bidict-B002 B1_api_list...
[run 2/3] gemma2:9b bidict-B002 B2_raw_api_docs...
[run 2/3] gemma2:9b bidict-B002 B3_oracle_api_sequence...
[run 2/3] gemma2:9b bidict-B002 B4_gold_pair_rule...
[run 2/3] gemma2:9b bidict-B003 B0_direct...
[run 2/3] gemma2:9b bidict-B003 B1_api_list...
[run 2/3] gemma2:9b bidict-B003 B2_raw_api_docs...
[run 2/3] gemma2:9b bidict-B003 B3_oracle_api_sequence...
[run 2/3] gemma2:9b bidict-B003 B4_gold_pair_rule...
[run 2/3] gemma2:9b bidict-B004 B0_direct...
[run 2/3] gemma2:9b bidict-B004 B1_api_list...
[run 2/3] gemma2:9b bidict-B004 B2_raw_api_docs...
[run 2/3] gemma2:9b bidict-B004 B3_oracle_api_sequence...
[run 2/3] gemma2:9b bidict-B004 B4_gold_pair_rule...
[run 2/3] gemma2:9b bidict-B005 B0_direct...
[run 2/3] gemma2:9b bidict-B005 B1_api_list...
[run 2/3] gemma2:9b bidict-B005 B2_raw_api_docs...
[run 2/3] gemma2:9b bidict-B005 B3_oracle_api_sequence...
[run 2/3] gemma2:9b bidict-B005 B4_gold_pair_rule...
[run 2/3] gemma2:9b bidict-B006 B0_direct...
[run 2/3] gemma2:9b bidict-B006 B1_api_list...
[run 2/3] gemma2:9b bidict-B006 B2_raw_api_docs...
[run 2/3] gemma2:9b bidict-B006 B3_oracle_api_sequence...
[run 2/3] gemma2:9b bidict-B006 B4_gold_pair_rule...
[run 2/3] gemma2:9b bidict-B007 B0_direct...
[run 2/3] gemma2:9b bidict-B007 B1_api_list...
[run 2/3] gemma2:9b bidict-B007 B2_raw_api_docs...
[run 2/3] gemma2:9b bidict-B007 B3_oracle_api_sequence...
[run 2/3] gemma2:9b bidict-B007 B4_gold_pair_rule...
[run 2/3] gemma2:9b bidict-B008 B0_direct...
[run 2/3] gemma2:9b bidict-B008 B1_api_list...
[run 2/3] gemma2:9b bidict-B008 B2_raw_api_docs...
[run 2/3] gemma2:9b bidict-B008 B3_oracle_api_sequence...
[run 2/3] gemma2:9b bidict-B008 B4_gold_pair_rule...
[run 2/3] gemma2:9b bidict-B009 B0_direct...
[run 2/3] gemma2:9b bidict-B009 B1_api_list...
[run 2/3] gemma2:9b bidict-B009 B2_raw_api_docs...
[run 2/3] gemma2:9b bidict-B009 B3_oracle_api_sequence...
[run 2/3] gemma2:9b bidict-B009 B4_gold_pair_rule...
[run 2/3] gemma2:9b bidict-B010 B0_direct...
[run 2/3] gemma2:9b bidict-B010 B1_api_list...
[run 2/3] gemma2:9b bidict-B010 B2_raw_api_docs...
[run 2/3] gemma2:9b bidict-B010 B3_oracle_api_sequence...
[run 2/3] gemma2:9b bidict-B010 B4_gold_pair_rule...
[run 2/3] mistral:7b bidict-B001 B0_direct...
[run 2/3] mistral:7b bidict-B001 B1_api_list...
[run 2/3] mistral:7b bidict-B001 B2_raw_api_docs...
[run 2/3] mistral:7b bidict-B001 B3_oracle_api_sequence...
[run 2/3] mistral:7b bidict-B001 B4_gold_pair_rule...
[run 2/3] mistral:7b bidict-B002 B0_direct...
[run 2/3] mistral:7b bidict-B002 B1_api_list...
[run 2/3] mistral:7b bidict-B002 B2_raw_api_docs...
[run 2/3] mistral:7b bidict-B002 B3_oracle_api_sequence...
[run 2/3] mistral:7b bidict-B002 B4_gold_pair_rule...
[run 2/3] mistral:7b bidict-B003 B0_direct...
[run 2/3] mistral:7b bidict-B003 B1_api_list...
[run 2/3] mistral:7b bidict-B003 B2_raw_api_docs...
[run 2/3] mistral:7b bidict-B003 B3_oracle_api_sequence...
[run 2/3] mistral:7b bidict-B003 B4_gold_pair_rule...
[run 2/3] mistral:7b bidict-B004 B0_direct...
[run 2/3] mistral:7b bidict-B004 B1_api_list...
[run 2/3] mistral:7b bidict-B004 B2_raw_api_docs...
[run 2/3] mistral:7b bidict-B004 B3_oracle_api_sequence...
[run 2/3] mistral:7b bidict-B004 B4_gold_pair_rule...
[run 2/3] mistral:7b bidict-B005 B0_direct...
[run 2/3] mistral:7b bidict-B005 B1_api_list...
[run 2/3] mistral:7b bidict-B005 B2_raw_api_docs...
[run 2/3] mistral:7b bidict-B005 B3_oracle_api_sequence...
[run 2/3] mistral:7b bidict-B005 B4_gold_pair_rule...
[run 2/3] mistral:7b bidict-B006 B0_direct...
[run 2/3] mistral:7b bidict-B006 B1_api_list...
[run 2/3] mistral:7b bidict-B006 B2_raw_api_docs...
[run 2/3] mistral:7b bidict-B006 B3_oracle_api_sequence...
[run 2/3] mistral:7b bidict-B006 B4_gold_pair_rule...
[run 2/3] mistral:7b bidict-B007 B0_direct...
[run 2/3] mistral:7b bidict-B007 B1_api_list...
[run 2/3] mistral:7b bidict-B007 B2_raw_api_docs...
[run 2/3] mistral:7b bidict-B007 B3_oracle_api_sequence...
[run 2/3] mistral:7b bidict-B007 B4_gold_pair_rule...
[run 2/3] mistral:7b bidict-B008 B0_direct...
[run 2/3] mistral:7b bidict-B008 B1_api_list...
[run 2/3] mistral:7b bidict-B008 B2_raw_api_docs...
[run 2/3] mistral:7b bidict-B008 B3_oracle_api_sequence...
[run 2/3] mistral:7b bidict-B008 B4_gold_pair_rule...
[run 2/3] mistral:7b bidict-B009 B0_direct...
[run 2/3] mistral:7b bidict-B009 B1_api_list...
[run 2/3] mistral:7b bidict-B009 B2_raw_api_docs...
[run 2/3] mistral:7b bidict-B009 B3_oracle_api_sequence...
[run 2/3] mistral:7b bidict-B009 B4_gold_pair_rule...
[run 2/3] mistral:7b bidict-B010 B0_direct...
[run 2/3] mistral:7b bidict-B010 B1_api_list...
[run 2/3] mistral:7b bidict-B010 B2_raw_api_docs...
[run 2/3] mistral:7b bidict-B010 B3_oracle_api_sequence...
[run 2/3] mistral:7b bidict-B010 B4_gold_pair_rule...
[run 3/3] qwen2.5:7b bidict-B001 B0_direct...
[run 3/3] qwen2.5:7b bidict-B001 B1_api_list...
[run 3/3] qwen2.5:7b bidict-B001 B2_raw_api_docs...
[run 3/3] qwen2.5:7b bidict-B001 B3_oracle_api_sequence...
[run 3/3] qwen2.5:7b bidict-B001 B4_gold_pair_rule...
[run 3/3] qwen2.5:7b bidict-B002 B0_direct...
[run 3/3] qwen2.5:7b bidict-B002 B1_api_list...
[run 3/3] qwen2.5:7b bidict-B002 B2_raw_api_docs...
[run 3/3] qwen2.5:7b bidict-B002 B3_oracle_api_sequence...
[run 3/3] qwen2.5:7b bidict-B002 B4_gold_pair_rule...
[run 3/3] qwen2.5:7b bidict-B003 B0_direct...
[run 3/3] qwen2.5:7b bidict-B003 B1_api_list...
[run 3/3] qwen2.5:7b bidict-B003 B2_raw_api_docs...
[run 3/3] qwen2.5:7b bidict-B003 B3_oracle_api_sequence...
[run 3/3] qwen2.5:7b bidict-B003 B4_gold_pair_rule...
[run 3/3] qwen2.5:7b bidict-B004 B0_direct...
[run 3/3] qwen2.5:7b bidict-B004 B1_api_list...
[run 3/3] qwen2.5:7b bidict-B004 B2_raw_api_docs...
[run 3/3] qwen2.5:7b bidict-B004 B3_oracle_api_sequence...
[run 3/3] qwen2.5:7b bidict-B004 B4_gold_pair_rule...
[run 3/3] qwen2.5:7b bidict-B005 B0_direct...
[run 3/3] qwen2.5:7b bidict-B005 B1_api_list...
[run 3/3] qwen2.5:7b bidict-B005 B2_raw_api_docs...
[run 3/3] qwen2.5:7b bidict-B005 B3_oracle_api_sequence...
[run 3/3] qwen2.5:7b bidict-B005 B4_gold_pair_rule...
[run 3/3] qwen2.5:7b bidict-B006 B0_direct...
[run 3/3] qwen2.5:7b bidict-B006 B1_api_list...
[run 3/3] qwen2.5:7b bidict-B006 B2_raw_api_docs...
[run 3/3] qwen2.5:7b bidict-B006 B3_oracle_api_sequence...
[run 3/3] qwen2.5:7b bidict-B006 B4_gold_pair_rule...
[run 3/3] qwen2.5:7b bidict-B007 B0_direct...
[run 3/3] qwen2.5:7b bidict-B007 B1_api_list...
[run 3/3] qwen2.5:7b bidict-B007 B2_raw_api_docs...
[run 3/3] qwen2.5:7b bidict-B007 B3_oracle_api_sequence...
[run 3/3] qwen2.5:7b bidict-B007 B4_gold_pair_rule...
[run 3/3] qwen2.5:7b bidict-B008 B0_direct...
[run 3/3] qwen2.5:7b bidict-B008 B1_api_list...
[run 3/3] qwen2.5:7b bidict-B008 B2_raw_api_docs...
[run 3/3] qwen2.5:7b bidict-B008 B3_oracle_api_sequence...
[run 3/3] qwen2.5:7b bidict-B008 B4_gold_pair_rule...
[run 3/3] qwen2.5:7b bidict-B009 B0_direct...
[run 3/3] qwen2.5:7b bidict-B009 B1_api_list...
[run 3/3] qwen2.5:7b bidict-B009 B2_raw_api_docs...
[run 3/3] qwen2.5:7b bidict-B009 B3_oracle_api_sequence...
[run 3/3] qwen2.5:7b bidict-B009 B4_gold_pair_rule...
[run 3/3] qwen2.5:7b bidict-B010 B0_direct...
[run 3/3] qwen2.5:7b bidict-B010 B1_api_list...
[run 3/3] qwen2.5:7b bidict-B010 B2_raw_api_docs...
[run 3/3] qwen2.5:7b bidict-B010 B3_oracle_api_sequence...
[run 3/3] qwen2.5:7b bidict-B010 B4_gold_pair_rule...
[run 3/3] qwen2.5-coder:7b bidict-B001 B0_direct...
[run 3/3] qwen2.5-coder:7b bidict-B001 B1_api_list...
[run 3/3] qwen2.5-coder:7b bidict-B001 B2_raw_api_docs...
[run 3/3] qwen2.5-coder:7b bidict-B001 B3_oracle_api_sequence...
[run 3/3] qwen2.5-coder:7b bidict-B001 B4_gold_pair_rule...
[run 3/3] qwen2.5-coder:7b bidict-B002 B0_direct...
[run 3/3] qwen2.5-coder:7b bidict-B002 B1_api_list...
[run 3/3] qwen2.5-coder:7b bidict-B002 B2_raw_api_docs...
[run 3/3] qwen2.5-coder:7b bidict-B002 B3_oracle_api_sequence...
[run 3/3] qwen2.5-coder:7b bidict-B002 B4_gold_pair_rule...
[run 3/3] qwen2.5-coder:7b bidict-B003 B0_direct...
[run 3/3] qwen2.5-coder:7b bidict-B003 B1_api_list...
[run 3/3] qwen2.5-coder:7b bidict-B003 B2_raw_api_docs...
[run 3/3] qwen2.5-coder:7b bidict-B003 B3_oracle_api_sequence...
[run 3/3] qwen2.5-coder:7b bidict-B003 B4_gold_pair_rule...
[run 3/3] qwen2.5-coder:7b bidict-B004 B0_direct...
[run 3/3] qwen2.5-coder:7b bidict-B004 B1_api_list...
[run 3/3] qwen2.5-coder:7b bidict-B004 B2_raw_api_docs...
[run 3/3] qwen2.5-coder:7b bidict-B004 B3_oracle_api_sequence...
[run 3/3] qwen2.5-coder:7b bidict-B004 B4_gold_pair_rule...
[run 3/3] qwen2.5-coder:7b bidict-B005 B0_direct...
[run 3/3] qwen2.5-coder:7b bidict-B005 B1_api_list...
[run 3/3] qwen2.5-coder:7b bidict-B005 B2_raw_api_docs...
[run 3/3] qwen2.5-coder:7b bidict-B005 B3_oracle_api_sequence...
[run 3/3] qwen2.5-coder:7b bidict-B005 B4_gold_pair_rule...
[run 3/3] qwen2.5-coder:7b bidict-B006 B0_direct...
[run 3/3] qwen2.5-coder:7b bidict-B006 B1_api_list...
[run 3/3] qwen2.5-coder:7b bidict-B006 B2_raw_api_docs...
[run 3/3] qwen2.5-coder:7b bidict-B006 B3_oracle_api_sequence...
[run 3/3] qwen2.5-coder:7b bidict-B006 B4_gold_pair_rule...
[run 3/3] qwen2.5-coder:7b bidict-B007 B0_direct...
[run 3/3] qwen2.5-coder:7b bidict-B007 B1_api_list...
[run 3/3] qwen2.5-coder:7b bidict-B007 B2_raw_api_docs...
[run 3/3] qwen2.5-coder:7b bidict-B007 B3_oracle_api_sequence...
[run 3/3] qwen2.5-coder:7b bidict-B007 B4_gold_pair_rule...
[run 3/3] qwen2.5-coder:7b bidict-B008 B0_direct...
[run 3/3] qwen2.5-coder:7b bidict-B008 B1_api_list...
[run 3/3] qwen2.5-coder:7b bidict-B008 B2_raw_api_docs...
[run 3/3] qwen2.5-coder:7b bidict-B008 B3_oracle_api_sequence...
[run 3/3] qwen2.5-coder:7b bidict-B008 B4_gold_pair_rule...
[run 3/3] qwen2.5-coder:7b bidict-B009 B0_direct...
[run 3/3] qwen2.5-coder:7b bidict-B009 B1_api_list...
[run 3/3] qwen2.5-coder:7b bidict-B009 B2_raw_api_docs...
[run 3/3] qwen2.5-coder:7b bidict-B009 B3_oracle_api_sequence...
[run 3/3] qwen2.5-coder:7b bidict-B009 B4_gold_pair_rule...
[run 3/3] qwen2.5-coder:7b bidict-B010 B0_direct...
[run 3/3] qwen2.5-coder:7b bidict-B010 B1_api_list...
[run 3/3] qwen2.5-coder:7b bidict-B010 B2_raw_api_docs...
[run 3/3] qwen2.5-coder:7b bidict-B010 B3_oracle_api_sequence...
[run 3/3] qwen2.5-coder:7b bidict-B010 B4_gold_pair_rule...
[run 3/3] llama3.1:8b bidict-B001 B0_direct...
[run 3/3] llama3.1:8b bidict-B001 B1_api_list...
[run 3/3] llama3.1:8b bidict-B001 B2_raw_api_docs...
[run 3/3] llama3.1:8b bidict-B001 B3_oracle_api_sequence...
[run 3/3] llama3.1:8b bidict-B001 B4_gold_pair_rule...
[run 3/3] llama3.1:8b bidict-B002 B0_direct...
[run 3/3] llama3.1:8b bidict-B002 B1_api_list...
[run 3/3] llama3.1:8b bidict-B002 B2_raw_api_docs...
[run 3/3] llama3.1:8b bidict-B002 B3_oracle_api_sequence...
[run 3/3] llama3.1:8b bidict-B002 B4_gold_pair_rule...
[run 3/3] llama3.1:8b bidict-B003 B0_direct...
[run 3/3] llama3.1:8b bidict-B003 B1_api_list...
[run 3/3] llama3.1:8b bidict-B003 B2_raw_api_docs...
[run 3/3] llama3.1:8b bidict-B003 B3_oracle_api_sequence...
[run 3/3] llama3.1:8b bidict-B003 B4_gold_pair_rule...
[run 3/3] llama3.1:8b bidict-B004 B0_direct...
[run 3/3] llama3.1:8b bidict-B004 B1_api_list...
[run 3/3] llama3.1:8b bidict-B004 B2_raw_api_docs...
[run 3/3] llama3.1:8b bidict-B004 B3_oracle_api_sequence...
[run 3/3] llama3.1:8b bidict-B004 B4_gold_pair_rule...
[run 3/3] llama3.1:8b bidict-B005 B0_direct...
[run 3/3] llama3.1:8b bidict-B005 B1_api_list...
[run 3/3] llama3.1:8b bidict-B005 B2_raw_api_docs...
[run 3/3] llama3.1:8b bidict-B005 B3_oracle_api_sequence...
[run 3/3] llama3.1:8b bidict-B005 B4_gold_pair_rule...
[run 3/3] llama3.1:8b bidict-B006 B0_direct...
[run 3/3] llama3.1:8b bidict-B006 B1_api_list...
[run 3/3] llama3.1:8b bidict-B006 B2_raw_api_docs...
[run 3/3] llama3.1:8b bidict-B006 B3_oracle_api_sequence...
[run 3/3] llama3.1:8b bidict-B006 B4_gold_pair_rule...
[run 3/3] llama3.1:8b bidict-B007 B0_direct...
[run 3/3] llama3.1:8b bidict-B007 B1_api_list...
[run 3/3] llama3.1:8b bidict-B007 B2_raw_api_docs...
[run 3/3] llama3.1:8b bidict-B007 B3_oracle_api_sequence...
[run 3/3] llama3.1:8b bidict-B007 B4_gold_pair_rule...
[run 3/3] llama3.1:8b bidict-B008 B0_direct...
[run 3/3] llama3.1:8b bidict-B008 B1_api_list...
[run 3/3] llama3.1:8b bidict-B008 B2_raw_api_docs...
[run 3/3] llama3.1:8b bidict-B008 B3_oracle_api_sequence...
[run 3/3] llama3.1:8b bidict-B008 B4_gold_pair_rule...
[run 3/3] llama3.1:8b bidict-B009 B0_direct...
[run 3/3] llama3.1:8b bidict-B009 B1_api_list...
[run 3/3] llama3.1:8b bidict-B009 B2_raw_api_docs...
[run 3/3] llama3.1:8b bidict-B009 B3_oracle_api_sequence...
[run 3/3] llama3.1:8b bidict-B009 B4_gold_pair_rule...
[run 3/3] llama3.1:8b bidict-B010 B0_direct...
[run 3/3] llama3.1:8b bidict-B010 B1_api_list...
[run 3/3] llama3.1:8b bidict-B010 B2_raw_api_docs...
[run 3/3] llama3.1:8b bidict-B010 B3_oracle_api_sequence...
[run 3/3] llama3.1:8b bidict-B010 B4_gold_pair_rule...
[run 3/3] gemma2:9b bidict-B001 B0_direct...
[run 3/3] gemma2:9b bidict-B001 B1_api_list...
[run 3/3] gemma2:9b bidict-B001 B2_raw_api_docs...
[run 3/3] gemma2:9b bidict-B001 B3_oracle_api_sequence...
[run 3/3] gemma2:9b bidict-B001 B4_gold_pair_rule...
[run 3/3] gemma2:9b bidict-B002 B0_direct...
[run 3/3] gemma2:9b bidict-B002 B1_api_list...
[run 3/3] gemma2:9b bidict-B002 B2_raw_api_docs...
[run 3/3] gemma2:9b bidict-B002 B3_oracle_api_sequence...
[run 3/3] gemma2:9b bidict-B002 B4_gold_pair_rule...
[run 3/3] gemma2:9b bidict-B003 B0_direct...
[run 3/3] gemma2:9b bidict-B003 B1_api_list...
[run 3/3] gemma2:9b bidict-B003 B2_raw_api_docs...
[run 3/3] gemma2:9b bidict-B003 B3_oracle_api_sequence...
[run 3/3] gemma2:9b bidict-B003 B4_gold_pair_rule...
[run 3/3] gemma2:9b bidict-B004 B0_direct...
[run 3/3] gemma2:9b bidict-B004 B1_api_list...
[run 3/3] gemma2:9b bidict-B004 B2_raw_api_docs...
[run 3/3] gemma2:9b bidict-B004 B3_oracle_api_sequence...
[run 3/3] gemma2:9b bidict-B004 B4_gold_pair_rule...
[run 3/3] gemma2:9b bidict-B005 B0_direct...
[run 3/3] gemma2:9b bidict-B005 B1_api_list...
[run 3/3] gemma2:9b bidict-B005 B2_raw_api_docs...
[run 3/3] gemma2:9b bidict-B005 B3_oracle_api_sequence...
[run 3/3] gemma2:9b bidict-B005 B4_gold_pair_rule...
[run 3/3] gemma2:9b bidict-B006 B0_direct...
[run 3/3] gemma2:9b bidict-B006 B1_api_list...
[run 3/3] gemma2:9b bidict-B006 B2_raw_api_docs...
[run 3/3] gemma2:9b bidict-B006 B3_oracle_api_sequence...
[run 3/3] gemma2:9b bidict-B006 B4_gold_pair_rule...
[run 3/3] gemma2:9b bidict-B007 B0_direct...
[run 3/3] gemma2:9b bidict-B007 B1_api_list...
[run 3/3] gemma2:9b bidict-B007 B2_raw_api_docs...
[run 3/3] gemma2:9b bidict-B007 B3_oracle_api_sequence...
[run 3/3] gemma2:9b bidict-B007 B4_gold_pair_rule...
[run 3/3] gemma2:9b bidict-B008 B0_direct...
[run 3/3] gemma2:9b bidict-B008 B1_api_list...
[run 3/3] gemma2:9b bidict-B008 B2_raw_api_docs...
[run 3/3] gemma2:9b bidict-B008 B3_oracle_api_sequence...
[run 3/3] gemma2:9b bidict-B008 B4_gold_pair_rule...
[run 3/3] gemma2:9b bidict-B009 B0_direct...
[run 3/3] gemma2:9b bidict-B009 B1_api_list...
[run 3/3] gemma2:9b bidict-B009 B2_raw_api_docs...
[run 3/3] gemma2:9b bidict-B009 B3_oracle_api_sequence...
[run 3/3] gemma2:9b bidict-B009 B4_gold_pair_rule...
[run 3/3] gemma2:9b bidict-B010 B0_direct...
[run 3/3] gemma2:9b bidict-B010 B1_api_list...
[run 3/3] gemma2:9b bidict-B010 B2_raw_api_docs...
[run 3/3] gemma2:9b bidict-B010 B3_oracle_api_sequence...
[run 3/3] gemma2:9b bidict-B010 B4_gold_pair_rule...
[run 3/3] mistral:7b bidict-B001 B0_direct...
[run 3/3] mistral:7b bidict-B001 B1_api_list...
[run 3/3] mistral:7b bidict-B001 B2_raw_api_docs...
[run 3/3] mistral:7b bidict-B001 B3_oracle_api_sequence...
[run 3/3] mistral:7b bidict-B001 B4_gold_pair_rule...
[run 3/3] mistral:7b bidict-B002 B0_direct...
[run 3/3] mistral:7b bidict-B002 B1_api_list...
[run 3/3] mistral:7b bidict-B002 B2_raw_api_docs...
[run 3/3] mistral:7b bidict-B002 B3_oracle_api_sequence...
[run 3/3] mistral:7b bidict-B002 B4_gold_pair_rule...
[run 3/3] mistral:7b bidict-B003 B0_direct...
[run 3/3] mistral:7b bidict-B003 B1_api_list...
[run 3/3] mistral:7b bidict-B003 B2_raw_api_docs...
[run 3/3] mistral:7b bidict-B003 B3_oracle_api_sequence...
[run 3/3] mistral:7b bidict-B003 B4_gold_pair_rule...
[run 3/3] mistral:7b bidict-B004 B0_direct...
[run 3/3] mistral:7b bidict-B004 B1_api_list...
[run 3/3] mistral:7b bidict-B004 B2_raw_api_docs...
[run 3/3] mistral:7b bidict-B004 B3_oracle_api_sequence...
[run 3/3] mistral:7b bidict-B004 B4_gold_pair_rule...
[run 3/3] mistral:7b bidict-B005 B0_direct...
[run 3/3] mistral:7b bidict-B005 B1_api_list...
[run 3/3] mistral:7b bidict-B005 B2_raw_api_docs...
[run 3/3] mistral:7b bidict-B005 B3_oracle_api_sequence...
[run 3/3] mistral:7b bidict-B005 B4_gold_pair_rule...
[run 3/3] mistral:7b bidict-B006 B0_direct...
[run 3/3] mistral:7b bidict-B006 B1_api_list...
[run 3/3] mistral:7b bidict-B006 B2_raw_api_docs...
[run 3/3] mistral:7b bidict-B006 B3_oracle_api_sequence...
[run 3/3] mistral:7b bidict-B006 B4_gold_pair_rule...
[run 3/3] mistral:7b bidict-B007 B0_direct...
[run 3/3] mistral:7b bidict-B007 B1_api_list...
[run 3/3] mistral:7b bidict-B007 B2_raw_api_docs...
[run 3/3] mistral:7b bidict-B007 B3_oracle_api_sequence...
[run 3/3] mistral:7b bidict-B007 B4_gold_pair_rule...
[run 3/3] mistral:7b bidict-B008 B0_direct...
[run 3/3] mistral:7b bidict-B008 B1_api_list...
[run 3/3] mistral:7b bidict-B008 B2_raw_api_docs...
[run 3/3] mistral:7b bidict-B008 B3_oracle_api_sequence...
[run 3/3] mistral:7b bidict-B008 B4_gold_pair_rule...
[run 3/3] mistral:7b bidict-B009 B0_direct...
[run 3/3] mistral:7b bidict-B009 B1_api_list...
[run 3/3] mistral:7b bidict-B009 B2_raw_api_docs...
[run 3/3] mistral:7b bidict-B009 B3_oracle_api_sequence...
[run 3/3] mistral:7b bidict-B009 B4_gold_pair_rule...
[run 3/3] mistral:7b bidict-B010 B0_direct...
[run 3/3] mistral:7b bidict-B010 B1_api_list...
[run 3/3] mistral:7b bidict-B010 B2_raw_api_docs...
[run 3/3] mistral:7b bidict-B010 B3_oracle_api_sequence...
[run 3/3] mistral:7b bidict-B010 B4_gold_pair_rule...

Done. Generations in C:\Users\Tzx25\Documents\Codex\2026-06-15\pyluvtan-pair-coder-git-https-github\Ollama问题存在性实验\result\bidict_5model. Judge with:
  python3 benchlib_eval.py --result-dir C:\Users\Tzx25\Documents\Codex\2026-06-15\pyluvtan-pair-coder-git-https-github\Ollama问题存在性实验\result\bidict_5model
--- [3/3] execution-oracle eval ---
== anchor suite for bidict (oracle trustworthiness gate) ==
  [ok ] bidict-B001  canonical_inv             expected=PASS                         got=PASS
  [ok ] bidict-B001  violation_forward_index   expected=FAIL(runtime_error)          got=FAIL(runtime_error)
  [ok ] bidict-B002  canonical_invert          expected=PASS                         got=PASS
  [ok ] bidict-B002  violation_no_invert       expected=FAIL(wrong_output)           got=FAIL(wrong_output)
  [ok ] bidict-B003  canonical_inv_bidict      expected=PASS                         got=PASS
  [ok ] bidict-B003  violation_plain_dict      expected=FAIL(wrong_output_structure) got=FAIL(wrong_output_structure)
  [ok ] bidict-B004  canonical_forceput        expected=PASS                         got=PASS
  [ok ] bidict-B004  violation_setitem         expected=FAIL(runtime_error)          got=FAIL(runtime_error)
  [ok ] bidict-B005  canonical_same            expected=PASS                         got=PASS
  [ok ] bidict-B005  violation_fresh           expected=FAIL(runtime_error)          got=FAIL(runtime_error)
  [ok ] bidict-B006  canonical_via_inv         expected=PASS                         got=PASS
  [ok ] bidict-B006  violation_fresh           expected=FAIL(runtime_error)          got=FAIL(runtime_error)
  [ok ] bidict-B007  canonical_roundtrip       expected=PASS                         got=PASS
  [ok ] bidict-B007  violation_double_forward  expected=FAIL(runtime_error)          got=FAIL(runtime_error)
  [ok ] bidict-B008  canonical_putall          expected=PASS                         got=PASS
  [ok ] bidict-B008  violation_loop            expected=FAIL(wrong_output)           got=FAIL(wrong_output)
  [ok ] bidict-B009  canonical_frozen          expected=PASS                         got=PASS
  [ok ] bidict-B009  violation_mutable         expected=FAIL(obligation_unmet)       got=FAIL(obligation_unmet)
  [ok ] bidict-B010  canonical_reject          expected=PASS                         got=PASS
  [ok ] bidict-B010  violation_forceput        expected=FAIL(wrong_output)           got=FAIL(wrong_output)
  -> 20/20 anchor cases behave as documented

== evaluating generations ==
  wrote C:\Users\Tzx25\Documents\Codex\2026-06-15\pyluvtan-pair-coder-git-https-github\Ollama问题存在性实验\result\bidict_5model\exec_eval\exec_results.csv (750 rows)
  wrote C:\Users\Tzx25\Documents\Codex\2026-06-15\pyluvtan-pair-coder-git-https-github\Ollama问题存在性实验\result\bidict_5model\exec_eval\exec_summary.md
# Execution-oracle summary: bidict

- Models: qwen2.5:7b, qwen2.5-coder:7b, llama3.1:8b, gemma2:9b, mistral:7b
- Tasks: 10; runs/condition: 3
- Pass rate = task-level majority vote across runs, averaged over models.

## Pass rate by method

| Method | pass | total | rate |
|---|---:|---:|---:|
| B0_direct | 28 | 50 | 0.56 |
| B1_api_list | 31 | 50 | 0.62 |
| B2_raw_api_docs | 23 | 50 | 0.46 |
| B3_oracle_api_sequence | 45 | 50 | 0.90 |
| B4_gold_pair_rule | 41 | 50 | 0.82 |

## Pass rate by method x pair_type

| Method | config-return-contract | lifecycle | param-dependency | return-flow | shared-receiver |
|---|---:|---:|---:|---:|---:|
| B0_direct | 0.40 | 0.50 | 0.40 | 0.90 | 0.60 |
| B1_api_list | 0.60 | 0.50 | 0.30 | 0.90 | 0.80 |
| B2_raw_api_docs | 0.50 | 0.30 | 0.50 | 0.50 | 0.50 |
| B3_oracle_api_sequence | 0.80 | 0.80 | 1.00 | 0.90 | 1.00 |
| B4_gold_pair_rule | 0.90 | 0.90 | 0.50 | 0.90 | 0.90 |

## Pass rate by method x difficulty

| Method | easy | medium | hard |
|---|---:|---:|---:|
| B0_direct | 0.60 | 0.57 | 0.40 |
| B1_api_list | 0.70 | 0.69 | 0.00 |
| B2_raw_api_docs | 0.60 | 0.49 | 0.00 |
| B3_oracle_api_sequence | 0.80 | 0.94 | 0.80 |
| B4_gold_pair_rule | 0.80 | 0.83 | 0.80 |

########## glom  ->  C:\Users\Tzx25\Documents\Codex\2026-06-15\pyluvtan-pair-coder-git-https-github\Ollama问题存在性实验\result\glom_5model ##########
--- [1/3] anchor suite (oracle trustworthiness gate) ---
  [ok ] glom-G001  canonical_path           expected=PASS                         got=PASS
  [ok ] glom-G001  violation_literal_key    expected=FAIL(runtime_error)          got=FAIL(runtime_error)
  [ok ] glom-G002  canonical_chain          expected=PASS                         got=PASS
  [ok ] glom-G002  violation_no_transform   expected=FAIL(wrong_output_structure) got=FAIL(wrong_output_structure)
  [ok ] glom-G003  canonical_list_spec      expected=PASS                         got=PASS
  [ok ] glom-G003  violation_no_list        expected=FAIL(runtime_error)          got=FAIL(runtime_error)
  [ok ] glom-G004  canonical_dict_spec      expected=PASS                         got=PASS
  [ok ] glom-G004  violation_scalar         expected=FAIL(wrong_output_structure) got=FAIL(wrong_output_structure)
  [ok ] glom-G005  canonical_default        expected=PASS                         got=PASS
  [ok ] glom-G005  violation_no_default     expected=FAIL(runtime_error)          got=FAIL(runtime_error)
  [ok ] glom-G006  canonical_coalesce       expected=PASS                         got=PASS
  [ok ] glom-G006  violation_primary_only   expected=FAIL(runtime_error)          got=FAIL(runtime_error)
  [ok ] glom-G007  canonical_assign_same    expected=PASS                         got=PASS
  [ok ] glom-G007  violation_copy           expected=FAIL(wrong_output)           got=FAIL(wrong_output)
  [ok ] glom-G008  canonical_return_target  expected=PASS                         got=PASS
  [ok ] glom-G008  violation_return_copy    expected=FAIL(wrong_output)           got=FAIL(wrong_output)
  [ok ] glom-G009  canonical_index_path     expected=PASS                         got=PASS
  [ok ] glom-G009  violation_no_index       expected=FAIL(runtime_error)          got=FAIL(runtime_error)
  [ok ] glom-G010  canonical_dict_spec      expected=PASS                         got=PASS
  [ok ] glom-G010  violation_scalar         expected=FAIL(wrong_output_structure) got=FAIL(wrong_output_structure)
  -> 20/20 anchor cases behave as documented
--- [2/3] generate (Ollama, B0-B4) ---
== generating glom with 4 model workers (keep_alive=1h, num_predict=500, top_p=0.9) ==
[run 1/3] qwen2.5:7b glom-G001 B0_direct...
[run 1/3] qwen2.5:7b glom-G001 B1_api_list...
[run 1/3] qwen2.5:7b glom-G001 B2_raw_api_docs...
[run 1/3] qwen2.5:7b glom-G001 B3_oracle_api_sequence...
[run 1/3] qwen2.5:7b glom-G001 B4_gold_pair_rule...
[run 1/3] qwen2.5:7b glom-G002 B0_direct...
[run 1/3] qwen2.5:7b glom-G002 B1_api_list...
[run 1/3] qwen2.5:7b glom-G002 B2_raw_api_docs...
[run 1/3] qwen2.5:7b glom-G002 B3_oracle_api_sequence...
[run 1/3] qwen2.5:7b glom-G002 B4_gold_pair_rule...
[run 1/3] qwen2.5:7b glom-G003 B0_direct...
[run 1/3] qwen2.5:7b glom-G003 B1_api_list...
[run 1/3] qwen2.5:7b glom-G003 B2_raw_api_docs...
[run 1/3] qwen2.5:7b glom-G003 B3_oracle_api_sequence...
[run 1/3] qwen2.5:7b glom-G003 B4_gold_pair_rule...
[run 1/3] qwen2.5:7b glom-G004 B0_direct...
[run 1/3] qwen2.5:7b glom-G004 B1_api_list...
[run 1/3] qwen2.5:7b glom-G004 B2_raw_api_docs...
[run 1/3] qwen2.5:7b glom-G004 B3_oracle_api_sequence...
[run 1/3] qwen2.5:7b glom-G004 B4_gold_pair_rule...
[run 1/3] qwen2.5:7b glom-G005 B0_direct...
[run 1/3] qwen2.5:7b glom-G005 B1_api_list...
[run 1/3] qwen2.5:7b glom-G005 B2_raw_api_docs...
[run 1/3] qwen2.5:7b glom-G005 B3_oracle_api_sequence...
[run 1/3] qwen2.5:7b glom-G005 B4_gold_pair_rule...
[run 1/3] qwen2.5:7b glom-G006 B0_direct...
[run 1/3] qwen2.5:7b glom-G006 B1_api_list...
[run 1/3] qwen2.5:7b glom-G006 B2_raw_api_docs...
[run 1/3] qwen2.5:7b glom-G006 B3_oracle_api_sequence...
[run 1/3] qwen2.5:7b glom-G006 B4_gold_pair_rule...
[run 1/3] qwen2.5:7b glom-G007 B0_direct...
[run 1/3] qwen2.5:7b glom-G007 B1_api_list...
[run 1/3] qwen2.5:7b glom-G007 B2_raw_api_docs...
[run 1/3] qwen2.5:7b glom-G007 B3_oracle_api_sequence...
[run 1/3] qwen2.5:7b glom-G007 B4_gold_pair_rule...
[run 1/3] qwen2.5:7b glom-G008 B0_direct...
[run 1/3] qwen2.5:7b glom-G008 B1_api_list...
[run 1/3] qwen2.5:7b glom-G008 B2_raw_api_docs...
[run 1/3] qwen2.5:7b glom-G008 B3_oracle_api_sequence...
[run 1/3] qwen2.5:7b glom-G008 B4_gold_pair_rule...
[run 1/3] qwen2.5:7b glom-G009 B0_direct...
[run 1/3] qwen2.5:7b glom-G009 B1_api_list...
[run 1/3] qwen2.5:7b glom-G009 B2_raw_api_docs...
[run 1/3] qwen2.5:7b glom-G009 B3_oracle_api_sequence...
[run 1/3] qwen2.5:7b glom-G009 B4_gold_pair_rule...
[run 1/3] qwen2.5:7b glom-G010 B0_direct...
[run 1/3] qwen2.5:7b glom-G010 B1_api_list...
[run 1/3] qwen2.5:7b glom-G010 B2_raw_api_docs...
[run 1/3] qwen2.5:7b glom-G010 B3_oracle_api_sequence...
[run 1/3] qwen2.5:7b glom-G010 B4_gold_pair_rule...
[run 1/3] qwen2.5-coder:7b glom-G001 B0_direct...
[run 1/3] qwen2.5-coder:7b glom-G001 B1_api_list...
[run 1/3] qwen2.5-coder:7b glom-G001 B2_raw_api_docs...
[run 1/3] qwen2.5-coder:7b glom-G001 B3_oracle_api_sequence...
[run 1/3] qwen2.5-coder:7b glom-G001 B4_gold_pair_rule...
[run 1/3] qwen2.5-coder:7b glom-G002 B0_direct...
[run 1/3] qwen2.5-coder:7b glom-G002 B1_api_list...
[run 1/3] qwen2.5-coder:7b glom-G002 B2_raw_api_docs...
[run 1/3] qwen2.5-coder:7b glom-G002 B3_oracle_api_sequence...
[run 1/3] qwen2.5-coder:7b glom-G002 B4_gold_pair_rule...
[run 1/3] qwen2.5-coder:7b glom-G003 B0_direct...
[run 1/3] qwen2.5-coder:7b glom-G003 B1_api_list...
[run 1/3] qwen2.5-coder:7b glom-G003 B2_raw_api_docs...
[run 1/3] qwen2.5-coder:7b glom-G003 B3_oracle_api_sequence...
[run 1/3] qwen2.5-coder:7b glom-G003 B4_gold_pair_rule...
[run 1/3] qwen2.5-coder:7b glom-G004 B0_direct...
[run 1/3] qwen2.5-coder:7b glom-G004 B1_api_list...
[run 1/3] qwen2.5-coder:7b glom-G004 B2_raw_api_docs...
[run 1/3] qwen2.5-coder:7b glom-G004 B3_oracle_api_sequence...
[run 1/3] qwen2.5-coder:7b glom-G004 B4_gold_pair_rule...
[run 1/3] qwen2.5-coder:7b glom-G005 B0_direct...
[run 1/3] qwen2.5-coder:7b glom-G005 B1_api_list...
[run 1/3] qwen2.5-coder:7b glom-G005 B2_raw_api_docs...
[run 1/3] qwen2.5-coder:7b glom-G005 B3_oracle_api_sequence...
[run 1/3] qwen2.5-coder:7b glom-G005 B4_gold_pair_rule...
[run 1/3] qwen2.5-coder:7b glom-G006 B0_direct...
[run 1/3] qwen2.5-coder:7b glom-G006 B1_api_list...
[run 1/3] qwen2.5-coder:7b glom-G006 B2_raw_api_docs...
[run 1/3] qwen2.5-coder:7b glom-G006 B3_oracle_api_sequence...
[run 1/3] qwen2.5-coder:7b glom-G006 B4_gold_pair_rule...
[run 1/3] qwen2.5-coder:7b glom-G007 B0_direct...
[run 1/3] qwen2.5-coder:7b glom-G007 B1_api_list...
[run 1/3] qwen2.5-coder:7b glom-G007 B2_raw_api_docs...
[run 1/3] qwen2.5-coder:7b glom-G007 B3_oracle_api_sequence...
[run 1/3] qwen2.5-coder:7b glom-G007 B4_gold_pair_rule...
[run 1/3] qwen2.5-coder:7b glom-G008 B0_direct...
[run 1/3] qwen2.5-coder:7b glom-G008 B1_api_list...
[run 1/3] qwen2.5-coder:7b glom-G008 B2_raw_api_docs...
[run 1/3] qwen2.5-coder:7b glom-G008 B3_oracle_api_sequence...
[run 1/3] qwen2.5-coder:7b glom-G008 B4_gold_pair_rule...
[run 1/3] qwen2.5-coder:7b glom-G009 B0_direct...
[run 1/3] qwen2.5-coder:7b glom-G009 B1_api_list...
[run 1/3] qwen2.5-coder:7b glom-G009 B2_raw_api_docs...
[run 1/3] qwen2.5-coder:7b glom-G009 B3_oracle_api_sequence...
[run 1/3] qwen2.5-coder:7b glom-G009 B4_gold_pair_rule...
[run 1/3] qwen2.5-coder:7b glom-G010 B0_direct...
[run 1/3] qwen2.5-coder:7b glom-G010 B1_api_list...
[run 1/3] qwen2.5-coder:7b glom-G010 B2_raw_api_docs...
[run 1/3] qwen2.5-coder:7b glom-G010 B3_oracle_api_sequence...
[run 1/3] qwen2.5-coder:7b glom-G010 B4_gold_pair_rule...
[run 1/3] llama3.1:8b glom-G001 B0_direct...
[run 1/3] llama3.1:8b glom-G001 B1_api_list...
[run 1/3] llama3.1:8b glom-G001 B2_raw_api_docs...
[run 1/3] llama3.1:8b glom-G001 B3_oracle_api_sequence...
[run 1/3] llama3.1:8b glom-G001 B4_gold_pair_rule...
[run 1/3] llama3.1:8b glom-G002 B0_direct...
[run 1/3] llama3.1:8b glom-G002 B1_api_list...
[run 1/3] llama3.1:8b glom-G002 B2_raw_api_docs...
[run 1/3] llama3.1:8b glom-G002 B3_oracle_api_sequence...
[run 1/3] llama3.1:8b glom-G002 B4_gold_pair_rule...
[run 1/3] llama3.1:8b glom-G003 B0_direct...
[run 1/3] llama3.1:8b glom-G003 B1_api_list...
[run 1/3] llama3.1:8b glom-G003 B2_raw_api_docs...
[run 1/3] llama3.1:8b glom-G003 B3_oracle_api_sequence...
[run 1/3] llama3.1:8b glom-G003 B4_gold_pair_rule...
[run 1/3] llama3.1:8b glom-G004 B0_direct...
[run 1/3] llama3.1:8b glom-G004 B1_api_list...
[run 1/3] llama3.1:8b glom-G004 B2_raw_api_docs...
[run 1/3] llama3.1:8b glom-G004 B3_oracle_api_sequence...
[run 1/3] llama3.1:8b glom-G004 B4_gold_pair_rule...
[run 1/3] llama3.1:8b glom-G005 B0_direct...
[run 1/3] llama3.1:8b glom-G005 B1_api_list...
[run 1/3] llama3.1:8b glom-G005 B2_raw_api_docs...
[run 1/3] llama3.1:8b glom-G005 B3_oracle_api_sequence...
[run 1/3] llama3.1:8b glom-G005 B4_gold_pair_rule...
[run 1/3] llama3.1:8b glom-G006 B0_direct...
[run 1/3] llama3.1:8b glom-G006 B1_api_list...
[run 1/3] llama3.1:8b glom-G006 B2_raw_api_docs...
[run 1/3] llama3.1:8b glom-G006 B3_oracle_api_sequence...
[run 1/3] llama3.1:8b glom-G006 B4_gold_pair_rule...
[run 1/3] llama3.1:8b glom-G007 B0_direct...
[run 1/3] llama3.1:8b glom-G007 B1_api_list...
[run 1/3] llama3.1:8b glom-G007 B2_raw_api_docs...
[run 1/3] llama3.1:8b glom-G007 B3_oracle_api_sequence...
[run 1/3] llama3.1:8b glom-G007 B4_gold_pair_rule...
[run 1/3] llama3.1:8b glom-G008 B0_direct...
[run 1/3] llama3.1:8b glom-G008 B1_api_list...
[run 1/3] llama3.1:8b glom-G008 B2_raw_api_docs...
[run 1/3] llama3.1:8b glom-G008 B3_oracle_api_sequence...
[run 1/3] llama3.1:8b glom-G008 B4_gold_pair_rule...
[run 1/3] llama3.1:8b glom-G009 B0_direct...
[run 1/3] llama3.1:8b glom-G009 B1_api_list...
[run 1/3] llama3.1:8b glom-G009 B2_raw_api_docs...
[run 1/3] llama3.1:8b glom-G009 B3_oracle_api_sequence...
[run 1/3] llama3.1:8b glom-G009 B4_gold_pair_rule...
[run 1/3] llama3.1:8b glom-G010 B0_direct...
[run 1/3] llama3.1:8b glom-G010 B1_api_list...
[run 1/3] llama3.1:8b glom-G010 B2_raw_api_docs...
[run 1/3] llama3.1:8b glom-G010 B3_oracle_api_sequence...
[run 1/3] llama3.1:8b glom-G010 B4_gold_pair_rule...
[run 1/3] gemma2:9b glom-G001 B0_direct...
[run 1/3] gemma2:9b glom-G001 B1_api_list...
[run 1/3] gemma2:9b glom-G001 B2_raw_api_docs...
[run 1/3] gemma2:9b glom-G001 B3_oracle_api_sequence...
[run 1/3] gemma2:9b glom-G001 B4_gold_pair_rule...
[run 1/3] gemma2:9b glom-G002 B0_direct...
[run 1/3] gemma2:9b glom-G002 B1_api_list...
[run 1/3] gemma2:9b glom-G002 B2_raw_api_docs...
[run 1/3] gemma2:9b glom-G002 B3_oracle_api_sequence...
[run 1/3] gemma2:9b glom-G002 B4_gold_pair_rule...
[run 1/3] gemma2:9b glom-G003 B0_direct...
[run 1/3] gemma2:9b glom-G003 B1_api_list...
[run 1/3] gemma2:9b glom-G003 B2_raw_api_docs...
[run 1/3] gemma2:9b glom-G003 B3_oracle_api_sequence...
[run 1/3] gemma2:9b glom-G003 B4_gold_pair_rule...
[run 1/3] gemma2:9b glom-G004 B0_direct...
[run 1/3] gemma2:9b glom-G004 B1_api_list...
[run 1/3] gemma2:9b glom-G004 B2_raw_api_docs...
[run 1/3] gemma2:9b glom-G004 B3_oracle_api_sequence...
[run 1/3] gemma2:9b glom-G004 B4_gold_pair_rule...
[run 1/3] gemma2:9b glom-G005 B0_direct...
[run 1/3] gemma2:9b glom-G005 B1_api_list...
[run 1/3] gemma2:9b glom-G005 B2_raw_api_docs...
[run 1/3] gemma2:9b glom-G005 B3_oracle_api_sequence...
[run 1/3] gemma2:9b glom-G005 B4_gold_pair_rule...
[run 1/3] gemma2:9b glom-G006 B0_direct...
[run 1/3] gemma2:9b glom-G006 B1_api_list...
[run 1/3] gemma2:9b glom-G006 B2_raw_api_docs...
[run 1/3] gemma2:9b glom-G006 B3_oracle_api_sequence...
[run 1/3] gemma2:9b glom-G006 B4_gold_pair_rule...
[run 1/3] gemma2:9b glom-G007 B0_direct...
[run 1/3] gemma2:9b glom-G007 B1_api_list...
[run 1/3] gemma2:9b glom-G007 B2_raw_api_docs...
[run 1/3] gemma2:9b glom-G007 B3_oracle_api_sequence...
[run 1/3] gemma2:9b glom-G007 B4_gold_pair_rule...
[run 1/3] gemma2:9b glom-G008 B0_direct...
[run 1/3] gemma2:9b glom-G008 B1_api_list...
[run 1/3] gemma2:9b glom-G008 B2_raw_api_docs...
[run 1/3] gemma2:9b glom-G008 B3_oracle_api_sequence...
[run 1/3] gemma2:9b glom-G008 B4_gold_pair_rule...
[run 1/3] gemma2:9b glom-G009 B0_direct...
[run 1/3] gemma2:9b glom-G009 B1_api_list...
[run 1/3] gemma2:9b glom-G009 B2_raw_api_docs...
[run 1/3] gemma2:9b glom-G009 B3_oracle_api_sequence...
[run 1/3] gemma2:9b glom-G009 B4_gold_pair_rule...
[run 1/3] gemma2:9b glom-G010 B0_direct...
[run 1/3] gemma2:9b glom-G010 B1_api_list...
[run 1/3] gemma2:9b glom-G010 B2_raw_api_docs...
[run 1/3] gemma2:9b glom-G010 B3_oracle_api_sequence...
[run 1/3] gemma2:9b glom-G010 B4_gold_pair_rule...
[run 1/3] mistral:7b glom-G001 B0_direct...
[run 1/3] mistral:7b glom-G001 B1_api_list...
[run 1/3] mistral:7b glom-G001 B2_raw_api_docs...
[run 1/3] mistral:7b glom-G001 B3_oracle_api_sequence...
[run 1/3] mistral:7b glom-G001 B4_gold_pair_rule...
[run 1/3] mistral:7b glom-G002 B0_direct...
[run 1/3] mistral:7b glom-G002 B1_api_list...
[run 1/3] mistral:7b glom-G002 B2_raw_api_docs...
[run 1/3] mistral:7b glom-G002 B3_oracle_api_sequence...
[run 1/3] mistral:7b glom-G002 B4_gold_pair_rule...
[run 1/3] mistral:7b glom-G003 B0_direct...
[run 1/3] mistral:7b glom-G003 B1_api_list...
[run 1/3] mistral:7b glom-G003 B2_raw_api_docs...
[run 1/3] mistral:7b glom-G003 B3_oracle_api_sequence...
[run 1/3] mistral:7b glom-G003 B4_gold_pair_rule...
[run 1/3] mistral:7b glom-G004 B0_direct...
[run 1/3] mistral:7b glom-G004 B1_api_list...
[run 1/3] mistral:7b glom-G004 B2_raw_api_docs...
[run 1/3] mistral:7b glom-G004 B3_oracle_api_sequence...
[run 1/3] mistral:7b glom-G004 B4_gold_pair_rule...
[run 1/3] mistral:7b glom-G005 B0_direct...
[run 1/3] mistral:7b glom-G005 B1_api_list...
[run 1/3] mistral:7b glom-G005 B2_raw_api_docs...
[run 1/3] mistral:7b glom-G005 B3_oracle_api_sequence...
[run 1/3] mistral:7b glom-G005 B4_gold_pair_rule...
[run 1/3] mistral:7b glom-G006 B0_direct...
[run 1/3] mistral:7b glom-G006 B1_api_list...
[run 1/3] mistral:7b glom-G006 B2_raw_api_docs...
[run 1/3] mistral:7b glom-G006 B3_oracle_api_sequence...
[run 1/3] mistral:7b glom-G006 B4_gold_pair_rule...
[run 1/3] mistral:7b glom-G007 B0_direct...
[run 1/3] mistral:7b glom-G007 B1_api_list...
[run 1/3] mistral:7b glom-G007 B2_raw_api_docs...
[run 1/3] mistral:7b glom-G007 B3_oracle_api_sequence...
[run 1/3] mistral:7b glom-G007 B4_gold_pair_rule...
[run 1/3] mistral:7b glom-G008 B0_direct...
[run 1/3] mistral:7b glom-G008 B1_api_list...
[run 1/3] mistral:7b glom-G008 B2_raw_api_docs...
[run 1/3] mistral:7b glom-G008 B3_oracle_api_sequence...
[run 1/3] mistral:7b glom-G008 B4_gold_pair_rule...
[run 1/3] mistral:7b glom-G009 B0_direct...
[run 1/3] mistral:7b glom-G009 B1_api_list...
[run 1/3] mistral:7b glom-G009 B2_raw_api_docs...
[run 1/3] mistral:7b glom-G009 B3_oracle_api_sequence...
[run 1/3] mistral:7b glom-G009 B4_gold_pair_rule...
[run 1/3] mistral:7b glom-G010 B0_direct...
[run 1/3] mistral:7b glom-G010 B1_api_list...
[run 1/3] mistral:7b glom-G010 B2_raw_api_docs...
[run 1/3] mistral:7b glom-G010 B3_oracle_api_sequence...
[run 1/3] mistral:7b glom-G010 B4_gold_pair_rule...
[run 2/3] qwen2.5:7b glom-G001 B0_direct...
[run 2/3] qwen2.5:7b glom-G001 B1_api_list...
[run 2/3] qwen2.5:7b glom-G001 B2_raw_api_docs...
[run 2/3] qwen2.5:7b glom-G001 B3_oracle_api_sequence...
[run 2/3] qwen2.5:7b glom-G001 B4_gold_pair_rule...
[run 2/3] qwen2.5:7b glom-G002 B0_direct...
[run 2/3] qwen2.5:7b glom-G002 B1_api_list...
[run 2/3] qwen2.5:7b glom-G002 B2_raw_api_docs...
[run 2/3] qwen2.5:7b glom-G002 B3_oracle_api_sequence...
[run 2/3] qwen2.5:7b glom-G002 B4_gold_pair_rule...
[run 2/3] qwen2.5:7b glom-G003 B0_direct...
[run 2/3] qwen2.5:7b glom-G003 B1_api_list...
[run 2/3] qwen2.5:7b glom-G003 B2_raw_api_docs...
[run 2/3] qwen2.5:7b glom-G003 B3_oracle_api_sequence...
[run 2/3] qwen2.5:7b glom-G003 B4_gold_pair_rule...
[run 2/3] qwen2.5:7b glom-G004 B0_direct...
[run 2/3] qwen2.5:7b glom-G004 B1_api_list...
[run 2/3] qwen2.5:7b glom-G004 B2_raw_api_docs...
[run 2/3] qwen2.5:7b glom-G004 B3_oracle_api_sequence...
[run 2/3] qwen2.5:7b glom-G004 B4_gold_pair_rule...
[run 2/3] qwen2.5:7b glom-G005 B0_direct...
[run 2/3] qwen2.5:7b glom-G005 B1_api_list...
[run 2/3] qwen2.5:7b glom-G005 B2_raw_api_docs...
[run 2/3] qwen2.5:7b glom-G005 B3_oracle_api_sequence...
[run 2/3] qwen2.5:7b glom-G005 B4_gold_pair_rule...
[run 2/3] qwen2.5:7b glom-G006 B0_direct...
[run 2/3] qwen2.5:7b glom-G006 B1_api_list...
[run 2/3] qwen2.5:7b glom-G006 B2_raw_api_docs...
[run 2/3] qwen2.5:7b glom-G006 B3_oracle_api_sequence...
[run 2/3] qwen2.5:7b glom-G006 B4_gold_pair_rule...
[run 2/3] qwen2.5:7b glom-G007 B0_direct...
[run 2/3] qwen2.5:7b glom-G007 B1_api_list...
[run 2/3] qwen2.5:7b glom-G007 B2_raw_api_docs...
[run 2/3] qwen2.5:7b glom-G007 B3_oracle_api_sequence...
[run 2/3] qwen2.5:7b glom-G007 B4_gold_pair_rule...
[run 2/3] qwen2.5:7b glom-G008 B0_direct...
[run 2/3] qwen2.5:7b glom-G008 B1_api_list...
[run 2/3] qwen2.5:7b glom-G008 B2_raw_api_docs...
[run 2/3] qwen2.5:7b glom-G008 B3_oracle_api_sequence...
[run 2/3] qwen2.5:7b glom-G008 B4_gold_pair_rule...
[run 2/3] qwen2.5:7b glom-G009 B0_direct...
[run 2/3] qwen2.5:7b glom-G009 B1_api_list...
[run 2/3] qwen2.5:7b glom-G009 B2_raw_api_docs...
[run 2/3] qwen2.5:7b glom-G009 B3_oracle_api_sequence...
[run 2/3] qwen2.5:7b glom-G009 B4_gold_pair_rule...
[run 2/3] qwen2.5:7b glom-G010 B0_direct...
[run 2/3] qwen2.5:7b glom-G010 B1_api_list...
[run 2/3] qwen2.5:7b glom-G010 B2_raw_api_docs...
[run 2/3] qwen2.5:7b glom-G010 B3_oracle_api_sequence...
[run 2/3] qwen2.5:7b glom-G010 B4_gold_pair_rule...
[run 2/3] qwen2.5-coder:7b glom-G001 B0_direct...
[run 2/3] qwen2.5-coder:7b glom-G001 B1_api_list...
[run 2/3] qwen2.5-coder:7b glom-G001 B2_raw_api_docs...
[run 2/3] qwen2.5-coder:7b glom-G001 B3_oracle_api_sequence...
[run 2/3] qwen2.5-coder:7b glom-G001 B4_gold_pair_rule...
[run 2/3] qwen2.5-coder:7b glom-G002 B0_direct...
[run 2/3] qwen2.5-coder:7b glom-G002 B1_api_list...
[run 2/3] qwen2.5-coder:7b glom-G002 B2_raw_api_docs...
[run 2/3] qwen2.5-coder:7b glom-G002 B3_oracle_api_sequence...
[run 2/3] qwen2.5-coder:7b glom-G002 B4_gold_pair_rule...
[run 2/3] qwen2.5-coder:7b glom-G003 B0_direct...
[run 2/3] qwen2.5-coder:7b glom-G003 B1_api_list...
[run 2/3] qwen2.5-coder:7b glom-G003 B2_raw_api_docs...
[run 2/3] qwen2.5-coder:7b glom-G003 B3_oracle_api_sequence...
[run 2/3] qwen2.5-coder:7b glom-G003 B4_gold_pair_rule...
[run 2/3] qwen2.5-coder:7b glom-G004 B0_direct...
[run 2/3] qwen2.5-coder:7b glom-G004 B1_api_list...
[run 2/3] qwen2.5-coder:7b glom-G004 B2_raw_api_docs...
[run 2/3] qwen2.5-coder:7b glom-G004 B3_oracle_api_sequence...
[run 2/3] qwen2.5-coder:7b glom-G004 B4_gold_pair_rule...
[run 2/3] qwen2.5-coder:7b glom-G005 B0_direct...
[run 2/3] qwen2.5-coder:7b glom-G005 B1_api_list...
[run 2/3] qwen2.5-coder:7b glom-G005 B2_raw_api_docs...
[run 2/3] qwen2.5-coder:7b glom-G005 B3_oracle_api_sequence...
[run 2/3] qwen2.5-coder:7b glom-G005 B4_gold_pair_rule...
[run 2/3] qwen2.5-coder:7b glom-G006 B0_direct...
[run 2/3] qwen2.5-coder:7b glom-G006 B1_api_list...
[run 2/3] qwen2.5-coder:7b glom-G006 B2_raw_api_docs...
[run 2/3] qwen2.5-coder:7b glom-G006 B3_oracle_api_sequence...
[run 2/3] qwen2.5-coder:7b glom-G006 B4_gold_pair_rule...
[run 2/3] qwen2.5-coder:7b glom-G007 B0_direct...
[run 2/3] qwen2.5-coder:7b glom-G007 B1_api_list...
[run 2/3] qwen2.5-coder:7b glom-G007 B2_raw_api_docs...
[run 2/3] qwen2.5-coder:7b glom-G007 B3_oracle_api_sequence...
[run 2/3] qwen2.5-coder:7b glom-G007 B4_gold_pair_rule...
[run 2/3] qwen2.5-coder:7b glom-G008 B0_direct...
[run 2/3] qwen2.5-coder:7b glom-G008 B1_api_list...
[run 2/3] qwen2.5-coder:7b glom-G008 B2_raw_api_docs...
[run 2/3] qwen2.5-coder:7b glom-G008 B3_oracle_api_sequence...
[run 2/3] qwen2.5-coder:7b glom-G008 B4_gold_pair_rule...
[run 2/3] qwen2.5-coder:7b glom-G009 B0_direct...
[run 2/3] qwen2.5-coder:7b glom-G009 B1_api_list...
[run 2/3] qwen2.5-coder:7b glom-G009 B2_raw_api_docs...
[run 2/3] qwen2.5-coder:7b glom-G009 B3_oracle_api_sequence...
[run 2/3] qwen2.5-coder:7b glom-G009 B4_gold_pair_rule...
[run 2/3] qwen2.5-coder:7b glom-G010 B0_direct...
[run 2/3] qwen2.5-coder:7b glom-G010 B1_api_list...
[run 2/3] qwen2.5-coder:7b glom-G010 B2_raw_api_docs...
[run 2/3] qwen2.5-coder:7b glom-G010 B3_oracle_api_sequence...
[run 2/3] qwen2.5-coder:7b glom-G010 B4_gold_pair_rule...
[run 2/3] llama3.1:8b glom-G001 B0_direct...
[run 2/3] llama3.1:8b glom-G001 B1_api_list...
[run 2/3] llama3.1:8b glom-G001 B2_raw_api_docs...
[run 2/3] llama3.1:8b glom-G001 B3_oracle_api_sequence...
[run 2/3] llama3.1:8b glom-G001 B4_gold_pair_rule...
[run 2/3] llama3.1:8b glom-G002 B0_direct...
[run 2/3] llama3.1:8b glom-G002 B1_api_list...
[run 2/3] llama3.1:8b glom-G002 B2_raw_api_docs...
[run 2/3] llama3.1:8b glom-G002 B3_oracle_api_sequence...
[run 2/3] llama3.1:8b glom-G002 B4_gold_pair_rule...
[run 2/3] llama3.1:8b glom-G003 B0_direct...
[run 2/3] llama3.1:8b glom-G003 B1_api_list...
[run 2/3] llama3.1:8b glom-G003 B2_raw_api_docs...
[run 2/3] llama3.1:8b glom-G003 B3_oracle_api_sequence...
[run 2/3] llama3.1:8b glom-G003 B4_gold_pair_rule...
[run 2/3] llama3.1:8b glom-G004 B0_direct...
[run 2/3] llama3.1:8b glom-G004 B1_api_list...
[run 2/3] llama3.1:8b glom-G004 B2_raw_api_docs...
[run 2/3] llama3.1:8b glom-G004 B3_oracle_api_sequence...
[run 2/3] llama3.1:8b glom-G004 B4_gold_pair_rule...
[run 2/3] llama3.1:8b glom-G005 B0_direct...
[run 2/3] llama3.1:8b glom-G005 B1_api_list...
[run 2/3] llama3.1:8b glom-G005 B2_raw_api_docs...
[run 2/3] llama3.1:8b glom-G005 B3_oracle_api_sequence...
[run 2/3] llama3.1:8b glom-G005 B4_gold_pair_rule...
[run 2/3] llama3.1:8b glom-G006 B0_direct...
[run 2/3] llama3.1:8b glom-G006 B1_api_list...
[run 2/3] llama3.1:8b glom-G006 B2_raw_api_docs...
[run 2/3] llama3.1:8b glom-G006 B3_oracle_api_sequence...
[run 2/3] llama3.1:8b glom-G006 B4_gold_pair_rule...
[run 2/3] llama3.1:8b glom-G007 B0_direct...
[run 2/3] llama3.1:8b glom-G007 B1_api_list...
[run 2/3] llama3.1:8b glom-G007 B2_raw_api_docs...
[run 2/3] llama3.1:8b glom-G007 B3_oracle_api_sequence...
[run 2/3] llama3.1:8b glom-G007 B4_gold_pair_rule...
[run 2/3] llama3.1:8b glom-G008 B0_direct...
[run 2/3] llama3.1:8b glom-G008 B1_api_list...
[run 2/3] llama3.1:8b glom-G008 B2_raw_api_docs...
[run 2/3] llama3.1:8b glom-G008 B3_oracle_api_sequence...
[run 2/3] llama3.1:8b glom-G008 B4_gold_pair_rule...
[run 2/3] llama3.1:8b glom-G009 B0_direct...
[run 2/3] llama3.1:8b glom-G009 B1_api_list...
[run 2/3] llama3.1:8b glom-G009 B2_raw_api_docs...
[run 2/3] llama3.1:8b glom-G009 B3_oracle_api_sequence...
[run 2/3] llama3.1:8b glom-G009 B4_gold_pair_rule...
[run 2/3] llama3.1:8b glom-G010 B0_direct...
[run 2/3] llama3.1:8b glom-G010 B1_api_list...
[run 2/3] llama3.1:8b glom-G010 B2_raw_api_docs...
[run 2/3] llama3.1:8b glom-G010 B3_oracle_api_sequence...
[run 2/3] llama3.1:8b glom-G010 B4_gold_pair_rule...
[run 2/3] gemma2:9b glom-G001 B0_direct...
[run 2/3] gemma2:9b glom-G001 B1_api_list...
[run 2/3] gemma2:9b glom-G001 B2_raw_api_docs...
[run 2/3] gemma2:9b glom-G001 B3_oracle_api_sequence...
[run 2/3] gemma2:9b glom-G001 B4_gold_pair_rule...
[run 2/3] gemma2:9b glom-G002 B0_direct...
[run 2/3] gemma2:9b glom-G002 B1_api_list...
[run 2/3] gemma2:9b glom-G002 B2_raw_api_docs...
[run 2/3] gemma2:9b glom-G002 B3_oracle_api_sequence...
[run 2/3] gemma2:9b glom-G002 B4_gold_pair_rule...
[run 2/3] gemma2:9b glom-G003 B0_direct...
[run 2/3] gemma2:9b glom-G003 B1_api_list...
[run 2/3] gemma2:9b glom-G003 B2_raw_api_docs...
[run 2/3] gemma2:9b glom-G003 B3_oracle_api_sequence...
[run 2/3] gemma2:9b glom-G003 B4_gold_pair_rule...
[run 2/3] gemma2:9b glom-G004 B0_direct...
[run 2/3] gemma2:9b glom-G004 B1_api_list...
[run 2/3] gemma2:9b glom-G004 B2_raw_api_docs...
[run 2/3] gemma2:9b glom-G004 B3_oracle_api_sequence...
[run 2/3] gemma2:9b glom-G004 B4_gold_pair_rule...
[run 2/3] gemma2:9b glom-G005 B0_direct...
[run 2/3] gemma2:9b glom-G005 B1_api_list...
[run 2/3] gemma2:9b glom-G005 B2_raw_api_docs...
[run 2/3] gemma2:9b glom-G005 B3_oracle_api_sequence...
[run 2/3] gemma2:9b glom-G005 B4_gold_pair_rule...
[run 2/3] gemma2:9b glom-G006 B0_direct...
[run 2/3] gemma2:9b glom-G006 B1_api_list...
[run 2/3] gemma2:9b glom-G006 B2_raw_api_docs...
[run 2/3] gemma2:9b glom-G006 B3_oracle_api_sequence...
[run 2/3] gemma2:9b glom-G006 B4_gold_pair_rule...
[run 2/3] gemma2:9b glom-G007 B0_direct...
[run 2/3] gemma2:9b glom-G007 B1_api_list...
[run 2/3] gemma2:9b glom-G007 B2_raw_api_docs...
[run 2/3] gemma2:9b glom-G007 B3_oracle_api_sequence...
[run 2/3] gemma2:9b glom-G007 B4_gold_pair_rule...
[run 2/3] gemma2:9b glom-G008 B0_direct...
[run 2/3] gemma2:9b glom-G008 B1_api_list...
[run 2/3] gemma2:9b glom-G008 B2_raw_api_docs...
[run 2/3] gemma2:9b glom-G008 B3_oracle_api_sequence...
[run 2/3] gemma2:9b glom-G008 B4_gold_pair_rule...
[run 2/3] gemma2:9b glom-G009 B0_direct...
[run 2/3] gemma2:9b glom-G009 B1_api_list...
[run 2/3] gemma2:9b glom-G009 B2_raw_api_docs...
[run 2/3] gemma2:9b glom-G009 B3_oracle_api_sequence...
[run 2/3] gemma2:9b glom-G009 B4_gold_pair_rule...
[run 2/3] gemma2:9b glom-G010 B0_direct...
[run 2/3] gemma2:9b glom-G010 B1_api_list...
[run 2/3] gemma2:9b glom-G010 B2_raw_api_docs...
[run 2/3] gemma2:9b glom-G010 B3_oracle_api_sequence...
[run 2/3] gemma2:9b glom-G010 B4_gold_pair_rule...
[run 2/3] mistral:7b glom-G001 B0_direct...
[run 2/3] mistral:7b glom-G001 B1_api_list...
[run 2/3] mistral:7b glom-G001 B2_raw_api_docs...
[run 2/3] mistral:7b glom-G001 B3_oracle_api_sequence...
[run 2/3] mistral:7b glom-G001 B4_gold_pair_rule...
[run 2/3] mistral:7b glom-G002 B0_direct...
[run 2/3] mistral:7b glom-G002 B1_api_list...
[run 2/3] mistral:7b glom-G002 B2_raw_api_docs...
[run 2/3] mistral:7b glom-G002 B3_oracle_api_sequence...
[run 2/3] mistral:7b glom-G002 B4_gold_pair_rule...
[run 2/3] mistral:7b glom-G003 B0_direct...
[run 2/3] mistral:7b glom-G003 B1_api_list...
[run 2/3] mistral:7b glom-G003 B2_raw_api_docs...
[run 2/3] mistral:7b glom-G003 B3_oracle_api_sequence...
[run 2/3] mistral:7b glom-G003 B4_gold_pair_rule...
[run 2/3] mistral:7b glom-G004 B0_direct...
[run 2/3] mistral:7b glom-G004 B1_api_list...
[run 2/3] mistral:7b glom-G004 B2_raw_api_docs...
[run 2/3] mistral:7b glom-G004 B3_oracle_api_sequence...
[run 2/3] mistral:7b glom-G004 B4_gold_pair_rule...
[run 2/3] mistral:7b glom-G005 B0_direct...
[run 2/3] mistral:7b glom-G005 B1_api_list...
[run 2/3] mistral:7b glom-G005 B2_raw_api_docs...
[run 2/3] mistral:7b glom-G005 B3_oracle_api_sequence...
[run 2/3] mistral:7b glom-G005 B4_gold_pair_rule...
[run 2/3] mistral:7b glom-G006 B0_direct...
[run 2/3] mistral:7b glom-G006 B1_api_list...
[run 2/3] mistral:7b glom-G006 B2_raw_api_docs...
[run 2/3] mistral:7b glom-G006 B3_oracle_api_sequence...
[run 2/3] mistral:7b glom-G006 B4_gold_pair_rule...
[run 2/3] mistral:7b glom-G007 B0_direct...
[run 2/3] mistral:7b glom-G007 B1_api_list...
[run 2/3] mistral:7b glom-G007 B2_raw_api_docs...
[run 2/3] mistral:7b glom-G007 B3_oracle_api_sequence...
[run 2/3] mistral:7b glom-G007 B4_gold_pair_rule...
[run 2/3] mistral:7b glom-G008 B0_direct...
[run 2/3] mistral:7b glom-G008 B1_api_list...
[run 2/3] mistral:7b glom-G008 B2_raw_api_docs...
[run 2/3] mistral:7b glom-G008 B3_oracle_api_sequence...
[run 2/3] mistral:7b glom-G008 B4_gold_pair_rule...
[run 2/3] mistral:7b glom-G009 B0_direct...
[run 2/3] mistral:7b glom-G009 B1_api_list...
[run 2/3] mistral:7b glom-G009 B2_raw_api_docs...
[run 2/3] mistral:7b glom-G009 B3_oracle_api_sequence...
[run 2/3] mistral:7b glom-G009 B4_gold_pair_rule...
[run 2/3] mistral:7b glom-G010 B0_direct...
[run 2/3] mistral:7b glom-G010 B1_api_list...
[run 2/3] mistral:7b glom-G010 B2_raw_api_docs...
[run 2/3] mistral:7b glom-G010 B3_oracle_api_sequence...
[run 2/3] mistral:7b glom-G010 B4_gold_pair_rule...
[run 3/3] qwen2.5:7b glom-G001 B0_direct...
[run 3/3] qwen2.5:7b glom-G001 B1_api_list...
[run 3/3] qwen2.5:7b glom-G001 B2_raw_api_docs...
[run 3/3] qwen2.5:7b glom-G001 B3_oracle_api_sequence...
[run 3/3] qwen2.5:7b glom-G001 B4_gold_pair_rule...
[run 3/3] qwen2.5:7b glom-G002 B0_direct...
[run 3/3] qwen2.5:7b glom-G002 B1_api_list...
[run 3/3] qwen2.5:7b glom-G002 B2_raw_api_docs...
[run 3/3] qwen2.5:7b glom-G002 B3_oracle_api_sequence...
[run 3/3] qwen2.5:7b glom-G002 B4_gold_pair_rule...
[run 3/3] qwen2.5:7b glom-G003 B0_direct...
[run 3/3] qwen2.5:7b glom-G003 B1_api_list...
[run 3/3] qwen2.5:7b glom-G003 B2_raw_api_docs...
[run 3/3] qwen2.5:7b glom-G003 B3_oracle_api_sequence...
[run 3/3] qwen2.5:7b glom-G003 B4_gold_pair_rule...
[run 3/3] qwen2.5:7b glom-G004 B0_direct...
[run 3/3] qwen2.5:7b glom-G004 B1_api_list...
[run 3/3] qwen2.5:7b glom-G004 B2_raw_api_docs...
[run 3/3] qwen2.5:7b glom-G004 B3_oracle_api_sequence...
[run 3/3] qwen2.5:7b glom-G004 B4_gold_pair_rule...
[run 3/3] qwen2.5:7b glom-G005 B0_direct...
[run 3/3] qwen2.5:7b glom-G005 B1_api_list...
[run 3/3] qwen2.5:7b glom-G005 B2_raw_api_docs...
[run 3/3] qwen2.5:7b glom-G005 B3_oracle_api_sequence...
[run 3/3] qwen2.5:7b glom-G005 B4_gold_pair_rule...
[run 3/3] qwen2.5:7b glom-G006 B0_direct...
[run 3/3] qwen2.5:7b glom-G006 B1_api_list...
[run 3/3] qwen2.5:7b glom-G006 B2_raw_api_docs...
[run 3/3] qwen2.5:7b glom-G006 B3_oracle_api_sequence...
[run 3/3] qwen2.5:7b glom-G006 B4_gold_pair_rule...
[run 3/3] qwen2.5:7b glom-G007 B0_direct...
[run 3/3] qwen2.5:7b glom-G007 B1_api_list...
[run 3/3] qwen2.5:7b glom-G007 B2_raw_api_docs...
[run 3/3] qwen2.5:7b glom-G007 B3_oracle_api_sequence...
[run 3/3] qwen2.5:7b glom-G007 B4_gold_pair_rule...
[run 3/3] qwen2.5:7b glom-G008 B0_direct...
[run 3/3] qwen2.5:7b glom-G008 B1_api_list...
[run 3/3] qwen2.5:7b glom-G008 B2_raw_api_docs...
[run 3/3] qwen2.5:7b glom-G008 B3_oracle_api_sequence...
[run 3/3] qwen2.5:7b glom-G008 B4_gold_pair_rule...
[run 3/3] qwen2.5:7b glom-G009 B0_direct...
[run 3/3] qwen2.5:7b glom-G009 B1_api_list...
[run 3/3] qwen2.5:7b glom-G009 B2_raw_api_docs...
[run 3/3] qwen2.5:7b glom-G009 B3_oracle_api_sequence...
[run 3/3] qwen2.5:7b glom-G009 B4_gold_pair_rule...
[run 3/3] qwen2.5:7b glom-G010 B0_direct...
[run 3/3] qwen2.5:7b glom-G010 B1_api_list...
[run 3/3] qwen2.5:7b glom-G010 B2_raw_api_docs...
[run 3/3] qwen2.5:7b glom-G010 B3_oracle_api_sequence...
[run 3/3] qwen2.5:7b glom-G010 B4_gold_pair_rule...
[run 3/3] qwen2.5-coder:7b glom-G001 B0_direct...
[run 3/3] qwen2.5-coder:7b glom-G001 B1_api_list...
[run 3/3] qwen2.5-coder:7b glom-G001 B2_raw_api_docs...
[run 3/3] qwen2.5-coder:7b glom-G001 B3_oracle_api_sequence...
[run 3/3] qwen2.5-coder:7b glom-G001 B4_gold_pair_rule...
[run 3/3] qwen2.5-coder:7b glom-G002 B0_direct...
[run 3/3] qwen2.5-coder:7b glom-G002 B1_api_list...
[run 3/3] qwen2.5-coder:7b glom-G002 B2_raw_api_docs...
[run 3/3] qwen2.5-coder:7b glom-G002 B3_oracle_api_sequence...
[run 3/3] qwen2.5-coder:7b glom-G002 B4_gold_pair_rule...
[run 3/3] qwen2.5-coder:7b glom-G003 B0_direct...
[run 3/3] qwen2.5-coder:7b glom-G003 B1_api_list...
[run 3/3] qwen2.5-coder:7b glom-G003 B2_raw_api_docs...
[run 3/3] qwen2.5-coder:7b glom-G003 B3_oracle_api_sequence...
[run 3/3] qwen2.5-coder:7b glom-G003 B4_gold_pair_rule...
[run 3/3] qwen2.5-coder:7b glom-G004 B0_direct...
[run 3/3] qwen2.5-coder:7b glom-G004 B1_api_list...
[run 3/3] qwen2.5-coder:7b glom-G004 B2_raw_api_docs...
[run 3/3] qwen2.5-coder:7b glom-G004 B3_oracle_api_sequence...
[run 3/3] qwen2.5-coder:7b glom-G004 B4_gold_pair_rule...
[run 3/3] qwen2.5-coder:7b glom-G005 B0_direct...
[run 3/3] qwen2.5-coder:7b glom-G005 B1_api_list...
[run 3/3] qwen2.5-coder:7b glom-G005 B2_raw_api_docs...
[run 3/3] qwen2.5-coder:7b glom-G005 B3_oracle_api_sequence...
[run 3/3] qwen2.5-coder:7b glom-G005 B4_gold_pair_rule...
[run 3/3] qwen2.5-coder:7b glom-G006 B0_direct...
[run 3/3] qwen2.5-coder:7b glom-G006 B1_api_list...
[run 3/3] qwen2.5-coder:7b glom-G006 B2_raw_api_docs...
[run 3/3] qwen2.5-coder:7b glom-G006 B3_oracle_api_sequence...
[run 3/3] qwen2.5-coder:7b glom-G006 B4_gold_pair_rule...
[run 3/3] qwen2.5-coder:7b glom-G007 B0_direct...
[run 3/3] qwen2.5-coder:7b glom-G007 B1_api_list...
[run 3/3] qwen2.5-coder:7b glom-G007 B2_raw_api_docs...
[run 3/3] qwen2.5-coder:7b glom-G007 B3_oracle_api_sequence...
[run 3/3] qwen2.5-coder:7b glom-G007 B4_gold_pair_rule...
[run 3/3] qwen2.5-coder:7b glom-G008 B0_direct...
[run 3/3] qwen2.5-coder:7b glom-G008 B1_api_list...
[run 3/3] qwen2.5-coder:7b glom-G008 B2_raw_api_docs...
[run 3/3] qwen2.5-coder:7b glom-G008 B3_oracle_api_sequence...
[run 3/3] qwen2.5-coder:7b glom-G008 B4_gold_pair_rule...
[run 3/3] qwen2.5-coder:7b glom-G009 B0_direct...
[run 3/3] qwen2.5-coder:7b glom-G009 B1_api_list...
[run 3/3] qwen2.5-coder:7b glom-G009 B2_raw_api_docs...
[run 3/3] qwen2.5-coder:7b glom-G009 B3_oracle_api_sequence...
[run 3/3] qwen2.5-coder:7b glom-G009 B4_gold_pair_rule...
[run 3/3] qwen2.5-coder:7b glom-G010 B0_direct...
[run 3/3] qwen2.5-coder:7b glom-G010 B1_api_list...
[run 3/3] qwen2.5-coder:7b glom-G010 B2_raw_api_docs...
[run 3/3] qwen2.5-coder:7b glom-G010 B3_oracle_api_sequence...
[run 3/3] qwen2.5-coder:7b glom-G010 B4_gold_pair_rule...
[run 3/3] llama3.1:8b glom-G001 B0_direct...
[run 3/3] llama3.1:8b glom-G001 B1_api_list...
[run 3/3] llama3.1:8b glom-G001 B2_raw_api_docs...
[run 3/3] llama3.1:8b glom-G001 B3_oracle_api_sequence...
[run 3/3] llama3.1:8b glom-G001 B4_gold_pair_rule...
[run 3/3] llama3.1:8b glom-G002 B0_direct...
[run 3/3] llama3.1:8b glom-G002 B1_api_list...
[run 3/3] llama3.1:8b glom-G002 B2_raw_api_docs...
[run 3/3] llama3.1:8b glom-G002 B3_oracle_api_sequence...
[run 3/3] llama3.1:8b glom-G002 B4_gold_pair_rule...
[run 3/3] llama3.1:8b glom-G003 B0_direct...
[run 3/3] llama3.1:8b glom-G003 B1_api_list...
[run 3/3] llama3.1:8b glom-G003 B2_raw_api_docs...
[run 3/3] llama3.1:8b glom-G003 B3_oracle_api_sequence...
[run 3/3] llama3.1:8b glom-G003 B4_gold_pair_rule...
[run 3/3] llama3.1:8b glom-G004 B0_direct...
[run 3/3] llama3.1:8b glom-G004 B1_api_list...
[run 3/3] llama3.1:8b glom-G004 B2_raw_api_docs...
[run 3/3] llama3.1:8b glom-G004 B3_oracle_api_sequence...
[run 3/3] llama3.1:8b glom-G004 B4_gold_pair_rule...
[run 3/3] llama3.1:8b glom-G005 B0_direct...
[run 3/3] llama3.1:8b glom-G005 B1_api_list...
[run 3/3] llama3.1:8b glom-G005 B2_raw_api_docs...
[run 3/3] llama3.1:8b glom-G005 B3_oracle_api_sequence...
[run 3/3] llama3.1:8b glom-G005 B4_gold_pair_rule...
[run 3/3] llama3.1:8b glom-G006 B0_direct...
[run 3/3] llama3.1:8b glom-G006 B1_api_list...
[run 3/3] llama3.1:8b glom-G006 B2_raw_api_docs...
[run 3/3] llama3.1:8b glom-G006 B3_oracle_api_sequence...
[run 3/3] llama3.1:8b glom-G006 B4_gold_pair_rule...
[run 3/3] llama3.1:8b glom-G007 B0_direct...
[run 3/3] llama3.1:8b glom-G007 B1_api_list...
[run 3/3] llama3.1:8b glom-G007 B2_raw_api_docs...
[run 3/3] llama3.1:8b glom-G007 B3_oracle_api_sequence...
[run 3/3] llama3.1:8b glom-G007 B4_gold_pair_rule...
[run 3/3] llama3.1:8b glom-G008 B0_direct...
[run 3/3] llama3.1:8b glom-G008 B1_api_list...
[run 3/3] llama3.1:8b glom-G008 B2_raw_api_docs...
[run 3/3] llama3.1:8b glom-G008 B3_oracle_api_sequence...
[run 3/3] llama3.1:8b glom-G008 B4_gold_pair_rule...
[run 3/3] llama3.1:8b glom-G009 B0_direct...
[run 3/3] llama3.1:8b glom-G009 B1_api_list...
[run 3/3] llama3.1:8b glom-G009 B2_raw_api_docs...
[run 3/3] llama3.1:8b glom-G009 B3_oracle_api_sequence...
[run 3/3] llama3.1:8b glom-G009 B4_gold_pair_rule...
[run 3/3] llama3.1:8b glom-G010 B0_direct...
[run 3/3] llama3.1:8b glom-G010 B1_api_list...
[run 3/3] llama3.1:8b glom-G010 B2_raw_api_docs...
[run 3/3] llama3.1:8b glom-G010 B3_oracle_api_sequence...
[run 3/3] llama3.1:8b glom-G010 B4_gold_pair_rule...
[run 3/3] gemma2:9b glom-G001 B0_direct...
[run 3/3] gemma2:9b glom-G001 B1_api_list...
[run 3/3] gemma2:9b glom-G001 B2_raw_api_docs...
[run 3/3] gemma2:9b glom-G001 B3_oracle_api_sequence...
[run 3/3] gemma2:9b glom-G001 B4_gold_pair_rule...
[run 3/3] gemma2:9b glom-G002 B0_direct...
[run 3/3] gemma2:9b glom-G002 B1_api_list...
[run 3/3] gemma2:9b glom-G002 B2_raw_api_docs...
[run 3/3] gemma2:9b glom-G002 B3_oracle_api_sequence...
[run 3/3] gemma2:9b glom-G002 B4_gold_pair_rule...
[run 3/3] gemma2:9b glom-G003 B0_direct...
[run 3/3] gemma2:9b glom-G003 B1_api_list...
[run 3/3] gemma2:9b glom-G003 B2_raw_api_docs...
[run 3/3] gemma2:9b glom-G003 B3_oracle_api_sequence...
[run 3/3] gemma2:9b glom-G003 B4_gold_pair_rule...
[run 3/3] gemma2:9b glom-G004 B0_direct...
[run 3/3] gemma2:9b glom-G004 B1_api_list...
[run 3/3] gemma2:9b glom-G004 B2_raw_api_docs...
[run 3/3] gemma2:9b glom-G004 B3_oracle_api_sequence...
[run 3/3] gemma2:9b glom-G004 B4_gold_pair_rule...
[run 3/3] gemma2:9b glom-G005 B0_direct...
[run 3/3] gemma2:9b glom-G005 B1_api_list...
[run 3/3] gemma2:9b glom-G005 B2_raw_api_docs...
[run 3/3] gemma2:9b glom-G005 B3_oracle_api_sequence...
[run 3/3] gemma2:9b glom-G005 B4_gold_pair_rule...
[run 3/3] gemma2:9b glom-G006 B0_direct...
[run 3/3] gemma2:9b glom-G006 B1_api_list...
[run 3/3] gemma2:9b glom-G006 B2_raw_api_docs...
[run 3/3] gemma2:9b glom-G006 B3_oracle_api_sequence...
[run 3/3] gemma2:9b glom-G006 B4_gold_pair_rule...
[run 3/3] gemma2:9b glom-G007 B0_direct...
[run 3/3] gemma2:9b glom-G007 B1_api_list...
[run 3/3] gemma2:9b glom-G007 B2_raw_api_docs...
[run 3/3] gemma2:9b glom-G007 B3_oracle_api_sequence...
[run 3/3] gemma2:9b glom-G007 B4_gold_pair_rule...
[run 3/3] gemma2:9b glom-G008 B0_direct...
[run 3/3] gemma2:9b glom-G008 B1_api_list...
[run 3/3] gemma2:9b glom-G008 B2_raw_api_docs...
[run 3/3] gemma2:9b glom-G008 B3_oracle_api_sequence...
[run 3/3] gemma2:9b glom-G008 B4_gold_pair_rule...
[run 3/3] gemma2:9b glom-G009 B0_direct...
[run 3/3] gemma2:9b glom-G009 B1_api_list...
[run 3/3] gemma2:9b glom-G009 B2_raw_api_docs...
[run 3/3] gemma2:9b glom-G009 B3_oracle_api_sequence...
[run 3/3] gemma2:9b glom-G009 B4_gold_pair_rule...
[run 3/3] gemma2:9b glom-G010 B0_direct...
[run 3/3] gemma2:9b glom-G010 B1_api_list...
[run 3/3] gemma2:9b glom-G010 B2_raw_api_docs...
[run 3/3] gemma2:9b glom-G010 B3_oracle_api_sequence...
[run 3/3] gemma2:9b glom-G010 B4_gold_pair_rule...
[run 3/3] mistral:7b glom-G001 B0_direct...
[run 3/3] mistral:7b glom-G001 B1_api_list...
[run 3/3] mistral:7b glom-G001 B2_raw_api_docs...
[run 3/3] mistral:7b glom-G001 B3_oracle_api_sequence...
[run 3/3] mistral:7b glom-G001 B4_gold_pair_rule...
[run 3/3] mistral:7b glom-G002 B0_direct...
[run 3/3] mistral:7b glom-G002 B1_api_list...
[run 3/3] mistral:7b glom-G002 B2_raw_api_docs...
[run 3/3] mistral:7b glom-G002 B3_oracle_api_sequence...
[run 3/3] mistral:7b glom-G002 B4_gold_pair_rule...
[run 3/3] mistral:7b glom-G003 B0_direct...
[run 3/3] mistral:7b glom-G003 B1_api_list...
[run 3/3] mistral:7b glom-G003 B2_raw_api_docs...
[run 3/3] mistral:7b glom-G003 B3_oracle_api_sequence...
[run 3/3] mistral:7b glom-G003 B4_gold_pair_rule...
[run 3/3] mistral:7b glom-G004 B0_direct...
[run 3/3] mistral:7b glom-G004 B1_api_list...
[run 3/3] mistral:7b glom-G004 B2_raw_api_docs...
[run 3/3] mistral:7b glom-G004 B3_oracle_api_sequence...
[run 3/3] mistral:7b glom-G004 B4_gold_pair_rule...
[run 3/3] mistral:7b glom-G005 B0_direct...
[run 3/3] mistral:7b glom-G005 B1_api_list...
[run 3/3] mistral:7b glom-G005 B2_raw_api_docs...
[run 3/3] mistral:7b glom-G005 B3_oracle_api_sequence...
[run 3/3] mistral:7b glom-G005 B4_gold_pair_rule...
[run 3/3] mistral:7b glom-G006 B0_direct...
[run 3/3] mistral:7b glom-G006 B1_api_list...
[run 3/3] mistral:7b glom-G006 B2_raw_api_docs...
[run 3/3] mistral:7b glom-G006 B3_oracle_api_sequence...
[run 3/3] mistral:7b glom-G006 B4_gold_pair_rule...
[run 3/3] mistral:7b glom-G007 B0_direct...
[run 3/3] mistral:7b glom-G007 B1_api_list...
[run 3/3] mistral:7b glom-G007 B2_raw_api_docs...
[run 3/3] mistral:7b glom-G007 B3_oracle_api_sequence...
[run 3/3] mistral:7b glom-G007 B4_gold_pair_rule...
[run 3/3] mistral:7b glom-G008 B0_direct...
[run 3/3] mistral:7b glom-G008 B1_api_list...
[run 3/3] mistral:7b glom-G008 B2_raw_api_docs...
[run 3/3] mistral:7b glom-G008 B3_oracle_api_sequence...
[run 3/3] mistral:7b glom-G008 B4_gold_pair_rule...
[run 3/3] mistral:7b glom-G009 B0_direct...
[run 3/3] mistral:7b glom-G009 B1_api_list...
[run 3/3] mistral:7b glom-G009 B2_raw_api_docs...
[run 3/3] mistral:7b glom-G009 B3_oracle_api_sequence...
[run 3/3] mistral:7b glom-G009 B4_gold_pair_rule...
[run 3/3] mistral:7b glom-G010 B0_direct...
[run 3/3] mistral:7b glom-G010 B1_api_list...
[run 3/3] mistral:7b glom-G010 B2_raw_api_docs...
[run 3/3] mistral:7b glom-G010 B3_oracle_api_sequence...
[run 3/3] mistral:7b glom-G010 B4_gold_pair_rule...

Done. Generations in C:\Users\Tzx25\Documents\Codex\2026-06-15\pyluvtan-pair-coder-git-https-github\Ollama问题存在性实验\result\glom_5model. Judge with:
  python3 benchlib_eval.py --result-dir C:\Users\Tzx25\Documents\Codex\2026-06-15\pyluvtan-pair-coder-git-https-github\Ollama问题存在性实验\result\glom_5model
--- [3/3] execution-oracle eval ---
== anchor suite for glom (oracle trustworthiness gate) ==
  [ok ] glom-G001  canonical_path           expected=PASS                         got=PASS
  [ok ] glom-G001  violation_literal_key    expected=FAIL(runtime_error)          got=FAIL(runtime_error)
  [ok ] glom-G002  canonical_chain          expected=PASS                         got=PASS
  [ok ] glom-G002  violation_no_transform   expected=FAIL(wrong_output_structure) got=FAIL(wrong_output_structure)
  [ok ] glom-G003  canonical_list_spec      expected=PASS                         got=PASS
  [ok ] glom-G003  violation_no_list        expected=FAIL(runtime_error)          got=FAIL(runtime_error)
  [ok ] glom-G004  canonical_dict_spec      expected=PASS                         got=PASS
  [ok ] glom-G004  violation_scalar         expected=FAIL(wrong_output_structure) got=FAIL(wrong_output_structure)
  [ok ] glom-G005  canonical_default        expected=PASS                         got=PASS
  [ok ] glom-G005  violation_no_default     expected=FAIL(runtime_error)          got=FAIL(runtime_error)
  [ok ] glom-G006  canonical_coalesce       expected=PASS                         got=PASS
  [ok ] glom-G006  violation_primary_only   expected=FAIL(runtime_error)          got=FAIL(runtime_error)
  [ok ] glom-G007  canonical_assign_same    expected=PASS                         got=PASS
  [ok ] glom-G007  violation_copy           expected=FAIL(wrong_output)           got=FAIL(wrong_output)
  [ok ] glom-G008  canonical_return_target  expected=PASS                         got=PASS
  [ok ] glom-G008  violation_return_copy    expected=FAIL(wrong_output)           got=FAIL(wrong_output)
  [ok ] glom-G009  canonical_index_path     expected=PASS                         got=PASS
  [ok ] glom-G009  violation_no_index       expected=FAIL(runtime_error)          got=FAIL(runtime_error)
  [ok ] glom-G010  canonical_dict_spec      expected=PASS                         got=PASS
  [ok ] glom-G010  violation_scalar         expected=FAIL(wrong_output_structure) got=FAIL(wrong_output_structure)
  -> 20/20 anchor cases behave as documented

== evaluating generations ==
  wrote C:\Users\Tzx25\Documents\Codex\2026-06-15\pyluvtan-pair-coder-git-https-github\Ollama问题存在性实验\result\glom_5model\exec_eval\exec_results.csv (750 rows)
  wrote C:\Users\Tzx25\Documents\Codex\2026-06-15\pyluvtan-pair-coder-git-https-github\Ollama问题存在性实验\result\glom_5model\exec_eval\exec_summary.md
# Execution-oracle summary: glom

- Models: qwen2.5:7b, qwen2.5-coder:7b, llama3.1:8b, gemma2:9b, mistral:7b
- Tasks: 10; runs/condition: 3
- Pass rate = task-level majority vote across runs, averaged over models.

## Pass rate by method

| Method | pass | total | rate |
|---|---:|---:|---:|
| B0_direct | 5 | 50 | 0.10 |
| B1_api_list | 20 | 50 | 0.40 |
| B2_raw_api_docs | 9 | 50 | 0.18 |
| B3_oracle_api_sequence | 36 | 50 | 0.72 |
| B4_gold_pair_rule | 35 | 50 | 0.70 |

## Pass rate by method x pair_type

| Method | config-return-contract | param-dependency | return-flow | shared-receiver |
|---|---:|---:|---:|---:|
| B0_direct | 0.00 | 0.20 | 0.20 | 0.00 |
| B1_api_list | 0.33 | 0.30 | 0.53 | 0.40 |
| B2_raw_api_docs | 0.27 | 0.10 | 0.27 | 0.00 |
| B3_oracle_api_sequence | 1.00 | 0.70 | 0.67 | 0.40 |
| B4_gold_pair_rule | 0.73 | 0.50 | 0.73 | 0.80 |

## Pass rate by method x difficulty

| Method | easy | medium | hard |
|---|---:|---:|---:|
| B0_direct | 0.20 | 0.07 | - |
| B1_api_list | 0.50 | 0.38 | - |
| B2_raw_api_docs | 0.00 | 0.23 | - |
| B3_oracle_api_sequence | 0.70 | 0.72 | - |
| B4_gold_pair_rule | 0.90 | 0.65 | - |

==================================================
 Done. Per-lib summaries: <result>/exec_eval/exec_summary.md
 Visualize all libs with:  python visualize_exec.py or visualize_results.py
==================================================
